koi_disposition,koi_period,koi_time0bk,koi_duration,koi_depth,koi_prad,koi_model_snr,koi_steff,koi_srad,koi_kepmag
CONFIRMED,9.48803557,170.53875,2.9575,6.16E+02,2.26,35.8,5455,0.927,15.347
CONFIRMED,54.4183827,162.51384,4.507,8.75E+02,2.83,25.8,5455,0.927,15.347
CANDIDATE,19.89913995,175.850252,1.7822,1.08E+04,14.6,76.3,5853,0.868,15.436
FALSE POSITIVE,1.736952453,170.307565,2.40641,8.08E+03,33.46,505.6,5805,0.791,15.597
CONFIRMED,2.525591777,171.59555,1.6545,6.03E+02,2.75,40.9,6031,1.046,15.509
CONFIRMED,11.09432054,171.20116,4.5945,1.52E+03,3.9,66.5,6046,0.972,15.714
CONFIRMED,4.13443512,172.97937,3.1402,6.86E+02,2.77,40.2,6046,0.972,15.714
CONFIRMED,2.56658897,179.55437,2.429,2.27E+02,1.59,15,6046,0.972,15.714
FALSE POSITIVE,7.36178958,132.25053,5.022,2.34E+02,39.21,47.7,6227,1.958,12.66
CONFIRMED,16.06864674,173.621937,3.5347,4.91E+03,5.76,161.9,5031,0.848,15.841
CONFIRMED,2.470613377,122.763305,1.74319,1.42E+04,13.04,4304.3,5820,0.964,11.338
CONFIRMED,2.204735417,121.3585417,3.88864,6.67E+03,16.1,5945.9,6440,1.952,10.463
CONFIRMED,3.522498429,121.1194228,3.19843,9.15E+03,14.59,1741.5,6225,1.451,13.563
CONFIRMED,3.709214104,133.98318,2.6302,1.31E+02,1.16,50.6,5833,1.022,12.772
FALSE POSITIVE,11.52144606,170.839688,3.6399,1.80E+04,150.51,622.1,5795,0.848,15.472
FALSE POSITIVE,19.40393776,172.484253,12.2155,8.92E+03,7.18,214.7,5043,0.68,15.487
FALSE POSITIVE,19.22138894,184.5521637,4.79843,7.43E+04,49.29,2317,6117,0.947,15.341
FALSE POSITIVE,16.46983774,180.881761,9.4378,1.05E+04,7.94,303.4,5152,0.786,15.788
CONFIRMED,9.27358173,173.258155,3.2875,1.29E+03,2.47,87.2,4856,0.696,15.302
CONFIRMED,6.02930329,171.602959,1.5821,1.91E+03,2.85,65.4,4537,0.672,15.784
FALSE POSITIVE,2.696370652,170.73769,3.6129,3.98E+02,1.58,48.2,4989,0.819,15.269
CONFIRMED,5.349553819,171.80694,3.0278,8.31E+02,2.55,60.6,5185,0.91,15.416
CONFIRMED,3.94105221,136.08662,2.5984,3.63E+02,1.7,28.9,5185,0.91,15.416
CONFIRMED,8.10904807,132.8031,3.596,2.17E+02,1.3,14.1,5185,0.91,15.416
FALSE POSITIVE,386.6030528,166.342079,6.8057,2.49E+04,41.5,994,5543,1.58,12.394
CONFIRMED,21.67699193,171.53594,3.4555,8.57E+02,2.95,34.3,4954,0.828,15.377
CONFIRMED,4.99677968,171.74208,2.1717,9.35E+02,2.78,28.2,5339,0.847,15.861
CONFIRMED,4.280963604,171.89659,2.875,7.51E+02,2.3,61.8,5644,0.831,15.356
FALSE POSITIVE,1.50635409,170.998064,1.5155,2.21E+03,4.53,181.1,5714,0.831,15.525
FALSE POSITIVE,670.645531,209.04355,53.412,1.81E+04,14.14,642.7,5520,0.983,15.207
FALSE POSITIVE,61.2563628,173.83826,7.633,5.12E+03,39.87,85.3,6144,1.091,15.25
CONFIRMED,38.3775486,172.82048,5.588,7.24E+02,2.82,34.7,5481,1.036,15.172
CONFIRMED,41.19725502,165.00404,4.6297,2.21E+03,3.86,51.2,5031,0.848,15.841
CONFIRMED,6.252962249,171.30126,2.5819,1.04E+03,2.65,47.1,5031,0.848,15.841
CONFIRMED,16.01308419,176.3608,3.2554,1.12E+03,3.1,33.2,5015,0.826,15.39
CONFIRMED,32.62876672,194.1019,4.7971,1.80E+03,3.36,80,5586,0.798,15.082
CONFIRMED,91.7732862,193.8378,6.473,6.52E+02,2.12,19.1,5586,0.798,15.082
CONFIRMED,4.959319244,172.2585292,2.22739,9.80E+03,12.21,696.5,5712,1.082,15.263
FALSE POSITIVE,2.701287801,170.69579,3.3827,8.60E+02,6.54,48.3,5550,0.91,15.54
CONFIRMED,4.49876511,171.34905,3.7362,4.60E+02,2.1,29.5,6075,0.969,15.395
FALSE POSITIVE,19.65120951,179.401981,5.2514,1.18E+04,12.42,513.4,6074,1.063,15.536
CONFIRMED,5.412203927,133.143089,2.9472,6.02E+02,2.94,166.7,5779,1.087,12.791
CONFIRMED,41.43958662,208.93203,10.5989,2.79E+03,5.5,141.1,5468,1.046,15.4
CONFIRMED,8.35389523,171.63257,2.2514,1.04E+03,2.52,43.4,5592,0.787,15.317
CONFIRMED,4.125543472,169.752585,3.1744,1.49E+03,4.43,128.6,6174,1.103,15.506
CONFIRMED,2.816504904,170.9676846,2.50587,1.68E+04,12.21,1406.8,5532,0.955,15.052
FALSE POSITIVE,33.93373447,186.67608,14.561,8.50E+03,7.34,236.1,5040,0.705,15.716
CONFIRMED,3.689920099,170.36571,2.6557,4.27E+02,1.89,35.6,5880,0.917,15.242
CONFIRMED,4.431238488,171.015,3.15,1.01E+03,3.25,71.1,5714,1.015,15.367
CONFIRMED,11.37936986,133.84992,2.6255,1.02E+03,3.95,37.9,5714,1.015,15.367
CONFIRMED,26.39432897,176.05459,3.573,1.51E+03,3.07,48.2,5129,0.763,15.234
CONFIRMED,13.57078281,136.279194,3.3539,5.12E+02,2.64,88.4,5854,1.012,12.882
CONFIRMED,7.12594387,139.00492,3.0014,1.92E+02,1.79,47.1,5779,1.087,12.791
FALSE POSITIVE,7.442652004,169.9717797,2.3078,2.44E+04,15.03,835.6,6108,0.956,15.27
CONFIRMED,16.38489988,172.72782,3.0249,1.13E+03,2,28.9,4126,0.615,15.095
CONFIRMED,7.8774163,176.3759,2.0805,1.31E+03,2.16,38.7,4126,0.615,15.095
CONFIRMED,36.4454001,151.60125,4.007,1.12E+03,1.99,21.7,4126,0.615,15.095
CONFIRMED,3.728732147,171.793255,2.683,5.23E+03,6.02,345.2,5497,0.809,15.523
CANDIDATE,40.4195037,173.56469,3.362,6.26E+03,7.51,36.9,5446,0.781,15.487
CONFIRMED,2.243380573,170.679233,1.1196,8.22E+02,1.99,38.9,4149,0.564,15.135
FALSE POSITIVE,10.40599802,177.197466,6.5036,1.45E+04,11.23,745.2,5746,0.924,15.562
CONFIRMED,2.337437946,171.761982,1.9982,9.71E+02,2.34,82.4,5005,0.765,15.334
CANDIDATE,7.2406612,137.75545,0.558,5.56E+02,19.45,13.7,5005,0.765,15.334
CANDIDATE,3.43591631,132.6624,3.133,2.32E+01,0.55,8.7,5779,1.087,12.791
CONFIRMED,11.59822233,180.395376,2.5237,2.80E+03,2.65,71,3688,0.473,15.937
CONFIRMED,6.575315881,173.634044,4.3084,2.79E+03,5.31,221.1,5992,0.989,15.312
CONFIRMED,7.275040844,169.994217,7.5377,3.00E+03,4.86,312.1,5485,0.867,15.08
CONFIRMED,19.27153892,186.77093,2.7594,1.22E+03,1.93,37.1,4077,0.56,15.385
CONFIRMED,10.06524317,136.28906,1.369,1.05E+03,1.91,30.3,4077,0.56,15.385
CONFIRMED,12.3935651,178.74725,3.8896,9.17E+02,2.66,35.8,5557,0.75,15.505
CONFIRMED,43.84439721,151.93538,6.802,6.15E+02,2.87,83.7,5854,1.012,12.882
FALSE POSITIVE,3.341913228,171.63943,3.813,7.25E+02,21.55,39,5295,0.811,15.629
FALSE POSITIVE,1.626630225,169.820171,2.1145,1.62E+03,32.43,103.6,5735,0.973,15.279
CONFIRMED,2.711504086,170.03417,3.0099,8.38E+02,3.12,64.5,6214,1.076,15.541
CONFIRMED,7.21203748,172.81782,4.0491,9.50E+02,3.32,51.5,6214,1.076,15.541
FALSE POSITIVE,14.1798187,171.50237,2.505,4.60E+02,1.88,11.2,5799,0.878,15.727
CONFIRMED,8.47237911,174.16212,2.7245,1.12E+03,2.59,47.6,5354,0.788,15.339
CONFIRMED,60.4189369,181.16367,5.039,9.31E+02,2.36,20.1,5354,0.788,15.339
CONFIRMED,12.61190435,180.892284,5.1497,6.11E+03,7.4,277.2,5795,0.919,15.14
FALSE POSITIVE,1.433769925,170.403536,1.8868,1.98E+03,46.58,112.6,6017,1.339,15.122
FALSE POSITIVE,10.31872301,173.31543,3.836,8.72E+02,28.59,38.2,5927,1.06,15.065
CONFIRMED,2.539183147,169.67494,2.4282,3.82E+02,2.06,38.9,5519,1.062,15.026
CONFIRMED,6.770300385,170.57662,2.0844,1.30E+03,2.77,50.8,5653,0.679,15.591
FALSE POSITIVE,0.444291966,169.865406,2.0792,1.10E+04,27.51,299.7,5255,0.636,15.748
CANDIDATE,10.181584,177.141891,3.5089,5.74E+03,7.73,183.6,5988,0.836,15.657
CONFIRMED,20.06036336,147.46554,3.3203,1.49E+03,1.96,35.2,3950,0.493,15.954
CONFIRMED,46.1842039,165.23729,4.758,1.39E+03,1.83,26,3950,0.493,15.954
CONFIRMED,23.9800854,147.537,5.351,1.04E+02,1.31,17.1,5854,1.012,12.882
CONFIRMED,7.82502168,136.54995,2.186,5.21E+02,1.2,15.9,3950,0.493,15.954
CONFIRMED,3.895936525,170.527552,2.3111,8.54E+03,7.34,370.8,5557,0.774,15.725
CONFIRMED,22.36646466,175.45862,5.228,9.87E+02,2.32,32.1,5395,0.734,15.583
CONFIRMED,1.625522174,170.8266564,2.38963,7.97E+03,9.73,799.7,5539,1.106,15.001
CANDIDATE,19.62034692,181.881819,2.0038,2.17E+04,13.6,340.5,5710,0.905,15.562
FALSE POSITIVE,7.544039,171.7982,6.222,3.23E+02,17.47,14.2,5657,0.824,15.559
CONFIRMED,9.02930689,177.20422,3.1449,1.02E+03,2.57,53.9,5349,0.82,15.387
FALSE POSITIVE,10.32803571,174.581054,7.7915,1.69E+04,13.28,636.8,5627,1.024,15.646
CONFIRMED,143.2063047,154.23552,8.9302,1.06E+04,8.9,138.8,5485,0.867,15.403
CONFIRMED,6.164876,135.63916,3.262,5.58E+01,0.79,14.4,5854,1.012,12.882
CONFIRMED,60.32494216,243.892578,6.6188,2.03E+04,12.19,347.2,5485,0.867,15.403
CONFIRMED,29.1598615,150.69922,4.803,4.88E+02,1.91,11.6,5485,0.867,15.403
FALSE POSITIVE,1.540397253,170.50479,2.1541,8.16E+02,25.69,38.8,5663,0.915,15.974
FALSE POSITIVE,2.99025443,171.9834,5.414,5.89E+02,1.7,48.5,4667,0.731,15.842
CONFIRMED,1.594745374,170.6483505,1.9604,1.50E+04,11.3,1009.3,5934,0.893,15.53
CONFIRMED,4.783002698,170.508434,2.335,1.01E+03,2.5,70.6,5170,0.807,15.119
CONFIRMED,20.50588921,181.43428,4.0595,2.11E+03,3.41,78.5,4905,0.761,15.398
CONFIRMED,3.340218842,171.979062,1.9104,1.63E+03,2.03,71.6,3950,0.493,15.954
FALSE POSITIVE,2.507089906,171.002455,2.0067,1.34E+03,30.26,64.9,5926,0.939,15.555
CONFIRMED,18.64932728,174.771,4.4056,8.94E+02,3.12,46.1,5775,1.053,15.386
CONFIRMED,4.90144976,138.60548,4.1654,1.41E+02,1.7,50.6,5847,1.402,12.487
CONFIRMED,9.75192101,138.78608,4.793,4.18E+02,2.76,28.5,5775,1.053,15.386
CONFIRMED,38.5576546,163.85063,5.794,9.93E+02,4.02,39.7,5775,1.053,15.386
CONFIRMED,3.525632539,170.0479951,2.59959,2.23E+04,11.58,1996.7,5150,0.793,15.224
CANDIDATE,34.84398644,172.633252,2.9315,4.52E+03,7.61,76.8,5509,0.871,15.684
CONFIRMED,7.748094239,174.997206,3.5957,2.47E+03,5.52,113.2,5973,1.085,15.67
CONFIRMED,23.96793669,186.22182,3.827,1.18E+03,1.8,27.5,3747,0.524,15.414
CONFIRMED,8.29561738,135.79284,1.3421,8.24E+02,1.82,17.9,3747,0.524,15.414
CONFIRMED,8.11437482,176.33968,2.2736,1.56E+03,2.1,56.4,3692,0.517,15.877
FALSE POSITIVE,38.03672948,196.934947,4.34617,8.29E+04,27.5,1300,5575,0.932,15.472
CANDIDATE,4.64090031,173.64638,35.512,2.45E+03,30.09,296.9,6463,0.826,15.27
FALSE POSITIVE,3.747838198,171.66504,5.0642,6.16E+02,13.65,138.2,5514,0.826,13.496
CONFIRMED,14.74914825,138.77799,6.0995,4.30E+02,2.89,107.4,5847,1.402,12.487
CONFIRMED,21.81295996,174.01085,4.3791,1.18E+03,3.38,37.8,5601,0.999,15.54
FALSE POSITIVE,7.91936937,172.181092,3.3148,1.51E+04,10.34,389,5690,0.776,15.805
CANDIDATE,1.028436523,170.228582,1.8606,8.10E+03,72.77,89.6,6228,0.99,15.202
CONFIRMED,15.37562369,173.61402,3.3169,1.53E+04,11.01,166,4986,0.833,16.422
CONFIRMED,8.10363271,176.9486,3.161,8.88E+02,2.11,39.3,4861,0.732,15.289
CONFIRMED,4.71510843,134.96178,2.506,4.18E+02,1.46,21.3,4861,0.732,15.289
CONFIRMED,6.365839713,171.13575,2.9721,7.81E+02,2.44,70.8,5776,0.849,15.09
FALSE POSITIVE,5.97581754,174.77602,3.065,9.62E+02,3.86,50.3,6108,0.997,15.546
FALSE POSITIVE,2.446737317,170.66951,4.7211,1.18E+03,26.25,110.2,5764,0.863,15.021
CONFIRMED,3.04033046,169.9490106,1.8411,1.09E+04,8.99,568.2,5035,0.791,15.028
CONFIRMED,15.33528675,174.00278,3.897,3.08E+03,5,86.6,5251,0.817,15.855
CONFIRMED,7.95825328,137.80219,4.377,5.00E+01,1.06,14.7,5847,1.402,12.487
CONFIRMED,31.33046135,153.43031,5.176,5.07E+03,6.5,117.2,5251,0.817,15.855
FALSE POSITIVE,3.9043425,173.393734,3.831,1.62E+04,12.28,323.4,5810,0.898,15.016
FALSE POSITIVE,9.286358079,171.8214689,3.49949,4.48E+04,17.61,1671.1,5670,0.821,15.365
FALSE POSITIVE,3.951405455,173.276125,2.1862,2.45E+03,31.44,117.2,6046,0.869,15.446
CONFIRMED,23.65369415,171.376107,8.2183,3.34E+03,7.89,266.3,5739,1.384,15.084
CONFIRMED,13.23352214,140.32196,6.7372,5.05E+02,3.06,49.1,5739,1.384,15.084
CONFIRMED,6.15560285,134.81656,4.9843,2.85E+02,2.32,35.1,5739,1.384,15.084
CONFIRMED,2.090811305,134.17462,3.388,1.16E+02,1.62,19.9,5739,1.384,15.084
CONFIRMED,3.180027898,133.49863,3.5797,1.20E+02,1.53,50.4,5847,1.402,12.487
CONFIRMED,50.4467417,178.5014,7.159,3.70E+02,2.67,19.4,5739,1.384,15.084
CONFIRMED,11.76307164,180.93613,2.9076,1.04E+03,2.35,48.9,4959,0.756,15.208
CONFIRMED,56.2279271,132.29259,3.57,8.63E+02,2.37,20.9,4959,0.756,15.208
FALSE POSITIVE,2.384052875,171.58362,3.0918,1.27E+03,17.06,50.5,4794,0.701,15.836
CONFIRMED,7.953547,174.66224,2.6312,8.75E+02,2.25,38.4,4768,0.779,15.66
CONFIRMED,4.14451656,135.92831,2.3421,3.92E+02,1.48,22.8,4768,0.779,15.66
FALSE POSITIVE,4.859386384,173.011469,2.2757,6.04E+03,38.33,269.7,6072,0.988,15.311
CONFIRMED,10.52629458,176.522462,2.5211,9.77E+03,8.24,482.3,5386,0.793,15.305
CONFIRMED,4.583520948,169.973972,2.7055,3.81E+03,5.39,99.5,5815,0.877,15.287
CONFIRMED,3.76181843,171.90364,3.5176,5.11E+02,2.66,35.9,5653,0.949,15.257
CONFIRMED,8.20396958,169.69138,2.9667,1.02E+03,3.01,54.4,5015,0.826,15.376
CONFIRMED,14.49645186,143.41659,4.016,6.48E+02,3.01,25.7,5015,0.826,15.376
CONFIRMED,6.54626149,133.85964,2.75,6.56E+02,2.19,24.8,5251,0.817,15.855
CONFIRMED,12.71809866,175.35526,3.0957,1.15E+03,2.31,52.7,4702,0.686,15.389
CONFIRMED,36.06588163,198.58423,4.3246,1.56E+03,2.64,51.7,4702,0.686,15.389
CONFIRMED,4.190425659,171.44122,2.8589,2.88E+03,6.21,240.6,6073,1.135,15.27
CONFIRMED,3.709870784,171.987982,3.0694,2.02E+03,4.35,116.1,5727,0.978,15.581
CONFIRMED,16.3297527,177.29506,6.271,1.19E+03,3.75,74.6,5878,0.987,15.447
CONFIRMED,27.80756622,186.713552,4.21587,2.54E+04,13.84,748.1,5862,0.785,15.482
CONFIRMED,80.8723469,203.895,11.195,3.60E+03,7.59,160.9,5510,1.238,15.201
FALSE POSITIVE,3.166465862,172.002627,2.9381,4.36E+03,26.82,122.1,4968,0.704,15.999
CONFIRMED,24.99324319,138.68167,5.9409,2.70E+02,2.29,62,5718,1.317,12.377
CONFIRMED,10.35533116,170.93729,3.1775,7.51E+02,2.47,49.2,5501,0.918,15.018
CONFIRMED,16.08518937,180.28319,3.984,1.44E+03,3.68,62.6,5239,0.826,15.219
CANDIDATE,235.9986399,208.399822,8.2284,2.07E+04,10.59,271.8,4245,0.657,15.172
CONFIRMED,7.49018305,174.95037,2.7297,1.12E+03,2.56,53,5103,0.787,15.599
CONFIRMED,36.2761238,201.2869,4.7865,1.57E+03,3.03,45.5,5103,0.787,15.599
CONFIRMED,17.46087931,137.26594,2.2641,8.12E+02,2.32,22.6,5103,0.787,15.599
CONFIRMED,56.0560754,201.16578,4.685,1.63E+03,1.94,27.4,3593,0.491,15.849
CONFIRMED,41.40831669,195.78745,5.0264,2.28E+04,11.38,907.8,5522,0.747,15.196
CANDIDATE,39.74893077,172.854644,7.3051,1.52E+04,14.21,561.1,6122,0.964,15.344
CONFIRMED,5.715425977,174.87931,2.5242,9.08E+02,2.47,59.4,5237,0.826,15.086
CONFIRMED,49.18394185,141.911924,11.3364,1.65E+03,8.2,355.7,5626,2.057,12.654
CONFIRMED,20.0261412,146.91109,1.611,4.21E+02,2.28,10.7,5237,0.826,15.086
CANDIDATE,13.61014819,173.987319,2.594,5.73E+03,19.02,184.1,5697,0.903,15.06
FALSE POSITIVE,10.44331991,175.4046,2.743,1.16E+03,2.66,51.7,4947,0.802,15.546
CONFIRMED,2.237489571,170.81914,1.8119,3.16E+02,1.41,30.7,5265,0.81,15.001
FALSE POSITIVE,5.851520671,173.8228336,3.11058,3.30E+04,14.62,1630.4,5532,0.806,15.33
CONFIRMED,3.167893418,172.147959,2.1814,7.81E+02,2.62,64.8,5895,0.94,15.533
CONFIRMED,4.311780262,173.576483,2.7251,1.15E+03,3.11,86.1,5527,0.927,15.604
CONFIRMED,20.0504494,188.08821,4.556,8.41E+02,2.69,37.8,5527,0.927,15.604
CONFIRMED,9.76734503,186.57718,1.6585,5.69E+02,2.67,21.1,5527,0.927,15.604
CANDIDATE,119.0207044,222.236492,8.1405,7.43E+03,8.98,223.5,5453,1.062,15.085
CONFIRMED,190.3200468,312.68498,15.284,1.14E+03,7.78,139.3,5626,2.057,12.654
FALSE POSITIVE,2.861159894,171.648106,1.8832,1.01E+03,4.37,58.3,6126,1.021,15.618
CONFIRMED,26.44439337,194.12074,3.9783,1.84E+03,3.91,88,5427,0.929,15.158
CONFIRMED,51.53997972,174.055011,6.3994,3.64E+03,5.51,155.5,5427,0.929,15.158
CONFIRMED,5.902245782,136.78393,2.9003,7.02E+02,2.43,59.3,5427,0.929,15.158
CONFIRMED,2.382951591,135.080841,1.8876,3.92E+02,1.86,41.4,5427,0.929,15.158
CONFIRMED,21.02250608,207.67593,4.1072,1.77E+03,3.07,62.4,5067,0.75,15.859
CONFIRMED,3.219814777,133.00406,2.0642,4.88E+02,1.69,30.5,5103,0.787,15.599
CONFIRMED,5.912273234,172.184012,2.3254,9.61E+02,1.73,62.8,4072,0.57,15.036
CONFIRMED,8.98581901,175.68418,2.8606,8.81E+02,1.65,51.8,4072,0.57,15.036
CANDIDATE,12.94066866,179.423014,2.4845,4.25E+04,22.94,307.5,5875,0.809,15.215
FALSE POSITIVE,20.5452375,137.91394,2.517,2.19E+02,2.41,18.5,5670,1.264,12.003
CONFIRMED,33.60123371,186.680343,4.4056,7.43E+03,8.46,247.9,5149,0.93,15.262
CONFIRMED,6.76652928,138.0637,2.9004,4.51E+02,1.97,29.2,5149,0.93,15.262
CONFIRMED,4.347288783,172.23343,2.1024,4.52E+02,2.36,39.7,5754,1.122,15.024
CONFIRMED,4.601811819,169.98108,2.2607,7.56E+02,2.35,60.8,4986,0.833,15.024
CONFIRMED,11.18719905,137.17814,3.252,3.54E+02,1.55,21.9,4986,0.833,15.024
CONFIRMED,4.220965778,170.622433,3.0854,2.26E+03,2.62,157.8,3837,0.517,15.692
FALSE POSITIVE,6.998099523,171.898913,2.0488,2.03E+04,588.66,192.3,5612,0.829,15.877
CONFIRMED,5.95489993,170.955871,2.3892,1.41E+03,2.33,87.2,4261,0.633,15.019
CONFIRMED,12.03987488,181.22536,2.7363,1.25E+03,2.18,57.6,4261,0.633,15.019
CONFIRMED,20.83762895,132.08488,2.3734,4.39E+02,1.42,14.9,4261,0.633,15.019
FALSE POSITIVE,8.8111022,136.4568,5.0683,4.01E+02,63.66,76.8,6200,2.404,12.759
CONFIRMED,23.58917143,173.81994,5.073,1.20E+03,3.16,53.3,4919,0.721,15.316
CONFIRMED,6.481633073,122.977657,3.784,2.99E+02,2.54,125.6,5945,1.302,12.365
CONFIRMED,10.37168928,172.61729,3.035,1.25E+03,3.2,64.5,5121,0.888,15.193
CONFIRMED,3.96996298,137.75447,1.1757,2.99E+02,1.78,15,5121,0.888,15.193
CONFIRMED,4.40841331,172.18582,5.012,5.49E+02,2.66,45.1,6007,0.961,15.662
FALSE POSITIVE,7.9426176,174.52563,6.703,1.59E+03,4.68,60.4,5811,0.926,15.26
CONFIRMED,226.8904775,207.35971,7.558,3.14E+03,4.53,46.8,5067,0.75,15.859
FALSE POSITIVE,1.956811408,170.694208,2.1958,2.49E+04,21.58,125.4,5209,0.603,15.533
CANDIDATE,2.688899233,170.1020904,2.11275,3.75E+04,12.04,1011.6,4820,0.639,15.766
CONFIRMED,9.439459486,177.186096,2.8979,3.04E+03,4.16,175.2,5097,0.779,15.067
CONFIRMED,11.52306746,131.969055,3.8757,5.07E+02,3.13,142,5644,1.411,12.346
CONFIRMED,20.47748843,178.66786,2.8364,1.38E+03,2.92,52.7,5097,0.779,15.067
CONFIRMED,3.336123113,135.31623,1.9616,5.16E+02,1.74,41.6,5097,0.779,15.067
CONFIRMED,8.01078456,170.20739,2.312,1.33E+03,1.72,48.5,3713,0.47,15.847
CONFIRMED,12.07134205,143.45948,4.3224,7.59E+02,1.29,31,3713,0.47,15.847
CONFIRMED,20.99587872,152.31554,2.6333,7.67E+02,1.3,18.2,3713,0.47,15.847
CONFIRMED,7.41113177,175.34754,2.5242,6.21E+02,2.45,50.4,5849,0.919,15.031
FALSE POSITIVE,1.000747038,169.974229,0.9967,1.82E+03,4.14,147.4,5472,0.79,15.419
CONFIRMED,8.884922995,169.991686,2.07004,1.61E+04,10.51,388.2,5332,0.843,15.264
CONFIRMED,8.09888906,176.623731,4.20241,6.91E+03,8.95,435.9,6214,1.076,15.261
CONFIRMED,10.00653012,176.96898,5.344,9.36E+02,3.52,71.9,6063,1.001,15.063
CONFIRMED,17.85522168,146.596466,7.41287,9.07E+03,13.16,915.7,6823,1.367,11.353
CANDIDATE,12.73262407,176.939054,2.2083,6.47E+03,4.87,210.5,3950,0.541,15.75
CANDIDATE,83.92494032,236.76334,6.7904,7.96E+03,4.78,182.1,3960,0.509,15.754
CONFIRMED,5.007316661,173.433997,4.2362,6.93E+03,6.96,431.4,5865,0.827,15.813
CONFIRMED,2.211116989,170.150139,1.6485,7.24E+02,1.85,42.6,4500,0.646,15.791
CONFIRMED,27.9541337,178.73791,3.95,9.43E+02,1.9,25.4,4500,0.646,15.791
CONFIRMED,12.69104387,137.12594,3.7727,2.52E+02,2.57,60.2,5869,1.626,12.935
FALSE POSITIVE,4.409409243,171.89433,3.8636,1.29E+04,10.95,85.8,5600,0.975,15.403
CONFIRMED,16.23947096,175.569907,4.0374,2.59E+03,4.14,123.8,5191,0.837,15.258
CONFIRMED,6.308201629,174.047661,2.9785,1.33E+03,2.96,86.2,5191,0.837,15.258
CONFIRMED,2.052349884,169.890622,2.0778,1.43E+04,13.12,1072.1,5855,1.08,15.257
CONFIRMED,9.7704486,175.71372,2.4517,1.90E+03,2.23,58,3906,0.509,15.777
CONFIRMED,5.169804269,172.63153,2.153,1.04E+03,1.66,41.4,3906,0.509,15.777
CONFIRMED,21.22261195,137.57403,6.5093,3.66E+02,2.48,114.9,5945,1.302,12.365
CONFIRMED,20.09017037,147.97788,4.154,1.43E+03,2.25,36.9,3906,0.509,15.777
CONFIRMED,7.11373257,174.32351,2.1764,8.08E+02,1.16,44.4,3561,0.411,15.234
CONFIRMED,3.306551643,134.37211,1.8177,5.09E+02,0.91,37.8,3561,0.411,15.234
CONFIRMED,15.36845737,147.38965,2.4714,7.56E+02,1.11,30.9,3561,0.411,15.234
CONFIRMED,13.81020318,172.33533,3.048,1.31E+03,4.56,46.2,5942,1.142,15.425
CONFIRMED,4.093578461,171.00954,2.5833,5.39E+02,2.85,36.4,6077,0.999,15.399
CONFIRMED,105.145959,178.367,8.593,6.85E+02,3.43,15.4,6077,0.999,15.399
CONFIRMED,10.8484518,171.80584,2.9993,1.68E+03,2.34,64.5,4201,0.591,15.058
CONFIRMED,6.66833241,137.43988,1.915,3.62E+02,1.18,14.2,4201,0.591,15.058
CONFIRMED,4.082274889,169.6375652,3.23015,1.79E+04,10.55,1669.1,5655,0.794,15.198
CANDIDATE,3.886655224,169.73814,3.1646,5.82E+02,1.87,48.1,5662,0.738,15.371
CONFIRMED,42.1406089,139.0604,5.083,8.96E+02,1.85,21.6,4500,0.646,15.791
CONFIRMED,4.617490562,135.04909,2.2618,5.76E+02,1.62,28.1,4500,0.646,15.791
CONFIRMED,10.19849255,137.92067,2.4283,6.34E+02,1.75,21.4,4500,0.646,15.791
FALSE POSITIVE,5.795063956,172.697467,3.2496,1.69E+03,4.33,119.4,5865,0.827,15.289
CONFIRMED,7.15681552,174.13511,2.5882,8.67E+02,2.47,47.7,5029,0.838,15.46
CONFIRMED,17.64830851,133.54533,2.0873,7.63E+02,2.43,23.8,5029,0.838,15.46
CONFIRMED,4.14810719,133.3881,2.535,1.75E+02,1.08,12.9,5029,0.838,15.46
CONFIRMED,16.51410989,176.11686,4.1575,9.74E+02,2.72,55.9,5527,0.866,15.223
CONFIRMED,30.1329298,190.38336,5.172,1.02E+03,3.14,44.8,5527,0.866,15.223
CONFIRMED,4.79090809,136.31106,2.603,2.51E+02,1.36,21.2,5527,0.866,15.223
CONFIRMED,31.71981013,142.82083,4.819,3.63E+02,3.09,63.1,5869,1.626,12.935
CONFIRMED,99.6415962,198.68664,4.448,9.53E+02,2.64,22.7,5527,0.866,15.223
CONFIRMED,4.708326451,171.446507,3.16114,7.91E+03,10.6,633.4,5560,1.21,15.113
FALSE POSITIVE,16.37198661,172.75926,3.8449,4.15E+03,540.37,54.5,4187,0.592,15.654
CONFIRMED,5.392026903,171.72707,2.9804,1.15E+03,2.68,77.4,5198,0.801,15.651
CANDIDATE,2.494170338,170.852848,1.1221,8.64E+02,2.42,69.2,5569,0.829,15.251
CONFIRMED,6.491682808,174.633553,4.301,7.16E+03,9.66,502.3,6123,1.107,15.649
FALSE POSITIVE,3.044770796,172.01916,10.0134,1.70E+03,24.54,203.5,5525,0.753,15.621
CONFIRMED,3.855603916,170.6787843,3.2179,1.67E+04,13.61,1173.9,6033,1.046,15.272
FALSE POSITIVE,3.855599139,170.67957,3.183,1.03E+03,3.57,90.1,5936,0.965,15.054
CONFIRMED,38.47876629,151.852812,5.04169,2.35E+04,13.26,1077.8,5510,0.879,13.779
FALSE POSITIVE,37.60166128,194.713383,8.30604,5.91E+04,27.22,1667.3,6140,1.096,15.505
CONFIRMED,3.314947362,171.313058,1.8007,1.40E+03,3.94,123.5,5609,0.944,15.142
FALSE POSITIVE,6.71969089,173.35776,3.0231,9.70E+02,4.37,45.4,5931,0.866,15.172
CONFIRMED,39.6431552,206.596798,6.5292,1.57E+04,10.98,690.3,5231,0.9,15.011
FALSE POSITIVE,51.42598578,173.535933,16.9422,6.61E+04,29.66,1843.8,6257,1.147,15.631
CONFIRMED,21.80451611,190.49737,3.4097,1.14E+03,2.6,49.9,5481,0.708,15.067
CONFIRMED,10.28194593,175.33988,3.4366,1.11E+03,2.53,55,5196,0.775,15.532
CONFIRMED,18.11993039,182.61535,4.2309,1.51E+03,2.95,60.7,5196,0.775,15.532
CONFIRMED,3.78402867,133.28133,1.9012,4.26E+02,1.7,25.6,5196,0.775,15.532
CONFIRMED,5.15448142,171.6389,3.228,6.98E+02,2.94,48.1,5431,0.884,15.365
FALSE POSITIVE,33.80364366,202.259731,11.4813,1.35E+04,20.7,529.9,5855,1.796,13.109
CONFIRMED,5.743469797,174.898924,3.4412,1.24E+03,3.13,79.7,5897,0.891,15.543
CANDIDATE,39.4759093,173.31207,2.968,1.01E+03,4.06,26.6,6225,1.031,15.229
FALSE POSITIVE,19.97448524,171.6300909,4.23479,4.03E+04,26.56,1398.8,6108,0.997,15.217
CONFIRMED,3.166353562,170.966145,3.3129,1.47E+03,3.82,128.3,6007,0.998,15.603
FALSE POSITIVE,23.89963441,188.982797,3.81881,2.10E+04,44.04,547.8,6192,0.924,15.453
CONFIRMED,3.388012244,170.5336,2.6849,2.80E+02,2.11,30.6,5553,1.25,15.065
CONFIRMED,5.83909761,132.09261,3.1915,2.74E+02,2.06,25.2,5553,1.25,15.065
CONFIRMED,1.620467654,132.06388,2.1888,1.60E+02,1.57,22.7,5553,1.25,15.065
CONFIRMED,10.6816951,131.55082,3.605,3.08E+02,2.3,21.9,5553,1.25,15.065
CONFIRMED,6.104849417,169.573477,4.6912,2.09E+03,3.18,293.7,5085,0.712,15.017
CONFIRMED,3.578780566,134.0304187,2.91089,1.14E+04,10.43,1838.4,5524,0.994,13.938
FALSE POSITIVE,3.187067566,171.64976,3.119,1.04E+03,23.88,37.2,5450,0.811,15.653
CONFIRMED,5.826657508,173.011411,2.9183,1.54E+03,4.09,81.1,5561,1.06,15.843
CONFIRMED,12.41216347,142.54039,3.739,6.11E+02,2.58,25.6,5561,1.06,15.843
CONFIRMED,18.74649011,147.13074,3.895,7.97E+02,3.05,26.7,5561,1.06,15.843
CONFIRMED,20.86021229,180.017757,5.1937,1.91E+03,5.5,117,6035,1.257,15.237
CONFIRMED,42.63427848,141.16954,6.1998,1.72E+03,5.22,78.7,6035,1.257,15.237
CONFIRMED,87.6476068,134.94222,8.871,1.01E+03,4,37.5,6035,1.257,15.237
CANDIDATE,9.61731426,142.47479,3.8692,2.34E+02,1.94,18.2,6035,1.257,15.237
CONFIRMED,9.467821474,178.415842,2.4327,2.24E+03,2.13,124.7,3582,0.458,15.073
CONFIRMED,0.893040969,134.540342,1.0981,7.42E+02,1.24,87.8,3582,0.458,15.073
CONFIRMED,4.942783419,136.3294353,3.25346,1.11E+04,10.62,2040.7,5514,0.978,13.758
CONFIRMED,20.83426731,176.58569,4.0454,9.88E+02,2.74,45.1,5537,0.88,15.412
CONFIRMED,9.94602357,171.70192,3.3862,9.95E+02,3.12,51,5344,1.013,15.596
CONFIRMED,1.04562195,133.91912,1.8955,2.13E+02,1.45,25.3,5344,1.013,15.596
CONFIRMED,5.71462396,132.63866,2.336,2.98E+02,1.78,16.7,5344,1.013,15.596
FALSE POSITIVE,102.9641952,158.07473,15.735,1.90E+03,39,86.1,5047,7.119,13.608
CONFIRMED,8.14515981,140.56811,5.073,4.47E+02,3.43,32.2,5896,1.24,14.925
CONFIRMED,18.9985279,144.74157,4.529,4.31E+02,43.17,16.9,5896,1.24,14.925
CONFIRMED,4.24439049,137.06643,3.282,1.74E+02,2.07,15.1,5896,1.24,14.925
CANDIDATE,90.1240507,356.23415,11.649,3.02E+03,7.12,57.9,6520,1.215,14.96
CONFIRMED,28.5742692,143.8315,4.9427,8.25E+02,2.32,97.1,5551,0.812,13.771
CANDIDATE,856.672115,228.44988,23.144,8.58E+02,3.87,39.2,6449,1.309,13.997
CANDIDATE,0.689210173,133.28584,1.6169,1.95E+02,1.32,93.4,5630,0.954,13.248
CONFIRMED,7.34373964,137.29874,1.1784,5.74E+02,1.84,32.2,5757,0.762,14.657
FALSE POSITIVE,0.445277068,133.52312,3.539,1.87E+02,35.74,28.9,6167,1.064,15.343
FALSE POSITIVE,0.379463865,170.2480164,0.86896,1.97E+03,59.56,458.6,5075,1.783,13.787
FALSE POSITIVE,9.88047978,173.608672,2.78458,1.85E+04,23.6,534.5,6113,0.917,15.212
FALSE POSITIVE,4.6484156,261.09395,38.1939,1.28E+02,5.06,91.7,6980,3.482,10.963
FALSE POSITIVE,17.51201477,174.282592,1.8248,4.51E+03,13.66,322.3,6224,1.132,12.336
CANDIDATE,3.9886021,171.01852,1.7376,6.74E+02,34.39,37.1,4813,13.652,6.974
CANDIDATE,0.533059312,171.2274419,1.8621,1.50E+03,133.56,179.6,8523,4.051,7.748
FALSE POSITIVE,0.525154153,133.744359,2.1441,7.48E+02,23.61,116.1,5582,0.846,15.058
FALSE POSITIVE,1.303861044,134.212059,4.0541,5.98E+02,27.85,140.6,5758,0.902,13.555
FALSE POSITIVE,0.73452496,133.43108,6.7,,,,,,13.22
FALSE POSITIVE,2.55549176,134.50078,9.083,1.14E+02,23.35,24.3,5948,0.901,14.554
FALSE POSITIVE,2.947376671,171.522978,2.0911,4.33E+02,403.59,62.3,8090,2.234,10.47
CONFIRMED,224.7789355,142.095338,11.1899,3.49E+03,7.67,235.7,5873,1.235,13.492
FALSE POSITIVE,0.890110752,133.2647,0.8774,3.22E+02,1.25,19.6,4768,0.711,15.723
FALSE POSITIVE,5.76573396,133.30941,2.924,2.48E+02,7.47,22.2,5772,4.434,14.313
CONFIRMED,7.42608123,139.90039,3.6379,4.43E+02,2.47,37.5,6049,1.176,14.818
CONFIRMED,15.9868932,137.5964,4.158,1.79E+02,1.62,10.9,6049,1.176,14.818
FALSE POSITIVE,0.73094589,133.68876,4.32,2.50E+02,17.12,37.5,5901,0.848,15.401
CONFIRMED,18.92537246,149.49558,3.9835,6.41E+02,13.92,41,4941,4.885,14.604
FALSE POSITIVE,0.933749106,134.31831,4.256,1.86E+02,3.22,136.3,6215,2.188,13.079
FALSE POSITIVE,2.037440623,133.59962,3.442,1.19E+02,1.19,27,6253,1.015,14.187
CANDIDATE,129995.7784,393.59962,9.408,1.47E+03,2.99,35.7,4500,0.726,13.447
CONFIRMED,31.5925809,142.9649,13.566,1.45E+02,1.78,25.5,5676,1.487,13.29
CONFIRMED,17.157236,133.68951,11.284,1.10E+02,1.55,23.6,5676,1.487,13.29
CONFIRMED,1.97376085,178.6894194,1.82542,3.02E+04,8.78,1252.5,3807,0.503,15.715
CANDIDATE,13.11896244,261.539434,4.3045,3.72E+02,8.25,267.4,7221,4.24,9.275
FALSE POSITIVE,4.618767792,133.386535,5.9957,4.40E+03,7.48,270.1,6013,1.033,13.652
CANDIDATE,7.82187328,123.49907,3.8417,4.22E+01,2.78,37.2,7221,4.24,9.275
CANDIDATE,53.5057611,172.98304,10.5616,1.96E+02,2.52,71.2,6247,1.762,9.582
CONFIRMED,2.785821236,260.83731,3.5599,6.89E+01,1.69,53.6,6202,1.733,8.224
FALSE POSITIVE,52.56901867,184.971267,6.7507,2.69E+04,78.54,184.3,7240,1.717,9.729
FALSE POSITIVE,3.411758679,133.18086,3.158,5.71E+02,14.71,35.6,3995,0.561,15.258
FALSE POSITIVE,0.525426427,133.187901,1.0801,3.25E+02,1.45,63.6,5791,0.802,14.797
CONFIRMED,1.269091415,133.343682,1.4647,3.41E+02,1.41,73.5,5041,0.766,13.999
CONFIRMED,2.853133997,133.79678,1.465,2.77E+02,1.36,39.7,5041,0.766,13.999
CONFIRMED,6.79685353,138.11324,3.1702,3.93E+02,2.01,29.8,6061,0.97,15.391
FALSE POSITIVE,8.667822346,137.341841,4.9658,2.12E+03,67.37,187.6,6266,1.889,13.03
CONFIRMED,1.475323222,131.83272,2.3155,1.55E+02,5.88,27.2,4941,4.885,14.604
CONFIRMED,4.15246118,134.57991,2.5755,2.23E+02,7.62,24.5,4941,4.885,14.604
FALSE POSITIVE,6.7210783,134.7775984,7.46,,,,,,14.792
CONFIRMED,8.7348852,135.0818,4.49,2.71E+02,1.59,24.8,5982,0.96,14.794
FALSE POSITIVE,10.26547688,136.49663,3.733,4.00E+02,1.81,20.1,5699,0.853,15.212
CANDIDATE,13.4471791,132.830555,3.0454,1.43E+03,5.24,105.3,6276,1.041,14
FALSE POSITIVE,3.305577989,180.68154,2.5903,1.80E+04,25.89,39.6,5534,0.707,15.537
FALSE POSITIVE,4.800653901,134.365782,9.0419,1.53E+04,16.91,298,6715,1.241,13.32
FALSE POSITIVE,15.06649901,140.654788,5.9885,3.63E+04,56.44,154.6,5751,1.626,13.855
FALSE POSITIVE,34.82008158,163.015559,11.1711,1.88E+04,11.36,882.6,5114,0.784,15.187
FALSE POSITIVE,0.651784374,133.111707,2.0141,2.78E+03,33.65,195.2,5555,1.061,14.997
FALSE POSITIVE,1.353771892,261.43662,7.012,1.35E+03,430.99,76.7,4283,15.76,10.523
FALSE POSITIVE,18.95491633,262.46677,24.249,8.68E+02,71.39,249.3,6362,2.534,10.988
FALSE POSITIVE,4.348866254,262.72768,3.2797,6.26E+02,2436.69,56.3,3598,101.451,10.68
FALSE POSITIVE,47.93094546,179.096467,2.6897,2.14E+03,68.02,221.1,8214,1.938,10.376
FALSE POSITIVE,3.99751422,261.7243,3.686,3.28E+01,2.98,6.1,5066,5.324,10.733
FALSE POSITIVE,1.592633181,133.9243804,5.5605,6.33E+02,1.56,66.9,4506,0.651,15.47
CONFIRMED,67.5923754,151.75056,12.249,4.16E+03,12.1,60.9,6038,1.744,13.675
CONFIRMED,17.02902786,143.33395,4.645,5.69E+02,2.54,29.8,5839,1.067,15.381
CONFIRMED,6.84619236,132.17265,3.529,2.47E+02,1.67,17.7,5839,1.067,15.381
CONFIRMED,67.8321638,125.881,7.358,5.08E+02,2.39,15.5,5839,1.067,15.381
CONFIRMED,43.1312147,166.26105,3.198,4.48E+02,2.39,11.8,5839,1.067,15.381
CONFIRMED,1.224866441,133.20824,1.7086,1.96E+02,1.54,21.1,5553,1.107,15.376
CONFIRMED,37.8102649,158.35799,8.733,5.70E+02,2.33,35.2,6085,0.973,14.633
CONFIRMED,25.93406406,149.76273,4.6142,4.15E+02,2.48,42.2,5952,1.225,13.703
CONFIRMED,83.4463485,158.68061,6.536,5.03E+02,2.73,36.1,5952,1.225,13.703
FALSE POSITIVE,7.04710032,139.79737,2.926,4.01E+02,25.2,24,5766,1.068,14.928
CONFIRMED,12.99204853,136.32016,6.0175,2.71E+02,2.03,38.7,5765,1.242,13.974
FALSE POSITIVE,11.11620211,133.100575,4.211,4.84E+03,8.96,115.3,6122,0.996,15.38
FALSE POSITIVE,1.922861499,134.658644,3.5734,1.92E+03,5.09,103.4,5778,0.911,14.942
FALSE POSITIVE,0.635445336,134.184037,1.8592,2.55E+03,19,182.2,3920,0.55,15.432
FALSE POSITIVE,1.665784138,133.863028,1.8946,2.01E+03,97.27,148,6261,2.789,11.84
FALSE POSITIVE,55.6639167,156.35017,23.546,3.41E+03,34.14,103.4,5587,0.853,15.593
CONFIRMED,52.09081627,158.744665,8.6388,2.89E+03,7.14,243.5,6198,1.324,13.914
FALSE POSITIVE,7.1548608,266.04847,7.694,7.80E+02,7.41,24.2,7443,1.739,12.616
CONFIRMED,4.28746668,262.06245,1.5693,7.90E+02,2.29,19.4,5296,0.815,11.631
FALSE POSITIVE,2.002779769,261.95791,2.231,2.61E+02,1.42,22.2,5346,0.892,14.606
CONFIRMED,8.18739443,260.86931,3.0472,5.18E+02,1.92,38.4,5251,0.849,14.138
CONFIRMED,76.0498163,161.71445,7.158,4.46E+02,1.75,17.4,5251,0.849,14.138
CONFIRMED,3.341799486,141.35472,2.9254,1.78E+02,1.67,48.8,5873,1.235,13.492
FALSE POSITIVE,3.3226948,134.444,3.568,7.87E+01,15.33,8.6,5234,16.959,11.899
FALSE POSITIVE,36.97708808,133.62681,4.737,1.27E+03,38.6,59.2,5589,1.239,13.698
FALSE POSITIVE,1.851409163,133.17995,10.232,2.33E+02,20.42,54.4,7117,1.469,13.473
FALSE POSITIVE,1.303859704,134.21201,2.8239,3.67E+01,0.98,34.7,6802,1.521,11.558
FALSE POSITIVE,145.5624926,146.0588,5.4126,2.93E+03,40.15,58.1,6148,1.095,13.884
CONFIRMED,3.749105745,135.10837,1.9826,1.83E+02,1.68,38,5751,0.983,13.333
CONFIRMED,11.08956602,141.76142,6.2877,1.48E+02,3.51,38.9,6353,2.867,12.808
CANDIDATE,7.37290344,137.60991,2.172,2.05E+02,2.67,19.1,5973,1.07,13.835
FALSE POSITIVE,7.24476126,139.10497,2.3145,5.80E+01,0.65,27.2,5370,0.874,11.157
CANDIDATE,119.0624882,149.22223,3.1188,5.37E+03,10.4,71.6,5697,0.92,15.289
CONFIRMED,8.70798309,363.05638,2.4904,1.42E+03,2.01,28.1,4362,0.554,15.842
CANDIDATE,14.8623076,354.57297,3.161,8.40E+02,1.57,14.4,4362,0.554,15.842
CONFIRMED,4.17634276,352.99674,2.335,5.32E+02,1.23,14.9,4362,0.554,15.842
CONFIRMED,27.40229859,133.6284,6.8491,7.48E+02,3.63,79.3,6198,1.324,13.914
CONFIRMED,3.179267286,261.841607,1.0246,2.01E+02,1.21,41,5511,0.857,12.55
CONFIRMED,10.38122447,268.02421,2.715,8.02E+02,2.18,41.9,5095,0.78,13.562
CONFIRMED,24.5709023,135.87209,3.587,7.64E+02,2.82,26.3,5095,0.78,13.562
FALSE POSITIVE,81.221876,184.26164,4.1135,9.88E+03,16.59,63,5619,0.874,15.488
FALSE POSITIVE,0.817026268,132.835239,2.0799,1.15E+03,2.92,121.1,5619,0.874,15.488
CONFIRMED,3.024092505,132.4168573,2.8021,7.77E+03,12.14,1225.3,6063,1.358,13.958
FALSE POSITIVE,5.670155713,136.201739,0.9361,5.37E+02,5.85,37.3,3337,0.183,13.783
CONFIRMED,1.022678654,133.45422,1.3712,1.29E+02,1.14,21.6,5366,1.02,14.803
CONFIRMED,12.10968709,140.21258,6.3461,2.85E+02,2.98,33.4,6021,1.458,14.348
CONFIRMED,4.75796103,137.69636,4.66,1.25E+02,1.7,20.9,6021,1.458,14.348
CONFIRMED,20.4972755,147.43894,8.536,2.43E+02,2.96,22.8,6021,1.458,14.348
FALSE POSITIVE,13.55480534,139.81609,2.288,4.83E+01,0.62,16.5,5370,0.874,11.157
FALSE POSITIVE,29.74454668,172.386652,23.2842,6.69E+04,20.06,765,4889,0.788,11.753
FALSE POSITIVE,14.15402428,140.698466,4.47001,6.16E+04,53.25,930.3,5850,1.037,12.932
FALSE POSITIVE,0.844786082,134.216987,3.5289,2.47E+03,35.27,245.6,5705,0.915,15.363
FALSE POSITIVE,0.848483947,133.585301,1.4451,1.91E+03,32.11,185,5941,0.936,15.323
FALSE POSITIVE,11.99097576,143.28437,5.7401,2.12E+03,37.47,102.8,6110,1.072,14.977
CONFIRMED,53.5292702,147.86464,5.668,1.09E+03,2.28,34.5,4736,0.708,14.887
FALSE POSITIVE,0.393726813,133.310396,2.95,5.65E+02,24.17,64.8,6277,1.031,15.025
CONFIRMED,2.757584622,133.05017,0.9267,5.63E+02,1.01,19.6,3683,0.424,15.597
CONFIRMED,0.928310036,133.80358,1.1899,3.76E+02,1.16,22.6,4109,0.602,15.854
CONFIRMED,13.48457668,136.61808,5.0197,6.54E+02,3.39,80.8,6198,1.324,13.914
CONFIRMED,31.8841473,160.20696,6.122,9.10E+02,3.7,25.3,5779,0.974,15.368
CANDIDATE,16.15811112,143.00233,6.049,2.32E+03,86.13,52.8,5619,0.874,15.488
FALSE POSITIVE,67.69213907,138.534171,51.349,2.55E+04,175.98,1328.2,5355,10.703,10.7
CONFIRMED,12.06222962,138.22229,2.0584,3.00E+02,1.62,32.4,5547,0.933,13.581
CONFIRMED,9.93146307,136.49128,5.678,3.99E+02,2.41,26.2,5782,1.22,15.214
CONFIRMED,21.85362905,144.32031,3.439,3.56E+02,1.75,23,5830,0.876,14.246
CONFIRMED,8.19345065,138.99617,5.234,1.15E+02,1.74,15.7,6021,1.458,14.348
FALSE POSITIVE,19.97867,137.17061,10.168,9.44E+02,6.85,86.2,9651,1.895,13.849
CONFIRMED,41.8059544,142.81919,6.057,4.34E+02,2.02,28.3,5907,0.973,14.502
FALSE POSITIVE,15.45158184,142.21096,2.406,8.53E+01,2.02,21,7839,2.069,11.798
FALSE POSITIVE,89.69816853,176.3060152,5.5418,2.73E+05,102.08,3420.3,6214,1.583,13.624
FALSE POSITIVE,1.187352427,133.465454,4.999,2.07E+04,67.35,717.4,6424,1.489,13.623
FALSE POSITIVE,3.012476582,135.259271,3.1424,1.14E+03,65.25,253.4,8601,2.031,12.403
CONFIRMED,4.77800306,124.061465,2.7361,4.73E+02,1.85,115.4,5192,0.873,13.04
FALSE POSITIVE,7.814839231,357.519981,3.0122,2.01E+03,5.33,100,5887,0.931,15.452
FALSE POSITIVE,29.7452499,157.38519,22.695,7.79E+02,3.6,55.9,5334,1.004,15.259
CONFIRMED,5.32667299,357.12617,3.4045,6.11E+02,2.26,34.1,5831,0.921,15.808
FALSE POSITIVE,0.741057213,131.947273,1.05299,2.00E+03,26.67,251.9,5496,0.776,14.489
FALSE POSITIVE,2.988085455,133.27252,3.68,8.03E+02,21.81,48.2,5497,0.809,15.381
FALSE POSITIVE,2.783883492,133.227846,2.4546,9.04E+02,67.17,86.1,6028,2.147,14.216
FALSE POSITIVE,0.393727296,178.587454,3.02,9.04E+02,23.05,82.4,5628,0.808,15.856
CONFIRMED,8.17242644,361.20157,3.902,8.64E+02,3.29,37,5705,0.905,15.24
CANDIDATE,1295.362215,176.10646,28.297,8.71E+03,57.82,164,5609,1.048,14.215
CONFIRMED,13.0607936,137.63148,3.215,2.37E+02,1.45,19.4,5830,0.876,14.246
CANDIDATE,4.2989201,132.86187,2.747,2.38E+02,2.12,20,5300,0.986,14.613
FALSE POSITIVE,25.9518461,154.88212,14.581,1.06E+03,22.32,65.8,5372,0.796,14.576
FALSE POSITIVE,25.9518536,154.88278,14.755,2.02E+03,24.6,79.4,5198,0.742,15.342
FALSE POSITIVE,5.68628739,135.89269,17.573,5.56E+03,4.5,414.4,6052,0.956,14.378
FALSE POSITIVE,15.66388695,147.395712,2.4775,5.14E+03,27.36,175.9,5996,2.221,13.439
FALSE POSITIVE,4.020628573,133.638478,4.4085,2.09E+04,16.94,282.6,6210,1.033,15.472
CANDIDATE,5.714817603,355.00831,3.14126,1.23E+04,9.29,537.7,5695,0.842,15.623
FALSE POSITIVE,185.0228822,273.185533,4.87326,4.35E+04,49.82,938.2,6025,1.367,14.685
FALSE POSITIVE,2.897432135,450.75739,3.1793,1.22E+03,14.35,73.9,5970,2.994,15.036
CONFIRMED,8.70420525,357.55941,2.9385,1.07E+03,2.86,74,5074,0.863,15.07
CONFIRMED,8.1280933,358.68367,3.727,2.24E+02,1.39,10.7,5831,0.921,15.808
CANDIDATE,2.83668931,353.81531,3.031,1.66E+02,1.19,12.1,5831,0.921,15.808
CONFIRMED,0.974868896,133.076265,1.6191,1.98E+02,1.16,82.6,5487,0.832,13.507
CONFIRMED,4.89721006,133.39852,1.812,2.74E+02,1.48,16.9,5093,0.847,15.456
FALSE POSITIVE,2.757794163,135.232863,2.7644,3.90E+04,20.05,349.2,5747,0.891,15.235
FALSE POSITIVE,1.914158508,134.644919,3.2917,7.83E+03,13.63,124.6,6289,1.118,14.446
FALSE POSITIVE,3.98216698,135.52749,2.396,3.81E+02,3.32,27.1,5570,1.548,15.035
FALSE POSITIVE,0.643794198,133.984483,1.5662,4.57E+02,19.51,53.7,5958,0.83,15.103
CONFIRMED,16.08832318,139.49184,5.731,5.98E+02,3.42,31.3,6157,1.33,15.319
CONFIRMED,10.30067919,142.74251,4.885,2.72E+02,2.2,16.4,6157,1.33,15.319
CONFIRMED,35.6757453,145.00717,7.381,4.71E+02,3.02,18.5,6157,1.33,15.319
CANDIDATE,1.00861677,132.109479,0.91,,,,,,15.319
FALSE POSITIVE,161.7883271,214.039,5.31,8.78E+04,36.14,704.5,6018,1.212,15.661
CONFIRMED,16.56806842,146.15285,4.2647,1.33E+03,2.54,41.9,4987,0.716,15.391
CONFIRMED,47.3329299,151.41614,2.708,9.32E+02,2.18,14,4987,0.716,15.391
FALSE POSITIVE,0.856895349,133.67521,1.3078,8.22E+01,0.82,33.1,6021,0.873,13.098
CONFIRMED,40.8065333,155.71586,13.135,3.14E+02,3.71,54.8,6207,2.097,13.038
CONFIRMED,2.46697039,354.93093,1.6345,3.09E+02,1.56,29.5,5074,0.863,15.07
CANDIDATE,2.624234833,132.304988,1.3874,2.61E+03,5.11,361.1,5340,0.899,13.687
CONFIRMED,6.61836309,360.36694,3.6813,5.49E+02,2.98,31.5,5529,1.294,15.59
CONFIRMED,107.7214092,354.19522,8.042,1.40E+03,4.75,30.5,5529,1.294,15.59
CANDIDATE,92.77779,367.6112,6.64,3.59E+02,1.92,5.2,5888,1.019,15.59
FALSE POSITIVE,5.251916208,357.321883,4.9095,1.06E+04,37.15,146.3,5542,0.872,15.756
CONFIRMED,9.673958488,125.339418,3.2641,9.53E+02,2.63,178,5192,0.873,13.04
FALSE POSITIVE,100.3039228,277.0607,8.702,5.45E+03,29.55,63.2,5055,0.772,15.783
FALSE POSITIVE,200.6110335,456.84444,7.13,,,,,,15.783
FALSE POSITIVE,0.986620248,448.5959,3.9722,1.35E+03,43.98,117.7,6243,1.385,15.022
FALSE POSITIVE,1.63484631,134.512115,6.11,,,,,,12.647
CONFIRMED,14.12847677,142.8971,3.685,6.29E+02,2.73,23,5779,0.974,15.368
CONFIRMED,48.6478543,172.1271,5.464,6.42E+02,4.14,12.2,5779,0.974,15.368
CONFIRMED,8.39842977,136.31152,6.344,3.40E+02,2,28,6309,1.044,15.291
CONFIRMED,8.63847391,139.94684,5.4566,3.96E+02,5.99,38.6,5684,3.046,14.507
CANDIDATE,422.917678,448.49648,31.274,1.37E+03,5.89,61.7,5796,1.444,13.642
CONFIRMED,140.10765,216.21749,18.503,2.67E+02,3.42,29,6207,2.097,13.038
CONFIRMED,3.4815917,132.98828,1.8069,1.35E+02,1.17,23.4,5405,1.022,13.615
FALSE POSITIVE,8.360616221,172.264978,7.5385,2.81E+04,40.35,425.6,5463,2.445,16.209
FALSE POSITIVE,1.838514968,352.72266,2.7391,2.72E+03,4.86,63.7,5751,0.94,15.373
CONFIRMED,35.61760233,197.03573,8.4559,4.63E+03,5.17,155,5123,0.779,15.703
FALSE POSITIVE,1.09206833,133.19403,1.8596,2.19E+02,1.29,45.5,5639,0.859,14.495
CONFIRMED,10.12805158,139.1159,3.517,4.77E+02,1.95,38,5676,0.82,14.743
FALSE POSITIVE,1.613001111,178.52846,2.394,1.04E+02,1.25,19.3,5580,1.205,13.945
CONFIRMED,3.770551475,357.11836,3.8077,1.24E+04,12.05,100.8,6322,1.075,15.439
FALSE POSITIVE,1.343767797,133.275862,1.9405,4.70E+03,18.66,269.8,6324,2.312,13.056
FALSE POSITIVE,29.12436474,142.16154,3.4209,6.50E+03,15.25,63.4,4457,0.481,15.187
FALSE POSITIVE,31.82814583,366.704854,2.917,4.46E+03,35.8,78.7,5908,0.92,15.582
FALSE POSITIVE,3.629442796,134.70066,5.63,4.27E+02,3.28,76.4,6506,1.217,13.055
FALSE POSITIVE,0.553261874,133.446605,0.8875,1.04E+03,97.36,202.2,5679,3.142,13.501
CONFIRMED,5.72812616,135.18066,2.0295,6.43E+02,1.38,20.8,3968,0.548,15.95
CONFIRMED,3.75574267,133.4333,2.2911,4.17E+02,1.58,27.9,5311,0.788,15.764
FALSE POSITIVE,7.44042933,134.76331,2.991,5.47E+02,2.74,34,5815,0.877,15.24
CONFIRMED,6.581477136,174.787814,3.0896,2.32E+03,4.56,116.2,5188,0.973,15.471
CONFIRMED,24.66919273,132.864236,7.03515,7.38E+03,77.76,603,5313,9.327,13.224
CONFIRMED,2.382652873,170.66626,1.8888,7.05E+02,2.74,45.5,5188,0.973,15.471
CONFIRMED,24.66461416,189.02031,2.8579,2.40E+03,5.34,56.7,5188,0.973,15.471
CONFIRMED,11.51517167,174.85855,2.006,1.36E+03,2.9,53.2,5177,0.798,15.386
CONFIRMED,7.641567589,135.407564,3.41018,2.27E+03,4.91,437.5,5356,1.055,13.549
FALSE POSITIVE,30.6113932,374.6216,3.576,3.47E+03,19.68,37.5,3900,0.534,15.97
CONFIRMED,7.40742502,355.49652,3.675,4.42E+02,2.01,23.1,5922,0.961,15.242
FALSE POSITIVE,569.934135,248.94045,4.1904,1.89E+04,38.98,66.7,5367,2.057,14.645
FALSE POSITIVE,5.09246539,357.53594,3.659,2.54E+02,1.17,17.1,5037,0.751,15.162
FALSE POSITIVE,110.6157662,145.83537,5,,,,,,13.62
FALSE POSITIVE,1.103971357,354.58216,0.926,3.18E+02,1.37,21.7,5409,0.746,15.732
CONFIRMED,10.91610834,133.009227,3.6496,1.48E+03,3.93,302.2,5575,0.932,13.113
CONFIRMED,3.353732008,134.869597,1.4598,1.26E+03,1.65,47.8,3789,0.46,15.438
CONFIRMED,6.877446033,132.08426,1.3692,1.63E+03,2.05,39.6,3789,0.46,15.438
CONFIRMED,28.46464804,158.03986,2.6657,1.63E+03,1.87,28.9,3789,0.46,15.438
FALSE POSITIVE,0.293630085,133.584241,2.3857,2.02E+03,26.35,170,5665,0.843,15.822
CONFIRMED,42.89645024,146.0613,5.6897,5.55E+02,2,66.8,5192,0.873,13.04
FALSE POSITIVE,2.44199803,134.57095,2.759,2.52E+02,1.44,27.2,5970,0.796,15.282
CANDIDATE,30.5872153,162.8842,5.3698,4.65E+02,2.32,33.1,5944,1.082,14.143
CONFIRMED,7.09712124,136.34514,2.1059,3.70E+02,0.74,18.3,3569,0.389,15.649
FALSE POSITIVE,2.6827683,134.25535,2.957,7.98E+01,1.19,26.7,6180,1.223,13.475
CONFIRMED,3.601465336,171.99184,2.2753,7.78E+02,2.31,50.7,5052,0.855,15.733
FALSE POSITIVE,3.108251172,170.244566,2.5048,1.87E+03,4.43,156.5,5330,0.847,15.361
CONFIRMED,25.8474958,188.874,5.985,5.37E+02,2.4,27.3,6297,1.031,15.083
CONFIRMED,40.715561,146.36485,6.894,6.81E+02,2.7,28.9,6297,1.031,15.083
FALSE POSITIVE,20.42720701,176.71737,3.447,1.27E+03,4.42,36.7,6014,0.958,15.163
FALSE POSITIVE,6.198273591,183.3731434,7.53837,4.73E+04,19.81,2561.1,6038,0.898,15.67
FALSE POSITIVE,1.023471798,354.8182,2.3499,8.61E+02,3.78,63,5741,0.893,15.381
FALSE POSITIVE,0.51872711,133.676312,1.252,7.14E+02,19.07,93.3,5572,0.762,15.348
CONFIRMED,17.31711739,142.36094,3.1518,1.47E+03,2.04,35.9,4719,0.502,15.759
CONFIRMED,9.42889884,140.1046,4.4481,5.65E+02,4.39,50.4,5897,1.86,14.5
FALSE POSITIVE,1.096583368,133.61436,2.1188,3.09E+02,1.35,44.3,5222,0.763,14.867
CANDIDATE,9.95639775,134.29186,5.615,5.11E+02,28.15,32.9,6161,1.053,15.22
CONFIRMED,6.50327035,135.26657,2.591,4.18E+02,1.67,19,4999,0.843,15.692
CONFIRMED,4.09667624,133.09833,2.19,3.02E+02,1.42,16.2,4999,0.843,15.692
CONFIRMED,1.196548464,132.53363,1.2592,2.25E+02,1.25,16.5,4999,0.843,15.692
CONFIRMED,11.47609015,135.39622,5.046,1.82E+02,2.07,27.7,6071,1.41,13.908
CONFIRMED,25.2630467,134.18397,6.22,1.26E+02,1.71,14.3,6071,1.41,13.908
FALSE POSITIVE,7.1688266,136.23827,1.29,,,,,,15.602
CONFIRMED,0.677374687,133.94573,1.8361,7.67E+01,0.9,38.7,5718,1.037,13.326
CONFIRMED,10.43547031,134.82462,3.4167,2.10E+02,1.22,36.7,5528,0.853,13.404
CONFIRMED,7.41084314,135.75425,3.245,1.24E+02,0.94,25.6,5528,0.853,13.404
CONFIRMED,28.59914031,189.92667,3.6567,1.59E+03,1.83,53.8,3755,0.461,15.19
CONFIRMED,24.58716355,173.70572,3.984,9.08E+02,2.37,35.6,5474,0.749,15.598
FALSE POSITIVE,34.19360031,155.2966351,5.41382,1.37E+04,21.95,1405.6,6129,1.786,13.325
CONFIRMED,12.53248222,170.76535,4.0168,1.15E+03,3.24,66.7,5997,0.904,15.485
CANDIDATE,31.20169247,183.4076137,2.15663,3.45E+04,8.31,607.4,3748,0.449,15.798
CONFIRMED,13.19720694,171.545479,3.4872,2.14E+03,4.18,116.2,4954,0.885,15.223
CONFIRMED,14.85890852,128.154869,3.5252,3.27E+03,5.94,456.8,5356,1.055,13.549
CONFIRMED,4.08897299,135.76402,3.585,1.58E+02,2.36,19,5897,1.86,14.5
FALSE POSITIVE,2.866680334,134.066374,1.1264,7.12E+02,2.93,43,5238,0.764,15.028
CONFIRMED,17.44486016,141.6802,4.445,8.27E+02,3.24,46,5568,0.966,15.007
FALSE POSITIVE,8.30697421,137.08254,2.76,1.59E+02,37.99,17.4,5300,2.124,13.838
FALSE POSITIVE,2.49705175,135.3072596,3.79,,,,,,10.266
CONFIRMED,7.33685101,138.5829,3.548,3.26E+02,1.52,21.6,5795,0.848,15.302
FALSE POSITIVE,22.65117451,140.337593,3.6895,2.25E+03,7.62,170.1,6968,1.333,13.682
FALSE POSITIVE,1.204274435,134.05838,1.3362,1.86E+02,1.19,34.7,5668,0.849,14.415
CONFIRMED,7.71790675,139.15725,1.84,3.07E+02,0.9,12.6,3975,0.509,15.233
CONFIRMED,27.6652847,144.8714,6.633,4.69E+02,2.21,36.1,6036,1.017,14.609
FALSE POSITIVE,0.948950734,134.368152,4.0245,2.13E+03,36.87,238.6,6307,1.133,14.909
CONFIRMED,14.55730897,145.095012,7.7643,9.57E+02,4.32,200,5774,1.412,13.397
FALSE POSITIVE,4.722254104,178.243313,3.451,8.27E+04,14.45,314.1,3801,0.488,13.987
FALSE POSITIVE,0.635069939,134.0209283,2.07171,3.31E+04,57.77,578.6,6340,1.058,14.539
CANDIDATE,6.810823723,136.04667,7.98574,1.44E+04,26.06,1441.9,7226,2.079,12.628
FALSE POSITIVE,0.933746515,133.387415,6.6522,2.94E+03,25.54,549.5,5252,0.716,14.658
FALSE POSITIVE,1.872421727,134.366162,1.5261,3.02E+03,5.65,179,5337,0.825,15.29
CONFIRMED,33.6528474,147.8025,3.9616,1.14E+03,3.05,41.9,4954,0.885,15.223
CONFIRMED,5.90127815,171.40674,2.1979,1.53E+03,1.94,56.6,3731,0.498,15.801
CONFIRMED,8.75209691,170.63671,2.3742,1.37E+03,1.83,44.8,3731,0.498,15.801
CONFIRMED,22.78078241,155.20408,3.3002,1.93E+03,2.17,46.4,3731,0.498,15.801
CONFIRMED,2.896005211,133.61228,1.6776,6.14E+02,1.23,28.6,3731,0.498,15.801
CONFIRMED,0.742957911,133.27936,0.6688,8.43E+02,1.47,45.3,3731,0.498,15.801
FALSE POSITIVE,54.35635067,164.070221,6.4345,1.05E+04,38.81,628.1,6161,1.255,12.899
FALSE POSITIVE,0.54624855,178.5614,2.0543,6.40E+02,18.93,42.9,5414,0.714,15.996
CONFIRMED,18.82744023,196.19088,4.664,1.01E+03,2.7,29.5,5687,0.86,15.762
FALSE POSITIVE,8.4120069,139.64745,3.923,8.20E+02,1.71,39.7,4502,0.621,15.156
CONFIRMED,5.747711909,133.29939,1.8923,8.20E+02,1.86,51.7,4252,0.632,14.496
CONFIRMED,3.504691252,133.511941,1.9811,3.15E+02,2.03,67.5,5356,1.055,13.549
FALSE POSITIVE,0.995861402,132.346819,1.1507,4.99E+03,26.93,272,5286,0.706,15.577
CONFIRMED,86.67856052,175.597013,10.1289,8.24E+03,9.83,318.3,5822,1.081,14.696
CONFIRMED,12.21828097,140.321095,2.6969,1.84E+03,5.1,90.1,5822,1.081,14.696
FALSE POSITIVE,8.387210055,138.903759,1.6477,4.95E+03,72.52,180.6,6089,1.795,14.01
FALSE POSITIVE,15.2384539,369.56902,19.292,7.02E+03,9.84,56,6384,1.086,15.148
FALSE POSITIVE,0.413334492,133.212225,2.3808,2.03E+03,31.52,236.9,5973,1.016,14.784
FALSE POSITIVE,0.93374614,133.388153,6.551,1.72E+03,149.71,365.7,5438,4.319,13.964
FALSE POSITIVE,6.47179275,356.38477,6.788,4.03E+02,2.08,30.7,6341,1.033,15.403
CONFIRMED,64.617518,166.14425,5.796,2.49E+03,5.4,61.9,5043,0.881,15.332
CONFIRMED,13.21409607,140.58492,3.5641,1.15E+03,2.77,38,5333,0.728,15.987
CONFIRMED,6.05729966,135.92756,3.7419,3.85E+02,1.94,35.1,5334,1.004,14.678
CONFIRMED,3.584101048,170.427829,2.7316,2.61E+03,4.66,166.3,5739,0.922,15.954
CONFIRMED,1.763587535,120.5659254,3.16877,4.59E+03,21.42,4061.9,9107,3.031,9.958
CONFIRMED,5.014234733,133.174289,4.589,6.54E+03,10.63,794.3,6490,1.307,13.797
CONFIRMED,8.11528727,174.52257,3.211,8.35E+02,3.1,59.1,5926,0.887,15.219
CONFIRMED,36.9250409,174.22246,4.9381,9.02E+02,3.01,39.3,5926,0.887,15.219
FALSE POSITIVE,37.4783492,157.31713,5.317,1.47E+03,10.05,18.3,3687,0.44,15.501
FALSE POSITIVE,8.09695764,140.74216,3.319,2.84E+02,34,35.4,5949,1.707,13.295
CONFIRMED,32.3122867,133.867,6.569,6.78E+02,4.84,33.6,5821,1.494,14.757
CONFIRMED,9.22961384,138.43961,2.235,4.92E+02,2.79,19.3,6320,1.252,15.399
CONFIRMED,14.5598556,135.95038,5.624,2.91E+02,1.64,15.6,5959,0.966,15.16
CONFIRMED,4.176254191,133.090415,3.6716,1.36E+03,3.07,249.7,4957,0.776,13.698
FALSE POSITIVE,0.528755447,133.38227,5.714,4.09E+02,47.75,100.1,6151,1.954,14.662
CONFIRMED,6.10027621,135.58656,4.7476,7.67E+02,2.59,43.2,5957,0.937,15.678
CANDIDATE,51.59809554,203.979914,2.0153,5.87E+03,6.57,79.7,5681,0.859,15.617
CANDIDATE,1500,315.33083,7.109,9.59E+03,9.8,62.5,5606,0.76,14.709
FALSE POSITIVE,10.9110487,142.52714,7.033,4.02E+02,2.36,28.3,5903,0.864,15.172
CONFIRMED,8.408878137,134.006366,3.4967,7.99E+02,2.28,147.2,5551,0.812,13.771
CONFIRMED,10.93725572,136.98549,3.0822,4.22E+02,2.41,24.6,5334,1.004,14.678
CONFIRMED,2.97136658,134.38662,2.716,2.33E+02,1.52,25.6,5334,1.004,14.678
CONFIRMED,158.6850022,173.94993,11.5372,8.98E+02,3.08,97.4,5751,1.034,12.783
CONFIRMED,2.936527336,135.71829,1.771,3.52E+02,1.92,34.7,5359,1.002,14.968
CONFIRMED,7.03902016,175.73059,3.8633,5.30E+02,2.45,54.3,6321,1.058,15.067
CONFIRMED,8.360870704,175.64459,2.7144,2.04E+03,3.67,120.9,4743,0.81,15.223
FALSE POSITIVE,3.14051153,178.4691,8.2806,1.44E+03,31.01,139.5,6108,0.974,15.246
CONFIRMED,21.76129812,166.540438,1.243,1.30E+03,2.53,60,4859,0.72,12.559
FALSE POSITIVE,12.71379418,175.0725677,2.44093,3.67E+04,2.31,2981.3,2661,0.116,13.102
FALSE POSITIVE,15.80110003,177.1533515,6.37505,3.75E+04,15.61,1642.2,5383,0.789,15.513
CANDIDATE,1500.140677,176.08226,25.727,4.13E+03,18.35,83.3,5009,2.283,13.862
FALSE POSITIVE,1.739428983,354.889074,2.4894,5.90E+03,268.65,130,5415,0.742,15.929
FALSE POSITIVE,1.217266418,133.328666,3.3208,5.81E+03,14.49,603.4,6631,1.638,13.371
FALSE POSITIVE,19.56309252,134.3548284,6.9547,1.30E+04,23.76,2477,6208,1.831,11.115
FALSE POSITIVE,3.7228551,179.30315,12.8164,2.97E+03,5.67,294.8,5873,0.863,15.513
FALSE POSITIVE,48.93786896,140.76639,6.5868,7.24E+03,24.19,445.7,7066,1.761,13.96
FALSE POSITIVE,5.48990788,134.10438,4.02,5.99E+02,23.6,36.7,5982,0.96,15.03
CONFIRMED,161.5278347,198.00137,3.6734,4.65E+03,8.19,54.7,5778,1.213,15.435
FALSE POSITIVE,0.73093905,355.90306,2.8437,4.51E+02,1.45,52.4,4768,0.711,15.736
CONFIRMED,11.39102358,137.70864,2.303,4.49E+02,1.67,10.5,4983,0.728,15.681
CONFIRMED,12.33343853,137.58782,6.221,5.36E+02,4.12,31.7,5896,1.24,14.925
CONFIRMED,8.01500821,134.8277,3.0137,3.63E+02,2,28.6,5359,1.002,14.968
FALSE POSITIVE,0.933749941,133.38422,6.606,4.15E+02,12.93,88.8,3682,0.48,14.96
CONFIRMED,7.053934488,136.357253,1.7244,5.12E+02,2.36,56.3,5357,0.863,13.916
CONFIRMED,4.29263699,134.80018,2.7,6.14E+01,0.68,11.4,5357,0.863,13.916
CONFIRMED,7.6746614,133.22431,1.9374,5.03E+02,2.8,20.8,6063,1.001,15.44
FALSE POSITIVE,0.445275074,133.971372,2.276,2.55E+02,1.21,86.3,5346,0.725,14.507
CONFIRMED,1.213770423,170.483645,0.5532,1.82E+03,0.78,111.4,3292,0.148,15.92
CONFIRMED,0.453287416,133.869741,0.4445,1.46E+03,0.76,150.4,3292,0.148,15.92
FALSE POSITIVE,10.81013273,132.95157,4.4618,6.17E+03,13.95,806.5,6211,1.284,13.794
CONFIRMED,1.865114193,133.792344,0.4279,1.12E+03,0.66,56.9,3292,0.148,15.92
FALSE POSITIVE,3.273699006,171.2385098,3.07626,6.86E+03,22.36,1293.1,10816,2.493,13.234
FALSE POSITIVE,7.047103499,175.03337,3.3208,7.13E+04,51.86,274.9,5730,1.035,13.361
FALSE POSITIVE,0.530300102,354.985736,2.8502,3.04E+03,35.73,207.4,6184,1.038,15.435
FALSE POSITIVE,1.073917869,177.924088,2.4305,1.93E+03,33.01,137.5,5962,0.959,15.686
FALSE POSITIVE,4.206096814,136.44854,10.7381,1.30E+03,32.66,149.3,6306,1.076,14.081
FALSE POSITIVE,19.56313723,369.11182,6.8575,5.54E+03,9.73,157.8,5766,1.077,14.035
FALSE POSITIVE,2.227718792,134.452638,4.9699,1.04E+03,8.88,124.3,6038,0.922,14.85
FALSE POSITIVE,0.591914504,355.353791,1.0225,1.06E+03,27.21,56.3,5122,0.655,15.643
CONFIRMED,36.7704935,164.29112,4.42,1.35E+03,2.83,40.8,5142,0.755,15.596
CONFIRMED,14.58932429,141.93498,2.4184,8.31E+02,2.32,29.3,5142,0.755,15.596
CONFIRMED,0.764017553,132.2214,1.103,1.28E+02,0.86,13.2,5142,0.755,15.596
CONFIRMED,59.8780258,151.1847,4.8027,1.42E+03,2.19,51.8,4016,0.599,14.995
CANDIDATE,20.51360192,357.49424,3.4769,1.17E+03,2.58,32.3,5310,0.704,15.406
CONFIRMED,74.92768653,124.99266,4.74,4.12E+03,6.39,161.5,5618,0.897,14.232
CONFIRMED,150.0189511,224.685714,4.3823,4.32E+03,32.6,106.2,5618,0.897,14.232
CONFIRMED,2.613020421,133.11283,1.9588,6.00E+02,1.5,31.1,3883,0.517,15.84
CONFIRMED,0.927859786,133.905978,1.4279,5.15E+02,1.79,99.8,4815,0.699,14.631
CONFIRMED,205.912735,252.74129,9.992,2.38E+03,4.68,49.4,5644,0.969,15.531
CONFIRMED,7.10695741,138.32271,5.1462,1.31E+02,1.72,33.8,5761,1.518,13.438
CANDIDATE,0.783276173,355.94865,1.6735,2.65E+02,1.98,46.9,5640,1.233,15.005
CANDIDATE,3.17405898,357.05776,2.3156,2.82E+02,2.09,29.2,5640,1.233,15.005
CONFIRMED,2.1395563,133.65392,2.0678,2.66E+02,1.76,48.9,5534,1.08,14.466
CONFIRMED,4.807103254,134.640371,0.9393,4.51E+02,2.96,32.9,5534,1.08,14.466
CONFIRMED,21.4054422,147.08981,11.721,4.09E+02,11.64,60.9,4838,4.361,12.44
CONFIRMED,10.5007712,135.6479,14.522,1.83E+02,5.68,45.3,4838,4.361,12.44
CONFIRMED,2.633852528,134.56431,2.0206,2.60E+02,1.38,23.3,5114,0.878,15.173
CONFIRMED,6.18670882,136.63308,2.909,2.03E+02,1.21,14.3,5114,0.878,15.173
CONFIRMED,1.796320953,133.33662,1.9139,2.11E+02,1.2,22.1,5576,0.829,15.587
CONFIRMED,3.468073,136.00831,2.361,2.44E+02,1.29,20.6,5576,0.829,15.587
CONFIRMED,5.9142668,133.49193,2.661,2.53E+02,1.31,17.4,5576,0.829,15.587
CONFIRMED,14.00640392,142.20885,4.6919,7.16E+02,3.11,109.3,5788,1.124,13.837
CONFIRMED,3.546531809,134.90127,2.2746,4.43E+02,2.18,26.4,5993,0.986,15.934
CONFIRMED,5.70070626,132.69229,1.6408,3.80E+02,2.03,15.2,5993,0.986,15.934
CONFIRMED,20.8341497,186.03921,4.522,8.03E+02,2.26,26.2,5296,0.808,15.956
CONFIRMED,7.0556584,181.91205,3.0479,7.06E+02,2.13,32.1,5296,0.808,15.956
CONFIRMED,10.47548084,152.64165,2.3024,1.07E+03,2.11,40.3,4463,0.611,15.415
CONFIRMED,22.92886314,143.86271,2.0831,9.09E+02,2.08,21.3,4463,0.611,15.415
CONFIRMED,77.4740991,184.24533,4.168,1.54E+03,2.63,27.5,4463,0.611,15.415
CANDIDATE,345.1589354,318.307719,7.5646,5.09E+03,7.79,197.9,5597,0.931,13.46
CONFIRMED,6.88595222,138.40761,4.148,4.29E+02,2.68,34.5,5616,0.999,15.017
CANDIDATE,99.6442783,283.236289,5.1772,3.22E+03,8.48,163.2,6102,1.016,13.75
FALSE POSITIVE,3.125814002,356.41184,1.7895,2.39E+02,1.88,32,6358,1.181,14.521
CONFIRMED,5.660669429,137.416045,4.6483,7.38E+02,3.24,201.1,5746,1.173,13.494
FALSE POSITIVE,10.80487163,134.09498,2.7215,2.93E+02,1.71,27.4,6092,0.998,14.503
CONFIRMED,13.71938426,140.74483,5.5677,3.16E+02,1.98,48.3,6387,1.105,14.2
CONFIRMED,29.2214959,139.32807,4.014,3.94E+02,1.81,14.6,5576,0.829,15.587
CONFIRMED,44.8520997,172.46196,3.5729,7.81E+02,3.35,33,5514,1.071,14.775
CONFIRMED,20.34237838,137.6952,2.3351,5.65E+02,2.88,28.7,5514,1.071,14.775
CONFIRMED,118.3786735,287.28744,9.5574,1.08E+03,3.4,83.1,5657,1.046,13.709
CONFIRMED,23.58444746,145.95798,5.5545,4.29E+02,3,42.8,5655,1.354,13.971
CONFIRMED,11.97884409,178.96957,3.751,7.08E+02,2.11,27.8,5296,0.808,15.956
CONFIRMED,3.71545593,169.78318,2.558,3.32E+02,1.46,19.6,5296,0.808,15.956
CONFIRMED,2.58083264,171.56048,2.1729,2.70E+02,1.31,17.5,5296,0.808,15.956
FALSE POSITIVE,1.487084251,133.97746,1.3233,2.96E+02,1.6,17.9,5650,0.876,15.52
CONFIRMED,19.25404023,164.78424,4.6509,9.88E+02,3.04,50.7,5798,0.941,15.368
CONFIRMED,15.0549356,144.575,4.801,2.56E+02,1.6,16.6,5616,0.999,15.017
CONFIRMED,2.92721119,133.82725,2.545,1.70E+02,1.29,18,5616,0.999,15.017
CONFIRMED,38.2856338,143.2984,6.512,3.23E+02,1.77,15,5616,0.999,15.017
CONFIRMED,19.80787763,139.37983,3.453,6.16E+02,2.08,20.1,5775,0.84,15.65
CONFIRMED,2.343230566,133.20732,2.0424,2.47E+02,1.18,23.9,4798,0.782,14.782
CANDIDATE,19.03723442,148.55057,3.3882,4.01E+02,5.74,25.3,5248,2.892,14.898
FALSE POSITIVE,2.73987398,134.5503077,4.15886,2.06E+04,34.83,1454.3,6520,2.26,11.743
FALSE POSITIVE,5.801880653,357.453464,4.2608,4.19E+04,19.91,396.8,5845,0.874,15.359
FALSE POSITIVE,85.34092607,386.211642,10.6141,5.17E+04,1177.65,898.4,6004,0.898,15.252
FALSE POSITIVE,0.782045734,134.0214,1.7945,1.62E+04,45.05,272.3,6113,0.995,14.912
CANDIDATE,0.576078683,134.107265,1.63253,1.01E+04,23.23,426,5693,0.816,15.237
CONFIRMED,10.1171684,137.44489,4.6677,2.89E+02,3.07,50.6,6306,1.792,13.832
CONFIRMED,19.12947603,139.4353,3.9622,4.51E+02,4.23,31.7,5372,1.71,14.569
CONFIRMED,83.5781976,202.45865,7.2487,6.31E+02,6.63,54.9,6056,2.562,13.498
CONFIRMED,6.1469956,135.07385,3.3153,2.50E+02,2.04,25.8,6110,1.296,14.706
FALSE POSITIVE,0.522457732,133.751976,0.8907,1.44E+02,1.52,48.2,5991,0.954,13.343
CONFIRMED,54.1558384,172.36559,4.432,1.11E+03,3.88,29.1,5798,0.941,15.368
CONFIRMED,3.548465446,122.9014315,4.56904,7.25E+03,14.92,2486.5,6290,1.746,13.369
CONFIRMED,11.1199028,139.753524,3.3759,6.36E+02,2.08,100.3,5078,0.766,13.536
CONFIRMED,0.567856484,134.063088,1.0258,3.35E+02,1.55,53.8,5073,0.853,15.055
FALSE POSITIVE,251.0597249,230.027745,5.1095,7.42E+03,44.2,110.3,5714,1.086,14.695
FALSE POSITIVE,11.70219638,151.13414,2.6658,6.40E+02,16.15,41.3,5758,0.762,13.579
CONFIRMED,40.7150498,146.56647,8.587,5.64E+02,2.2,56.4,5968,0.881,14.201
CONFIRMED,10.44635944,133.27821,2.749,3.54E+02,2.18,34.4,5968,0.881,14.201
CONFIRMED,2.508553286,135.0112,2.2664,2.12E+02,1.28,26.8,5814,0.881,14.271
CONFIRMED,13.75129636,144.61389,3.853,3.49E+02,1.66,24.6,5814,0.881,14.271
FALSE POSITIVE,0.885747456,134.486834,4.4788,8.95E+02,269.98,203.6,5487,10.396,12.686
FALSE POSITIVE,3.611541977,357.25064,8.6068,2.97E+03,28.07,167.1,5203,0.802,15.736
CONFIRMED,8.041347775,143.038292,2.6332,5.91E+02,1.29,77.5,3980,0.54,13.738
FALSE POSITIVE,5.082722475,137.26075,5.9139,1.97E+03,4.4,95.5,5780,1,12.777
CANDIDATE,78.9257421,429.37454,7.5193,1.80E+04,11.9,85.2,5750,0.882,15.913
FALSE POSITIVE,9.991625291,137.447816,3.8552,3.45E+03,38.93,220.3,5874,1.096,14.039
CONFIRMED,8.57504983,140.14063,8.653,1.61E+02,4.26,36.9,4986,3.464,13.242
CANDIDATE,6.84639884,133.76181,3.4919,1.50E+02,1.9,36.3,6065,1.31,13.137
CONFIRMED,7.64970832,138.33113,6.625,5.54E+01,1.43,28.5,5855,1.613,11.926
CANDIDATE,12.37679312,143.3787176,3.85,,,,,,11.926
CONFIRMED,10.30401132,138.50377,4.2246,3.16E+02,1.84,53.8,5657,1.046,13.709
FALSE POSITIVE,2.171827838,355.083686,3.2205,4.21E+04,58.56,300.6,5650,0.891,15.58
CONFIRMED,3.016182013,133.88395,2.8349,2.23E+02,2.25,31.9,5611,1.4,14.878
CONFIRMED,6.8833761,135.26522,2.2702,4.58E+02,1.69,28.1,5679,0.794,14.931
FALSE POSITIVE,0.833980196,133.68304,1.756,2.61E+02,1.45,56.9,5747,0.871,14.657
FALSE POSITIVE,69.62754202,176.3098622,11.07,,,,,,15.384
FALSE POSITIVE,1.926353494,133.68077,2.5305,1.85E+02,1.33,36.9,6063,0.899,14.618
FALSE POSITIVE,0.890737359,134.56707,1.9257,1.96E+02,20.57,37.7,5687,1.169,14.624
CONFIRMED,5.41908491,131.6422,2.3379,2.31E+02,1.38,20.2,5814,0.881,14.271
CONFIRMED,7.01733571,133.90592,3.567,2.56E+02,1.61,15.5,6052,0.967,15.28
CONFIRMED,6.91134223,136.64878,5.6743,2.02E+02,1.9,44,5685,1.35,14.056
CONFIRMED,394.6249514,177.84534,24.108,2.01E+03,7.79,234.6,5910,1.727,12.849
CONFIRMED,7.19304935,136.05065,3.407,2.55E+02,1.59,19,6185,0.991,15.451
CONFIRMED,86.64764448,173.794641,4.2326,7.31E+03,9.4,241.9,5522,1.12,14.651
CONFIRMED,36.33750453,160.39806,7.06,2.83E+03,5.3,96.8,5717,0.884,15.773
CONFIRMED,14.64613058,136.5227,5.688,5.94E+02,2.22,30,5717,0.884,15.773
CONFIRMED,148.272013,138.00557,4.192,1.71E+03,4.3,21.8,5717,0.884,15.773
FALSE POSITIVE,1.506507172,178.18515,4.5346,8.81E+02,13.4,86.7,3755,0.473,15.591
FALSE POSITIVE,1.634614356,133.96855,3.4422,1.98E+04,44.22,376.5,6121,0.97,15.31
FALSE POSITIVE,16.02501898,367.693328,3.8828,2.91E+04,1069.01,257.8,5776,0.789,15.484
CONFIRMED,10.50682978,360.082152,3.7769,1.34E+04,9.01,343.4,5127,0.782,15.95
FALSE POSITIVE,0.711966971,134.223486,2.0221,6.23E+03,33.34,392.2,5486,0.83,15.469
FALSE POSITIVE,17.72724392,356.795528,4.1073,1.69E+04,14.77,109.7,6181,1.006,15.073
CONFIRMED,321.2124365,206.930556,4.012,2.36E+03,7.25,81.7,6018,1.286,13.709
FALSE POSITIVE,7.13895376,184.24569,4.568,2.54E+02,49.96,32.9,7131,2.145,13.997
FALSE POSITIVE,4.4645454,132.31538,2.8823,1.94E+02,3.07,37.6,6093,1.985,13.51
CONFIRMED,11.29689442,134.57233,4.623,1.99E+02,1.74,20.9,6096,1.176,14.788
FALSE POSITIVE,19.30112039,133.35614,6.0752,2.32E+02,1.66,45,5687,0.943,13.601
FALSE POSITIVE,1.20320092,133.929836,1.9197,2.81E+03,49.25,250.8,6218,1.349,11.374
CONFIRMED,5.968724048,137.158607,3.651,5.11E+02,3.26,107.1,6122,1.439,13.717
FALSE POSITIVE,10.9802462,137.1376073,3.74464,5.01E+04,21.94,1555.4,5952,0.897,14.212
CONFIRMED,2.144632238,133.984128,6.2701,1.98E+04,59.19,334.8,6296,1.305,13.48
FALSE POSITIVE,27.32204488,159.7472774,5.6716,7.75E+04,21.58,3622.7,5620,0.772,13.552
FALSE POSITIVE,1.152216965,133.277861,2.2245,1.21E+04,187.73,104.5,5560,15.113,13.63
FALSE POSITIVE,5.2972293,177.95111,3.799,1.21E+03,47.7,31.8,4631,14.296,13.85
CONFIRMED,133.460999,216.04334,11.4997,5.03E+03,11.21,162.3,5588,1.593,15.12
CONFIRMED,5.188563677,145.362252,2.3683,3.59E+02,1,56.4,3980,0.54,13.738
CONFIRMED,15.19423359,142.73422,3.106,3.68E+02,3.69,18.1,5588,1.593,15.12
FALSE POSITIVE,14.17098745,359.82956,3.4804,3.07E+03,4.19,93.6,5107,0.777,15.379
FALSE POSITIVE,31.9734169,133.86598,13.262,1.41E+03,24.1,62.5,4931,0.774,15.527
CONFIRMED,3.990105908,355.840837,2.4108,6.15E+03,7.45,247.8,5926,0.913,15.572
FALSE POSITIVE,0.52205862,133.138446,2.0847,1.38E+03,27.16,169,5359,0.878,15.636
CONFIRMED,10.03538181,137.471481,3.4062,2.83E+03,4.42,150.9,5813,0.833,15.062
FALSE POSITIVE,53.10094262,135.9717179,2.2868,2.00E+04,24.02,1108.5,5465,0.973,12.907
FALSE POSITIVE,5.80181368,137.57807,4.119,2.70E+02,4.52,35.3,6020,2.097,13.752
FALSE POSITIVE,15.6402515,359.07991,6.222,8.00E+02,18.11,19.3,5346,0.826,15.908
FALSE POSITIVE,0.691666384,135.94927,1.9603,3.56E+01,0.58,20.8,5687,0.943,13.601
CONFIRMED,5.62154315,136.89013,2.4143,1.72E+02,1.37,35.3,5637,0.96,13.687
FALSE POSITIVE,1.074106954,133.84323,1.9797,6.45E+01,0.52,48.5,4699,0.676,11.748
FALSE POSITIVE,5.117401517,134.586518,4.3056,6.29E+04,28.41,456.6,6161,1.053,15.764
FALSE POSITIVE,4.20233673,179.533899,3.6973,4.60E+04,23.53,258.8,6185,1.094,15.653
CONFIRMED,8.50698069,134.64421,2.938,2.96E+02,1.9,20.7,5822,0.986,15.135
FALSE POSITIVE,15.60865244,144.29934,6.26,3.11E+02,6.17,46.9,8014,2.43,13.376
CONFIRMED,0.669310092,134.131388,1.6274,1.32E+02,1.13,75.3,5475,1.003,12.521
FALSE POSITIVE,4.494498254,134.77583,1.9742,2.48E+02,62.11,39.3,5117,3.403,12.786
CONFIRMED,44.9306706,140.2077,6.539,4.38E+02,2.49,33.8,6121,1.164,13.949
CONFIRMED,14.13175309,142.26044,4.0136,1.03E+03,3.02,40.1,5616,0.822,15.762
FALSE POSITIVE,1.061934816,133.84801,3.2551,4.37E+02,25.72,74.5,5730,0.87,15.062
CONFIRMED,11.41926141,137.66894,3.9908,9.16E+02,1.48,58,3823,0.492,15.314
FALSE POSITIVE,5.93821065,136.52839,2.5128,5.23E+02,61.63,33.6,6123,0.85,14.423
CANDIDATE,268.9410974,360.070904,5.4434,9.01E+03,13.57,120.4,5798,1.306,14.814
FALSE POSITIVE,0.655001616,133.176794,1.8136,2.71E+02,31.77,104.5,6426,2.089,13.371
CANDIDATE,80.9669561,160.97672,2.5276,4.73E+03,5.04,52,5611,0.737,15.671
CONFIRMED,33.1996355,153.66086,5.022,1.11E+03,2.85,32.6,5102,0.88,15.03
FALSE POSITIVE,8.65306587,134.30886,4.486,1.05E+03,19.78,43,4641,0.694,15.703
CANDIDATE,6.80082032,359.17999,1.9883,7.00E+02,1.88,25.5,4805,0.688,15.238
CONFIRMED,19.30581662,373.18998,4.2902,7.09E+02,4,36.3,5661,1.522,15.151
FALSE POSITIVE,3.221785738,136.141517,3.3411,4.64E+04,25.03,336.4,6250,1.041,14.601
FALSE POSITIVE,0.6243875,133.0436541,1.92102,3.69E+04,29.45,628.3,5211,0.618,15.487
FALSE POSITIVE,18.61009258,139.0850449,4.98308,5.08E+04,55.23,1309.3,6077,0.891,15.84
CONFIRMED,13.22175358,139.570627,2.7884,8.77E+02,2.38,93.6,5211,0.799,13.938
FALSE POSITIVE,1.137525054,133.805565,2.68228,1.80E+04,42.74,633.1,5912,0.937,15.452
FALSE POSITIVE,23.79993927,152.5654761,5.02319,6.02E+04,51.74,2065.8,5934,0.957,14.669
CONFIRMED,7.16893064,135.67854,4.6766,1.13E+02,1.61,36.3,6221,1.458,12.32
CANDIDATE,54.325574,142.236,9.86,4.42E+01,0.76,7.7,6343,1.137,12.32
CANDIDATE,20.01959599,150.8362184,7,,,,,,12.32
FALSE POSITIVE,1.22775877,133.78679,2.7545,4.61E+04,48.79,292.7,6207,1.044,13.184
FALSE POSITIVE,40.24649897,161.306577,6.0203,1.59E+05,97.54,420.9,6594,1.691,13.092
FALSE POSITIVE,2.27999662,133.640649,5.7777,1.28E+04,20.74,366.8,6594,1.691,13.092
FALSE POSITIVE,2.48658617,134.110364,2.7189,4.21E+04,24.39,91.6,5892,1.198,15.418
CONFIRMED,5.729317577,138.559971,1.1816,8.65E+02,2.41,59,5320,0.786,14.809
CONFIRMED,11.77613232,142.705753,2.8971,1.43E+03,2.08,163.5,3980,0.54,13.738
CONFIRMED,11.60908533,133.99324,2.2603,4.89E+02,1.71,34.1,5320,0.786,14.809
CANDIDATE,162.0479502,278.880573,9.8974,4.84E+03,11.52,370.2,6309,1.567,13.632
FALSE POSITIVE,0.530967162,133.849416,3.3659,2.45E+02,23.72,125.5,6449,1.193,13.586
CONFIRMED,40.05881661,169.91063,5.595,1.24E+03,3.43,62.6,5668,0.868,14.862
CONFIRMED,6.09747233,354.05919,3.431,2.18E+02,2.22,17.4,5661,1.522,15.151
CONFIRMED,56.637918,135.51975,6.172,5.90E+02,3.68,20.9,5661,1.522,15.151
FALSE POSITIVE,2.243016513,133.45086,2.721,3.00E+02,1.37,59.1,5462,0.732,13.98
FALSE POSITIVE,8.6531216,134.30147,4.39,6.55E+02,22.58,35.7,5421,0.852,15.454
CONFIRMED,8.99088621,136.73923,4.2447,4.70E+02,2.78,93.6,5881,1.171,13.431
FALSE POSITIVE,34.06456641,150.452048,9.6114,2.85E+04,15.57,1305.9,6161,0.892,15.443
FALSE POSITIVE,4.350087749,134.800238,2.6428,2.36E+04,24.77,192.2,6060,0.953,14.855
FALSE POSITIVE,1.744101106,134.50867,1.5497,9.68E+03,7.21,152.6,4368,0.703,15.702
FALSE POSITIVE,7.981187121,133.802114,1.8071,7.61E+03,18.75,202.1,6217,0.989,14.36
FALSE POSITIVE,4.118775582,357.261244,3.76,2.65E+03,4.48,125.6,5944,0.802,15.797
CANDIDATE,1.694740233,355.357543,1.6864,1.45E+03,2.12,92.3,3764,0.527,15.804
FALSE POSITIVE,0.971933156,133.853925,1.9265,4.79E+03,50.75,223.1,5592,0.931,15.289
FALSE POSITIVE,121.5991278,137.27469,15.1596,1.05E+04,379.63,297,6036,0.847,14.6
CANDIDATE,15.06806077,363.549714,3.3011,1.94E+04,16.43,282.8,5982,0.96,15.95
CONFIRMED,7.886632468,360.514132,5.2147,6.33E+03,8.99,392.3,5847,1.135,15.014
CONFIRMED,8.027681123,360.171355,3.0942,8.73E+03,8.43,461.5,5569,0.887,15.57
CONFIRMED,704.962626,492.77178,18.003,2.32E+03,4.53,96.1,5305,0.818,13.354
CONFIRMED,50.28635977,167.63351,6.3212,1.12E+03,3.88,99.5,5900,1.167,13.672
CONFIRMED,22.79020351,138.68515,5.0394,6.18E+02,2.57,47.7,5478,1.053,14.766
CONFIRMED,13.26079792,139.0988,3.912,1.99E+02,1.47,17.6,5478,1.053,14.766
FALSE POSITIVE,1.061932545,133.850441,2.1429,1.34E+02,2.29,80.2,6134,1.851,12.953
CONFIRMED,127.8334997,293.41845,10.914,1.83E+03,9.46,76.9,6505,2.17,13.968
CONFIRMED,10.21864532,136.8622,3.802,4.45E+02,2.33,26.6,6100,1.083,14.82
CONFIRMED,15.573637,132.44282,5.326,4.68E+02,2.94,24.7,6100,1.083,14.82
CONFIRMED,40.1015561,132.71244,5.246,5.50E+02,2.92,19,6100,1.083,14.82
CONFIRMED,4.45814897,134.39743,2.867,1.88E+02,1.61,14.3,6100,1.083,14.82
FALSE POSITIVE,5.663621501,133.89009,1.2968,1.23E+03,2.47,39.8,4917,0.723,15.444
CONFIRMED,6.230335,181.29566,1.6493,1.45E+03,3.7,31.6,5477,0.865,15.977
CONFIRMED,12.49340725,138.462232,2.2614,7.16E+02,2.2,76.2,5207,0.795,13.575
CONFIRMED,6.62643441,183.98789,3.1752,8.15E+02,2.54,40.6,5616,0.903,15.843
CONFIRMED,3.70122061,180.27172,2.523,3.27E+02,1.62,19.6,5616,0.903,15.843
CANDIDATE,6.247030799,356.90972,1.4848,1.50E+03,1.89,44.8,3821,0.487,15.369
CONFIRMED,13.73474071,142.32752,2.769,7.46E+02,2.71,31,5196,0.772,15.187
CANDIDATE,700.0029822,249.44205,7.6525,3.25E+03,6.43,60.3,6487,1.118,13.594
CANDIDATE,272.0868353,378.13721,2.7145,5.57E+03,5.95,21.5,5587,0.791,15.166
CONFIRMED,14.55387488,134.11669,6.973,3.20E+02,3.45,26.8,6143,1.507,14.377
FALSE POSITIVE,0.895277575,133.411986,2.711,5.35E+02,9.27,132.1,8040,3.325,13.574
CONFIRMED,81.0637895,139.53492,3.001,4.76E+02,3.01,19.4,6198,1.324,13.914
CONFIRMED,24.8056775,145.07526,6.148,6.24E+02,2.16,39.4,5600,0.872,15.204
CONFIRMED,13.02493307,138.176157,4.5706,7.78E+02,2.88,119.3,5657,1.046,13.709
CONFIRMED,44.3471936,161.31738,6.43,7.92E+02,2.45,40.5,5600,0.872,15.204
CONFIRMED,9.2207691,138.0072,4.907,1.40E+02,1.02,13.2,5600,0.872,15.204
CONFIRMED,13.6396648,141.7301,5.425,1.63E+02,1.1,13.3,5600,0.872,15.204
CONFIRMED,1.922799706,134.50174,1.8604,2.60E+02,1.28,30.1,5194,0.815,14.829
CONFIRMED,3.222975318,178.0701,2.9247,2.33E+02,1.47,31.3,5823,0.96,14.609
CANDIDATE,42.0370662,178.25006,6.282,2.67E+02,1.66,14.7,5823,0.96,14.609
CANDIDATE,21.0112068,132.6336,4.507,1.64E+02,1.4,10.2,5823,0.96,14.609
CONFIRMED,4.16811839,134.89621,2.8084,2.63E+02,2.28,26.7,5689,1.313,14.801
CONFIRMED,5.82348911,354.99602,2.2441,8.89E+02,3,38.1,5774,0.864,15.898
CANDIDATE,8.75059775,358.24233,2.8288,8.82E+02,2.27,28.3,4942,0.779,15.92
FALSE POSITIVE,9.41475056,142.32936,4.736,4.83E+02,19.33,55.2,6406,1.033,13.66
FALSE POSITIVE,0.56669006,133.81294,2.1674,1.05E+02,1.52,53.8,6899,1.386,13.44
CONFIRMED,7.13969705,137.18652,3.981,5.13E+02,2.24,27.8,6014,0.993,15.906
CONFIRMED,18.75470238,141.7172,3.0331,9.95E+02,1.67,33.2,3976,0.54,15.473
FALSE POSITIVE,3.00363219,135.64129,3.732,1.01E+02,1.43,38.5,6309,1.32,12.476
CONFIRMED,11.30123036,134.91855,4.022,2.77E+02,1.85,18.5,5730,1.122,14.981
FALSE POSITIVE,0.796722833,133.07985,2.4551,1.07E+02,1.44,43.9,5959,1.334,13.379
CONFIRMED,4.24153629,133.45522,2.971,1.88E+02,1.44,18,5776,1.047,14.621
CONFIRMED,17.32419108,142.09977,8.045,2.41E+02,3.14,49.1,5968,1.857,13.42
CONFIRMED,14.37457572,138.20189,4.7892,3.36E+02,1.94,55.2,5768,1.067,13.749
CONFIRMED,9.65188331,132.15947,4.296,1.03E+02,1.08,19.8,5768,1.067,13.749
FALSE POSITIVE,6.0990118,135.52357,3.6112,2.28E+02,3.16,39.3,5743,1.971,13.951
CONFIRMED,49.4781446,141.82465,2.493,4.97E+02,1.88,20.4,5776,0.849,14.427
CONFIRMED,30.8639476,162.88077,8.864,2.57E+02,3.01,63,5977,1.571,12.547
CONFIRMED,2.403640701,134.73065,1.4012,7.49E+01,1.24,16.3,5881,1.171,13.431
FALSE POSITIVE,2.90060781,179.83386,2.563,1.25E+02,1.58,20.6,6547,1.371,13.887
CONFIRMED,4.51436096,134.0293,3.0083,2.31E+02,1.84,28.4,5940,1.215,14.946
CONFIRMED,3.77359871,134.07013,2.7282,1.76E+02,1.29,25.6,6224,0.969,14.207
CONFIRMED,8.18182189,134.81423,2.4566,3.00E+02,1.77,27.4,6224,0.969,14.207
CONFIRMED,13.32389352,135.24585,3.2208,7.81E+02,1.26,25.9,3751,0.45,15.931
CONFIRMED,4.919584997,134.602396,4.1988,4.26E+02,2.86,132,6236,1.378,13.273
CONFIRMED,11.41911886,186.30498,5.135,5.09E+02,3.32,23.7,6311,1.172,15.965
CONFIRMED,11.36113254,136.92584,4.1886,5.70E+02,2.6,57,6244,1.009,14.63
FALSE POSITIVE,1.3866358,134.3472,4.77,7.01E+01,0.72,6.8,5693,0.856,15.755
CONFIRMED,14.53410833,145.42643,3.3094,5.11E+02,1.36,32.5,3957,0.553,14.688
CONFIRMED,33.0063185,145.38821,7.118,2.78E+02,3.13,38.2,5968,1.857,13.42
CONFIRMED,11.13127159,134.36341,4.2372,2.11E+02,2.06,36.8,5800,1.435,13.459
FALSE POSITIVE,3.47143963,133.74061,3.663,9.98E+01,1.19,27.5,6341,1.111,13.599
CONFIRMED,29.6193891,133.68205,4.9595,3.15E+02,1.74,42.5,5618,0.996,13.331
FALSE POSITIVE,3.50376155,134.6825677,3.16,,,,,,14.463
CONFIRMED,8.925079516,139.71389,2.6766,9.78E+02,2.36,135.8,4728,0.693,13.461
CONFIRMED,8.0922105,138.04535,5.7696,6.53E+01,1.44,37.5,5774,1.395,11.731
FALSE POSITIVE,3.117087797,134.684738,3.06941,1.22E+04,88.51,441.7,6338,2.046,11.397
CONFIRMED,22.687155,148.455435,5.4921,9.60E+02,3.2,122.8,5657,1.046,13.709
FALSE POSITIVE,0.937406378,134.726531,1.9515,5.08E+03,7.09,138.9,5480,0.843,14.546
FALSE POSITIVE,0.668483615,178.281377,2.0909,2.90E+03,29.53,161.2,5546,0.81,15.905
FALSE POSITIVE,4.429633087,355.143546,3.0257,6.12E+03,32.12,166.3,5344,0.809,15.91
FALSE POSITIVE,1.544927524,133.54909,1.0134,1.39E+02,1.39,25.4,6309,1.132,13.643
CONFIRMED,4.48758768,133.36092,2.874,1.12E+02,1.37,25.9,6060,1.257,13.446
FALSE POSITIVE,0.323021692,133.603668,2.3442,4.71E+04,46.4,520.6,5458,0.972,11.234
FALSE POSITIVE,4.70818628,137.0593,3.278,5.65E+04,42.99,24.7,5868,0.894,13.279
FALSE POSITIVE,14.40585744,360.3847471,5.48509,3.04E+04,23.42,2294.1,5945,1.346,14.808
FALSE POSITIVE,7.702374154,137.563452,3.8459,1.84E+04,225.25,157.2,5598,0.83,15.144
CONFIRMED,16.56062577,133.49703,2.611,7.01E+02,2.94,30.8,5818,0.855,15.198
CONFIRMED,15.74958583,150.24579,4.6672,6.60E+02,2.77,42.6,6191,1.025,15.3
CONFIRMED,37.8145252,134.66424,9.109,4.13E+02,3.04,57.9,5988,1.314,13.601
CONFIRMED,12.64504291,138.63149,9.117,2.00E+02,1.55,32.7,5607,0.886,14.447
CONFIRMED,21.5262958,132.28787,8.392,1.90E+02,1.36,23.4,5607,0.886,14.447
CONFIRMED,33.8845825,159.98819,6.538,2.24E+02,1.74,17.2,5607,0.886,14.447
CONFIRMED,6.40087137,136.8824,2.5561,1.34E+02,1.91,24.4,5426,1.421,12.988
CONFIRMED,30.1599411,138.51774,7.874,1.76E+02,4.54,32.3,5010,3.051,11.584
CONFIRMED,51.0771048,152.35694,11.233,1.42E+02,3.66,24.1,5010,3.051,11.584
FALSE POSITIVE,4.2856756,134.4812,4.059,3.14E+01,2.13,8.3,5055,3.733,12.203
FALSE POSITIVE,7.388833611,133.9344039,5.62857,1.31E+04,10.66,1509.3,5845,0.838,13.209
FALSE POSITIVE,2.698021895,136.32786,23.192,6.72E+03,52.51,647.1,6568,1.211,13.717
CONFIRMED,117.931108,219.704226,5.8796,8.51E+03,10.36,212.5,6392,1.072,15.128
FALSE POSITIVE,4.887806806,354.539481,2.4078,4.68E+03,5.71,116.1,5284,0.812,15.399
FALSE POSITIVE,11.97360504,144.779315,4.3117,3.82E+03,38.2,172.9,6146,0.943,15.175
FALSE POSITIVE,1.231364189,133.036618,5.8574,1.10E+03,5.39,229.7,5897,0.891,14.97
FALSE POSITIVE,2.102416517,134.394943,1.7684,1.50E+03,29.29,94.3,5999,0.959,15.642
FALSE POSITIVE,11.7031093,133.721698,2.0467,4.20E+03,37.3,126.6,6014,0.958,15.003
FALSE POSITIVE,13.73808249,134.43787,3.354,6.61E+02,3.84,68.4,6375,1.178,13.805
FALSE POSITIVE,16.66216657,142.186468,3.8762,2.74E+04,843.45,114.5,6440,1.169,13.344
FALSE POSITIVE,0.752159702,134.047229,2.3621,3.43E+03,43.73,291.1,5916,1.175,11.884
FALSE POSITIVE,4.81886153,358.16338,6.223,1.32E+03,2.96,86.3,5030,0.651,15.932
CONFIRMED,125.8654019,236.659731,9.0191,1.24E+04,12.37,544.7,5933,1.115,13.956
CONFIRMED,34.5439452,132.68453,3.482,4.30E+02,2.67,23.4,5933,1.115,13.956
CONFIRMED,10.74241765,133.2867,6.0633,4.15E+02,3.06,95.4,5761,1.518,13.438
FALSE POSITIVE,4.02378908,136.23411,3.237,3.21E+01,2.24,36.1,7516,3.685,10.083
FALSE POSITIVE,0.312941621,133.810501,2.0646,3.53E+04,58.02,413.9,6286,1.188,13.397
CONFIRMED,2.495780169,135.336948,4.2721,2.51E+04,15.75,171.4,6039,0.992,14.152
FALSE POSITIVE,8.428090255,358.303469,1.881,1.14E+04,517.43,183,5761,0.805,15.977
FALSE POSITIVE,8.344104633,361.839209,1.8014,9.70E+03,836.31,89.7,5447,0.838,15.734
CANDIDATE,1.714274727,133.3158074,2.06728,2.85E+04,25,987.2,3874,0.535,15.686
FALSE POSITIVE,137.759605,173.16476,9.1713,8.33E+04,49.52,885.9,5323,1.452,15.324
FALSE POSITIVE,2.155278342,133.576109,2.1064,2.07E+04,16.89,142.7,5665,0.82,13.997
FALSE POSITIVE,3.661326482,135.26995,2.5714,1.78E+04,12.07,424.6,5319,0.798,14.349
CONFIRMED,4.75400072,128.547155,2.5394,7.49E+02,2,141.4,4728,0.693,13.461
FALSE POSITIVE,0.76973817,133.2965754,2.5,,,,,,14.84
FALSE POSITIVE,165.739861,214.039466,24.9393,7.34E+03,57.54,527.8,5019,6.836,12.263
FALSE POSITIVE,9.08937826,139.08364,6.255,7.80E+02,5.35,72.7,6739,1.275,14.408
CONFIRMED,3.234699282,121.4865708,3.59385,1.06E+04,13.06,3003.8,5640,1.291,13.303
CONFIRMED,31.99552485,154.160745,4.2817,1.38E+03,4.12,128,5657,1.046,13.709
FALSE POSITIVE,1.577800747,133.307724,2.1626,6.98E+02,31.24,79.6,6089,0.802,15.031
FALSE POSITIVE,2.380862632,135.3252117,4.20416,3.26E+04,21.65,2590.6,5821,1.129,13.802
FALSE POSITIVE,1.752567456,134.47196,5.4993,6.07E+02,26.56,92.2,5739,0.996,14.449
CONFIRMED,51.92920654,151.93321,5.2637,3.43E+03,8.49,81.8,5671,1.442,15.897
CANDIDATE,384.0257068,335.816169,14.56,,,,,,15.206
CANDIDATE,3.014330766,357.37948,2.4747,9.75E+02,2.87,57.3,5209,0.953,15.673
CONFIRMED,5.644914154,356.73699,2.2599,1.40E+03,2.66,63.9,4769,0.714,15.505
CONFIRMED,3.105507835,133.210427,1.7458,9.05E+02,2.68,178.6,4989,0.791,13.341
FALSE POSITIVE,1.336109338,178.258786,1.7419,2.20E+03,35.19,150,6119,0.967,15.507
CANDIDATE,13.35151248,363.086742,3.6045,3.31E+03,4.44,107.9,4843,0.754,15.825
CANDIDATE,1693.663623,524.27995,22.604,9.52E+03,10.23,122.8,5923,1.021,15.305
CONFIRMED,5.841636615,135.92315,1.8734,1.34E+03,1.38,41.1,3526,0.383,15.921
CONFIRMED,19.85029495,133.64933,2.8407,1.61E+03,1.52,34.4,3526,0.383,15.921
CONFIRMED,15.27443889,147.57983,6.0765,2.07E+02,2.17,40.3,5761,1.518,13.438
FALSE POSITIVE,22.34293693,155.08552,7.0813,2.69E+03,2.92,35.3,4260,0.58,15.719
FALSE POSITIVE,119.4081716,232.649303,9.3537,1.86E+04,16.26,508.4,5316,0.872,14.427
FALSE POSITIVE,1.171536413,178.597581,1.5878,1.13E+03,7.12,67,7021,1.485,15.634
FALSE POSITIVE,0.973547911,133.49742,2.2858,4.36E+02,11.52,38.7,6084,0.863,15.46
FALSE POSITIVE,3.053563251,133.88354,3.2551,5.08E+02,21.79,50.4,5764,0.863,14.598
FALSE POSITIVE,1.031096352,133.93938,2.781,2.65E+02,2.36,37.8,6371,1.072,15.131
CONFIRMED,11.00817635,143.22611,2.013,1.46E+03,2.15,42.1,4141,0.582,15.847
CONFIRMED,92.7495777,173.27975,5.506,1.11E+03,1.87,18,4141,0.582,15.847
CONFIRMED,52.5008645,171.52114,14.9066,9.47E+02,12.41,116.2,4976,4.157,12.183
CONFIRMED,0.63133171,133.94488,1.1487,4.35E+02,1.2,95.8,4441,0.53,14.285
CONFIRMED,12.69905011,184.9868,2.9899,7.97E+02,2.62,30.4,5291,0.882,15.824
CONFIRMED,8.74292005,358.59286,2.6277,7.80E+02,1.92,30.7,4769,0.714,15.505
CONFIRMED,3.64830183,355.39128,1.9985,3.72E+02,1.33,19.9,4769,0.714,15.505
CONFIRMED,2.345863002,354.11185,1.6795,3.17E+02,1.23,19.6,4769,0.714,15.505
CONFIRMED,37.1011418,370.4803,5.5556,1.36E+03,3.19,55.2,5986,0.85,15.229
CANDIDATE,104.8205868,374.83154,4.4794,3.92E+03,6.45,76.6,5986,0.85,15.229
CONFIRMED,10.8644095,131.12833,1.853,7.49E+02,1.14,16.8,3526,0.383,15.921
CONFIRMED,124.4197175,150.59616,3.7197,4.11E+03,10.3,39.9,5066,1.659,15.74
CONFIRMED,1.219568047,133.460233,1.5681,4.95E+02,1.51,65.9,4838,0.701,15.127
CONFIRMED,2.05388477,133.73432,2.1635,5.47E+02,2.74,50,5632,1.176,15.269
CONFIRMED,38.86848956,171.30369,6.0573,1.00E+03,2.81,73.4,5618,0.897,14.232
CONFIRMED,35.7353616,151.1133,8.491,7.79E+02,5.47,58.4,6366,1.697,13.659
CONFIRMED,12.30971679,137.68401,6.74,3.96E+02,3.82,45.9,6366,1.697,13.659
CONFIRMED,54.4205407,148.70471,8.559,5.98E+02,3.2,44.9,6781,1.067,13.659
FALSE POSITIVE,30.00908916,139.70643,3.15,,,,,,13.174
FALSE POSITIVE,14.32407216,364.39537,4.6577,2.05E+03,38.86,58,6022,1.039,15.609
CONFIRMED,27.07237655,139.1127,6.9592,5.14E+02,2.18,44,5936,0.965,14.556
CONFIRMED,37.5142128,189.30015,5.303,9.35E+02,2.68,28.9,5291,0.882,15.824
CONFIRMED,55.6391882,187.55044,7.316,8.53E+02,3.13,48.3,5949,0.962,14.755
CONFIRMED,46.6856205,225.04604,6.3794,5.89E+02,2.52,59,5657,1.046,13.709
CANDIDATE,34.2966363,143.66728,19.718,6.97E+02,3.29,66.7,5490,1.167,14.965
CONFIRMED,4.59726613,136.47837,2.909,3.13E+02,1.69,17,5999,0.959,15.803
CONFIRMED,9.97716876,137.2361,5.908,2.53E+02,2.53,21.8,5557,1.616,14.943
CONFIRMED,3.02168007,133.47243,2.8264,1.72E+02,1.31,32.9,6201,0.989,14.429
FALSE POSITIVE,30.8825387,151.5295103,5.3737,2.40E+04,15.4,1266.2,6014,0.993,14.857
FALSE POSITIVE,72.4914068,139.77857,3.612,1.06E+03,15.33,39.2,5754,2.758,13.05
FALSE POSITIVE,4.93913074,135.05172,1.362,3.83E+02,24.03,22,5956,1.17,14.832
CONFIRMED,2.240486703,137.82477,1.3988,4.36E+02,1.22,33.8,4198,0.574,15.224
CONFIRMED,105.0145774,228.94455,7.426,2.96E+02,2.29,33.9,5868,1.042,12.9
CONFIRMED,4.88084456,136.19585,2.5574,3.43E+02,1.55,32.6,4929,0.861,14.925
CONFIRMED,10.56137217,133.76396,3.2645,2.38E+02,2.43,21.7,5610,1.171,14.581
CONFIRMED,67.6690554,198.19427,9.556,9.61E+02,3.39,37.2,6127,1.08,15.224
CONFIRMED,3.949627144,134.61096,1.5485,8.07E+02,2.32,45.1,5155,0.836,15.623
CONFIRMED,16.00460392,140.47981,3.9475,8.32E+02,2.24,34.3,5180,0.769,15.554
FALSE POSITIVE,3.55650737,133.51831,8.545,2.94E+02,3.05,77.1,4951,1.843,14.118
CONFIRMED,3.148661555,356.93612,2.1978,5.51E+02,2.15,35.3,5258,0.873,15.297
FALSE POSITIVE,0.70544824,133.807063,2.9423,4.62E+02,20.03,118.2,5717,0.826,14.351
CONFIRMED,3.295701024,133.966333,1.8268,1.75E+03,2.81,114.7,4723,0.691,14.84
CONFIRMED,9.65349016,134.85555,2.9029,1.31E+03,2.41,63.1,4723,0.691,14.84
CONFIRMED,5.315954488,132.43002,1.1165,9.66E+02,2.33,37.7,4723,0.691,14.84
CONFIRMED,10.04556377,129.09371,3.2027,6.71E+02,2.19,66.5,5632,0.853,13.024
CONFIRMED,1.499144441,133.07022,1.4259,2.59E+02,1.09,22.2,4723,0.691,14.84
CONFIRMED,5.082748362,133.21176,1.7732,2.77E+02,1.4,40.9,5430,0.858,13.984
FALSE POSITIVE,5.00673576,134.54239,1.9398,1.91E+02,2,26.6,6116,1.383,13.518
CONFIRMED,9.17617167,138.71393,4.2642,2.07E+02,1.66,34.3,5903,1.156,13.797
CONFIRMED,19.7383992,133.28544,4.894,1.68E+02,1.61,20.3,5903,1.156,13.797
CONFIRMED,41.6980186,169.57548,5.7047,4.41E+02,2.03,43.4,5997,0.971,13.956
CONFIRMED,59.6585348,168.08764,5.514,1.04E+03,3.59,21.2,5243,0.831,15.742
CONFIRMED,52.6298542,155.61064,6.118,6.76E+02,3.68,27.2,5339,1.433,15.004
CONFIRMED,10.29099413,137.0220594,4.28889,9.66E+03,13.43,1245.7,5803,1.373,14.221
CONFIRMED,14.8783945,142.96841,7.491,3.23E+02,1.63,22.9,5822,0.837,15.534
CONFIRMED,59.6222627,138.13805,6.888,9.93E+02,3.63,31.9,6108,0.997,15.517
FALSE POSITIVE,4.9883873,358.23526,9.059,5.08E+02,3.28,42.4,6418,1.171,15.447
CONFIRMED,8.19596647,136.68736,2.824,7.93E+02,2.04,20.2,4723,0.747,15.858
CONFIRMED,15.59466045,137.5636,5.0478,8.68E+02,2.74,49.2,5900,0.929,15.43
CONFIRMED,56.35407916,144.83768,3.4449,1.04E+03,2.59,59.4,4802,0.701,13.779
FALSE POSITIVE,36.12895451,388.551318,2.2348,3.76E+03,53.72,66.3,5921,0.912,15.6
FALSE POSITIVE,32.50456309,365.358295,2.4657,7.59E+03,10.68,148.1,6132,0.947,15.134
FALSE POSITIVE,1.332560589,133.38311,4.2427,5.67E+02,1.4,108.8,4489,0.609,15.036
CANDIDATE,31.56904354,158.29983,2.6364,4.23E+03,11.18,113.6,5654,0.998,15.042
FALSE POSITIVE,9.08590495,182.08162,2.0718,2.12E+03,6.28,50.5,5931,0.866,15.549
FALSE POSITIVE,0.784512952,355.57263,2.4623,5.86E+02,25.48,44.4,5997,0.904,15.59
FALSE POSITIVE,0.883778461,133.60599,1.6339,1.20E+02,1.09,31.7,5975,0.949,14.063
CONFIRMED,2.465024332,132.68122,1.262,3.07E+01,0.69,23.2,6139,1.194,8.769
CONFIRMED,15.86624787,141.08734,4.25,7.73E+01,1.31,28.4,6099,1.308,11.049
FALSE POSITIVE,4.288515468,121.97268,2.2959,3.46E+03,76.51,292.1,6378,2.002,13.396
CONFIRMED,3.797018259,133.508776,2.2608,1.44E+04,10.07,1549,5167,0.848,14.741
CONFIRMED,1.340596782,132.24549,1.6484,1.08E+02,1.16,37.6,5992,1.125,11.524
CONFIRMED,17.42393582,148.82614,4.929,7.71E+02,3.29,33.2,6018,0.969,15.601
CONFIRMED,9.8786461,138.41159,1.8915,1.47E+03,1.6,49.2,3609,0.422,13.496
CONFIRMED,44.96407458,144.56002,4.981,8.12E+02,2,88,4827,0.729,13.054
CONFIRMED,49.7700907,159.98658,10.065,3.53E+03,5.12,109.8,5774,0.818,15.64
FALSE POSITIVE,12.7319385,138.73144,4.4157,1.14E+04,70.11,69.9,7238,1.568,12.087
FALSE POSITIVE,0.520222869,178.14846,1.2216,2.70E+02,1.52,28.9,5776,0.889,15.632
CONFIRMED,5.83376197,138.74892,3.9988,5.33E+02,2.98,36.6,6213,1.195,15.776
CONFIRMED,2.42150341,133.83517,2.965,1.72E+02,1.62,15.8,6213,1.195,15.776
CONFIRMED,14.16400071,140.58934,4.3031,7.28E+02,2.35,71.5,5440,0.885,14.48
CANDIDATE,0.840594032,131.74104,1.404,4.98E+01,0.62,11.6,5440,0.885,14.48
CONFIRMED,6.20920207,136.87938,2.637,1.02E+02,0.89,12.1,5440,0.885,14.48
CONFIRMED,5.48711441,356.0773,2.93,1.33E+03,3.24,51.9,5103,0.787,15.812
CONFIRMED,8.29084167,359.63666,3.613,1.03E+03,3.21,34.7,5103,0.787,15.812
CONFIRMED,3.20539622,354.63069,2.143,4.54E+02,1.7,20.6,5103,0.787,15.812
CONFIRMED,16.73869035,359.41655,2.398,9.97E+02,2.56,20.4,5103,0.787,15.812
FALSE POSITIVE,5.093938816,139.7178386,3.93144,2.50E+04,17.19,1131.7,6197,1.035,14.575
CONFIRMED,13.93291548,139.41058,2.6239,1.32E+02,1.66,28.9,6026,1.207,11.538
CONFIRMED,2.36436762,132.25007,3.372,2.84E+01,0.82,12.4,6250,1.543,11.6
CANDIDATE,20.6654374,132.01229,3.172,1.00E+02,0.66,13.6,4830,0.676,11.759
CONFIRMED,20.31047472,146.82534,5.3357,1.65E+02,2.41,46.1,6065,1.877,11.855
CANDIDATE,69.8347983,168.78436,8.262,2.67E+02,3.51,46.8,7732,2.022,12.02
CONFIRMED,2.53475568,132.68024,4.5716,4.63E+02,2.02,51.3,5662,0.806,15.341
CANDIDATE,2.59488443,132.75658,1.684,5.92E+02,2.36,14.9,4748,0.797,15.72
CONFIRMED,43.3167427,136.57435,4.995,9.88E+02,2.42,27.1,5654,0.774,15.737
CANDIDATE,19.18109525,141.37097,2.424,8.65E+02,1.72,17.6,5214,0.587,15.73
FALSE POSITIVE,37.59029855,157.350357,4.3855,1.99E+04,14.39,929,6147,1.003,14.904
CONFIRMED,31.0033072,143.29085,5.253,6.45E+02,2.72,22.1,6090,1.071,15.898
FALSE POSITIVE,3.351556891,134.28439,2.4005,3.42E+02,1.64,38.8,5185,0.911,14.815
CONFIRMED,2.617028373,134.03294,2.046,4.99E+02,1.57,30.8,4831,0.724,15.835
FALSE POSITIVE,1.876406096,133.12761,1.531,4.34E+02,1.57,37,5198,0.759,15.202
FALSE POSITIVE,6.71425632,134.31646,3.339,2.84E+02,5.76,46.5,6093,2.623,13.488
CONFIRMED,150.2412582,138.29013,10.849,2.38E+03,4.6,72.3,5604,0.943,14.827
CONFIRMED,53.44944498,149.20185,5.3091,3.44E+03,5.82,119.5,5919,1,15.287
FALSE POSITIVE,0.466743525,133.971123,1.3956,7.96E+02,20.43,103.6,5791,0.856,15.33
FALSE POSITIVE,1.727177258,355.37033,2.081,3.47E+02,1.42,17.1,5394,0.72,15.935
CONFIRMED,7.24022418,355.01243,2.9153,8.65E+02,2.14,48.2,4955,0.721,15.565
CONFIRMED,4.64622383,354.58863,2.5137,4.47E+02,1.82,28.2,4955,0.721,15.565
CONFIRMED,10.29674097,132.19453,2.7292,1.01E+03,5.75,31.3,6068,1.797,15.767
CONFIRMED,5.93919041,353.75537,2.285,4.25E+02,3.7,15.9,6068,1.797,15.767
CONFIRMED,19.74733983,147.10553,3.4444,4.81E+02,2.62,47.1,6243,1.149,12.949
CONFIRMED,30.36044536,148.091546,6.0134,2.11E+04,10.99,1126.2,4939,0.765,14.388
CONFIRMED,4.4096675,132.45003,2.1418,1.33E+02,1.51,26.4,5836,1.166,13.574
CONFIRMED,4.16787814,135.28334,2.2136,1.68E+02,1.07,32.9,5251,0.847,13.293
CANDIDATE,220.6565125,172.4278591,7.82,,,,,,15.129
CONFIRMED,11.79161234,134.54064,3.036,4.15E+02,2.41,20.7,5619,1.199,14.941
FALSE POSITIVE,20.55848388,133.00401,1.449,6.77E+02,36.9,20.8,5578,0.936,14.792
CONFIRMED,26.964501,145.34426,3.792,6.02E+02,2.2,20.1,5754,0.905,15.789
CONFIRMED,7.76845639,138.06602,3.689,2.18E+02,1.35,23.6,5447,0.917,14.8
FALSE POSITIVE,2.178154348,134.203059,3.4874,4.29E+02,22.22,93,5947,0.881,14.07
CONFIRMED,5.03257009,137.32638,4.213,4.39E+02,2.53,26.3,5970,0.908,15.695
CONFIRMED,40.4286676,139.50631,7.102,9.16E+02,2.92,40.9,5813,0.833,14.982
CONFIRMED,21.3588236,135.07022,5.823,6.40E+02,2.52,33.2,6170,0.992,15.259
CONFIRMED,22.0459163,136.47548,5.22,8.05E+02,3.05,29.7,5900,0.951,15.689
FALSE POSITIVE,49.6456235,153.0806,23.568,8.58E+02,43.41,176.5,6273,1.493,12.385
CONFIRMED,17.32670445,360.5083,4.269,8.00E+02,2.23,34.8,4955,0.721,15.565
CONFIRMED,44.8411168,359.87359,5.902,1.05E+03,2.75,28.9,4955,0.721,15.565
FALSE POSITIVE,1.008917105,354.85926,1.4577,3.39E+02,1.51,34.2,5708,0.795,15.36
CONFIRMED,13.75207851,143.03241,2.8831,1.22E+03,2.81,36.8,4802,0.699,15.587
CONFIRMED,6.33855946,354.85104,3.4617,7.22E+02,3.31,57.4,6108,1.03,15.182
CANDIDATE,11.30507984,138.13638,3.989,2.78E+02,1.4,19.5,5705,0.844,15.152
CONFIRMED,4.59489816,133.83995,3.1381,1.10E+02,1.85,27.7,6056,1.381,13.298
CONFIRMED,32.2964275,138.52615,4.561,4.72E+02,1.9,17.9,5246,0.891,15.2
CONFIRMED,2.97041801,133.39136,2.2369,5.31E+02,1.7,22.4,5068,0.743,15.759
CANDIDATE,9.9824036,133.44855,1.09,8.39E+01,1.17,5.4,6273,1.139,13.538
CANDIDATE,12.68173393,132.682519,1.6866,5.88E+03,7.25,102.8,4976,0.701,15.303
FALSE POSITIVE,6.814984472,134.212391,3.05409,2.39E+04,14.18,742.2,5465,0.817,15.981
FALSE POSITIVE,63.9354965,162.84657,13.321,1.25E+03,2637.6,57.6,3626,97.41,10.88
CANDIDATE,83.09708021,162.935743,9.2639,1.59E+04,13.83,277.2,5286,0.636,15.678
CONFIRMED,7.891448838,177.2499624,4.2854,1.03E+04,12.63,1955.1,5972,1.237,13.435
CANDIDATE,0.839961456,178.354,1.3008,4.93E+02,1.63,35.1,4932,0.718,15.929
CONFIRMED,2.578852119,133.2237,2.3581,3.34E+02,1.63,36.7,5743,0.853,15.106
FALSE POSITIVE,9.04189129,137.86611,2.789,7.83E+02,3.24,34.5,5237,0.826,14.88
CONFIRMED,30.22910274,134.52081,6.6751,4.43E+02,3.49,71.7,6325,1.518,13.432
FALSE POSITIVE,0.798200403,133.962079,1.8261,3.97E+02,24.03,65.9,6258,1.031,14.613
FALSE POSITIVE,3.479425638,136.797172,3.4479,1.96E+04,12.86,123.3,5907,0.878,14.041
FALSE POSITIVE,2.92878704,356.28699,4.634,5.49E+02,22.76,47.7,5955,0.883,15.148
CONFIRMED,9.80321143,363.98686,4.4617,8.13E+02,2.99,53.1,6170,0.992,15.439
CONFIRMED,24.81097206,156.506971,3.2245,2.09E+03,4.22,123.9,6086,0.921,14.373
CANDIDATE,7.136922,131.75317,2.8005,2.22E+02,1.38,23.7,6086,0.921,14.373
CONFIRMED,4.8538404,135.09902,3.198,1.96E+02,1.72,15.4,5778,0.968,14.971
CONFIRMED,11.04605365,136.44056,4.799,3.08E+02,1.8,24.3,6093,1.025,14.681
FALSE POSITIVE,2.621706694,131.88227,1.941,4.57E+03,34.68,24.3,5749,0.881,15.399
CONFIRMED,3.72020708,133.41684,1.892,1.57E+02,0.99,15,5017,0.797,14.293
FALSE POSITIVE,12.26486736,139.304999,4.7366,1.13E+04,28.29,560.2,5372,2.344,14.137
CONFIRMED,8.689301216,133.661284,2.563,1.12E+03,2.92,70.9,5211,0.895,14.548
CONFIRMED,20.99757968,132.05689,2.454,1.13E+03,2.97,44.7,5211,0.895,14.548
FALSE POSITIVE,0.979442525,132.42297,1.0348,4.69E+02,1.64,27,5532,0.745,15.747
CONFIRMED,3.120828136,139.466594,2.1878,1.65E+04,14.16,113.5,6122,0.996,14.804
CONFIRMED,15.13590453,146.58371,2.236,2.56E+02,2.57,19.8,6050,1.572,13.964
FALSE POSITIVE,1.399326503,133.61426,1.8305,2.06E+02,1,22.7,4502,0.728,15.447
CONFIRMED,1.937029968,134.72107,1.4727,3.12E+02,0.87,42.8,4042,0.49,14.39
CONFIRMED,7.06117322,136.27344,1.0406,4.82E+02,1.23,27.2,4042,0.49,14.39
CONFIRMED,20.55331441,139.5613,5.3136,6.78E+02,3.19,40.6,6325,1.112,14.829
CONFIRMED,40.0686713,151.80901,5.8875,9.71E+02,3.1,62,6026,0.992,14.683
CONFIRMED,114.73658,165.150671,12.0355,4.85E+03,12.28,230.6,5597,1.699,14.6
CONFIRMED,191.239133,286.22034,16.942,1.06E+03,6.47,36.8,5597,1.699,14.6
CANDIDATE,5.83393857,132.63426,4.5813,1.34E+02,1.98,17.6,5597,1.699,14.6
FALSE POSITIVE,24.3282251,141.05149,6.158,1.12E+03,294.02,26.4,5286,0.78,15.952
CONFIRMED,10.41572666,143.04774,2.7719,8.25E+02,3.01,69.3,5511,0.987,14.072
CONFIRMED,14.97031664,134.50507,5.884,2.91E+02,2.53,28.9,5726,1.483,14.167
CONFIRMED,32.2753853,149.046,8.622,2.24E+02,2.31,17.9,5726,1.483,14.167
CANDIDATE,6.33027476,133.86213,3.67,8.92E+01,1.02,9.8,5900,1.07,14.167
CONFIRMED,38.3262237,142.08401,3.073,3.92E+02,2.43,15,5229,0.903,14.31
CONFIRMED,4.04355245,131.62995,1.965,4.16E+02,1.75,21.2,3871,0.532,14.963
CANDIDATE,5.59728249,131.86708,1.795,1.41E+03,3.28,30.8,5610,0.858,15.969
CONFIRMED,5.52418625,135.62306,2.826,4.91E+02,2.25,20.7,5334,1.004,15.377
CONFIRMED,8.77514782,133.70319,3.176,3.52E+02,1.91,12.7,5334,1.004,15.377
FALSE POSITIVE,10.12742274,135.26504,1.2762,9.34E+02,3.8,19.5,6392,1.162,15.623
FALSE POSITIVE,0.870693883,132.083949,1.2137,4.39E+02,2.09,55.6,5985,0.883,14.996
CONFIRMED,27.5071114,151.84775,5.907,5.81E+02,2.58,30.7,5783,0.88,15.219
CONFIRMED,5.1443645,133.83044,2.703,3.11E+02,1.55,20.2,5157,0.904,15.369
CONFIRMED,18.45848388,138.1635,3.3703,5.35E+02,2.5,41.5,5311,0.948,14.516
CONFIRMED,25.9421582,156.18894,4.045,5.70E+02,1.95,31.6,5167,0.796,14.817
CONFIRMED,21.06075303,143.59983,5.2472,3.01E+02,1.78,54.4,5706,1.034,13.182
CONFIRMED,13.08424286,132.63129,3.0401,6.62E+02,2.71,51.2,5511,0.987,14.072
CONFIRMED,2.684328541,133.3548095,2.69382,1.81E+04,12.73,2833.1,5561,0.956,14.29
CANDIDATE,23.3397956,146.3627,1.923,1.25E+02,1.23,4.5,5671,1.084,14.072
CONFIRMED,2.806243488,133.7314,1.6271,6.00E+02,1.41,22.4,4153,0.581,15.988
FALSE POSITIVE,2.27190723,134.79852,5.383,1.49E+02,1.12,36.8,5788,0.856,14.459
FALSE POSITIVE,7.132351753,134.473083,2.9674,7.44E+02,49.34,91.2,7530,1.93,13.337
CONFIRMED,6.53194024,136.03223,3.3351,7.72E+02,3.09,39.6,5301,0.977,15.28
CONFIRMED,51.3011844,153.52571,5.359,4.99E+02,2.07,19.6,6032,0.929,14.739
FALSE POSITIVE,1.097211085,131.517201,1.6738,3.89E+04,16.07,83.5,3497,0.334,15.155
CONFIRMED,0.938466959,135.600698,1.3015,2.17E+02,1.58,54.4,5499,1.087,13.757
CANDIDATE,51.3901452,145.3192,5.995,4.94E+02,3.62,15.4,6074,1.292,15.03
CONFIRMED,3.217518511,133.6320632,2.11481,1.43E+04,11.38,1287.4,5720,0.903,14.835
CONFIRMED,4.66271902,134.08296,2.757,1.63E+03,3.86,28.2,5729,0.939,13.297
CONFIRMED,11.8150174,133.08929,2.834,1.00E+03,3.48,10.5,5729,0.939,13.297
CONFIRMED,7.834433676,135.222143,2.89,2.02E+03,3.47,246.6,4920,0.72,12.231
CONFIRMED,3.005156911,137.103362,2.0747,6.92E+02,2.2,115.1,4920,0.72,12.231
CONFIRMED,33.3856176,148.92764,5.0361,5.53E+02,2.48,37.1,5833,1.022,14.264
FALSE POSITIVE,8.48039789,135.85018,6.249,2.60E+02,1.71,22.7,5401,1.05,14.673
FALSE POSITIVE,1.333395306,134.18228,1.188,1.15E+02,0.86,11.5,5199,0.811,15.299
CONFIRMED,7.71467686,133.55635,4.5871,2.34E+02,4.65,33.3,6900,2.599,12.082
CONFIRMED,4.4444826,133.46308,3.686,1.63E+02,1.71,18,6240,1.079,15.216
FALSE POSITIVE,21.3781146,147.2124,19.359,5.56E+02,3.18,35.4,6218,1.131,15.686
CONFIRMED,29.5422566,137.57837,13.902,8.80E+02,3.15,39.5,5510,0.803,15.481
CONFIRMED,144.551628,265.9401,16.599,1.04E+03,3.06,27.1,5510,0.803,15.481
CANDIDATE,186.4361811,146.91825,5.774,4.35E+03,11.32,66.5,5393,1.37,15.402
CONFIRMED,8.04727721,137.2073,5.159,4.86E+02,2.33,36.1,5840,0.849,15.068
CONFIRMED,5.87063416,137.24813,2.5736,5.06E+02,1.44,23.2,4166,0.612,15.961
CONFIRMED,15.35876777,132.385085,4.1223,1.46E+04,10.89,812.6,5422,0.887,14.991
CONFIRMED,29.5390897,143.91607,4.139,4.03E+02,2.51,18.8,6572,1.238,15.111
CANDIDATE,35.6364022,164.17496,4.888,4.53E+02,1.99,15.7,5926,0.887,15.614
FALSE POSITIVE,0.94773253,137.12993,1.7645,1.13E+04,45.58,103.9,6302,1.269,11.51
FALSE POSITIVE,0.784031658,133.38391,0.7773,3.52E+02,1.55,28.2,5435,0.824,15.479
CANDIDATE,8.98128472,354.83042,5.0397,4.92E+03,7.19,76.6,5977,1.022,15.703
CONFIRMED,13.07141889,144.44217,3.0946,2.51E+02,2.47,32,6122,1.439,13.717
FALSE POSITIVE,0.692015479,133.114177,1.1315,4.52E+03,19.31,163.4,3752,0.497,15.692
FALSE POSITIVE,17.0421346,363.97428,7.507,3.62E+03,5.14,108.9,5367,0.773,15.57
FALSE POSITIVE,7.94671044,140.708207,2.8419,6.08E+03,27.43,165.3,4859,0.702,15.791
FALSE POSITIVE,3.74781242,355.31325,5.241,5.37E+03,38.04,44.8,5780,1,17.445
CANDIDATE,192.667139,162.87962,5.443,1.15E+03,3.64,26,5401,0.878,14.879
CONFIRMED,3.989544192,134.0989,1.591,1.90E+02,0.93,26.2,5229,0.688,14.083
CONFIRMED,17.9776037,147.7515,4.605,2.14E+02,1.58,23.3,6296,1.006,14.307
CONFIRMED,11.8693144,137.721,4.653,1.02E+02,1.09,13.9,6296,1.006,14.307
CONFIRMED,12.98494603,139.78207,3.4497,2.57E+02,1.64,38.4,5948,1.025,13.029
FALSE POSITIVE,7.300735516,133.5664741,5.78725,1.31E+04,13.32,1640,6434,1.138,14.933
CONFIRMED,19.17893976,139.74552,5.144,7.53E+02,2.4,34.3,5767,0.881,15.401
CONFIRMED,6.99130452,135.46291,2.1568,5.55E+02,1.95,36.3,4847,0.761,14.94
CANDIDATE,52.971584,159.06109,3.4632,3.88E+03,29.02,51.4,5204,0.789,15.7
CONFIRMED,3.517494725,135.546724,1.5639,5.33E+02,1.42,52.6,4132,0.564,14.699
CONFIRMED,6.93365167,137.07375,4.608,1.20E+02,1.7,20.1,5861,1.304,14.042
CANDIDATE,5.91393977,137.17182,0.562,8.40E+01,1.07,2.8,6194,1.129,14.042
CONFIRMED,61.0373591,175.17671,8.378,4.38E+02,3.38,40.2,6309,1.614,14.171
CONFIRMED,33.8677783,137.51532,3.72,8.95E+02,2.31,23.8,4564,0.691,15.81
CANDIDATE,14.62399621,144.45527,2.193,1.08E+03,21.92,25,5753,0.815,15.789
FALSE POSITIVE,1064.268096,144.086072,11.5521,2.28E+04,33.63,1171.2,6340,2.173,12.328
FALSE POSITIVE,2.113202658,356.32832,3.5234,2.10E+03,207.71,97.2,5482,0.858,15.465
CANDIDATE,9.771462706,135.584899,1.767,6.93E+03,10.15,215,5812,0.853,14.245
CANDIDATE,281.5628889,357.996571,8.853,2.10E+04,10.83,237.1,4810,0.776,15.962
FALSE POSITIVE,1.157808038,354.74488,3.6705,8.67E+02,22.9,78.8,5566,0.886,15.837
FALSE POSITIVE,6.14281498,135.16169,4.624,1.22E+02,1.82,36,6495,1.554,13.45
CONFIRMED,5.69919592,136.58738,2.3906,1.59E+02,1.16,35.3,5646,0.932,13.069
CONFIRMED,18.11473813,147.4904,5.2706,2.42E+02,2.49,51.3,6109,1.36,12.841
CONFIRMED,6.24145791,134.88892,3.0998,1.64E+02,1.6,30.8,5810,1.259,13.939
CONFIRMED,20.4222447,146.9837,6.22,1.89E+02,1.78,34.7,6119,1.299,13.47
CONFIRMED,8.72585478,138.76838,4.473,4.47E+02,2.86,37.7,6036,1.131,14.764
CONFIRMED,12.88291395,135.18736,5.676,4.61E+02,3.15,33.6,6036,1.131,14.764
CONFIRMED,27.4345973,145.12322,5.038,4.73E+02,2.56,25.3,6036,1.131,14.764
CONFIRMED,4.22453631,135.42908,3.128,1.59E+02,1.6,16.7,6036,1.131,14.764
CONFIRMED,44.5520266,160.29386,6,3.62E+02,2.29,16.7,6036,1.131,14.764
CONFIRMED,52.069002,178.15525,3.0089,5.58E+02,2.92,25.6,5565,1.246,14.279
CONFIRMED,2.418406841,132.505587,2.0744,6.65E+02,2.25,69.1,5422,0.887,14.991
CANDIDATE,8.51170088,131.7557438,2.9,,,,,,14.279
FALSE POSITIVE,5.0825188,132.95792,3.328,1.05E+02,0.88,17.1,5706,0.834,14.445
CANDIDATE,6.93910337,138.33927,2.977,6.15E+02,1.41,22.9,3638,0.42,15.855
CONFIRMED,9.11500269,133.97523,4.558,2.68E+02,1.78,21.7,5962,1.028,14.63
FALSE POSITIVE,8.48031942,135.85217,7.297,1.43E+03,4.54,92.8,5951,0.991,15.262
CONFIRMED,13.7223682,137.84083,5.1231,5.71E+02,2.23,97.9,5637,0.943,13.749
FALSE POSITIVE,3.582076914,355.515064,4.4228,1.53E+03,5.33,138.4,6109,0.993,15.193
CONFIRMED,15.43400996,363.29494,4.2572,1.79E+03,4.3,59.7,5900,0.951,15.703
FALSE POSITIVE,1.780984316,177.8249,2.173,5.91E+02,2.33,46,5730,0.87,15.516
CONFIRMED,7.63846084,138.24557,3.957,7.17E+01,1.12,16.6,6119,1.299,13.47
CONFIRMED,70.6981724,188.56795,6.632,3.58E+02,1.63,37.7,5811,0.866,13.046
CONFIRMED,3.74443645,133.55997,2.9191,7.33E+01,1.1,25.4,5876,1.293,12.71
CANDIDATE,10.19154678,136.69755,6.165,6.13E+01,1.39,27.6,6212,1.684,11.74
FALSE POSITIVE,10.5815819,183.008458,6.66929,1.13E+05,53.19,1241.4,6168,1.567,13.936
FALSE POSITIVE,2.819453322,133.870141,4.4127,7.19E+04,29.8,202,5767,1.074,14.569
CANDIDATE,12.89006728,201.22989,3.555,6.03E+02,1.93,23.6,4915,0.812,15.674
CANDIDATE,23.21050996,134.386378,3.09802,2.87E+04,21.19,958.7,5875,0.809,14.228
CONFIRMED,2.35574505,177.88824,1.796,2.67E+02,1.34,17,4915,0.812,15.674
CANDIDATE,4.74666128,134.63784,2.093,2.57E+02,1.3,12.5,4915,0.812,15.674
CONFIRMED,19.65639342,140.29937,3.226,8.43E+02,2.83,25.5,5288,0.74,15.372
FALSE POSITIVE,62.81584402,151.47691,2.6901,1.69E+03,57.62,54.6,6340,1.492,12.849
CONFIRMED,70.468171,189.15822,6.653,9.22E+02,3.46,45,6461,1.131,14.811
FALSE POSITIVE,56.86716792,157.2619128,4.23,,,,,,15.886
CONFIRMED,3.93246069,132.55435,2.1763,4.56E+02,1.65,30.6,4841,0.779,15.32
CONFIRMED,0.921030497,132.03171,2.6077,1.02E+02,1.62,27,5843,1.615,14.542
CONFIRMED,5.960400011,137.265171,2.8617,8.28E+02,2.85,126.1,5418,0.886,12.557
CONFIRMED,85.3514875,161.007608,6.7504,4.67E+03,6.31,142.8,5584,0.938,15.061
CANDIDATE,23.02028478,357.786124,3.544,5.08E+03,7.58,97.2,5613,0.956,15.573
CONFIRMED,69.72646639,196.093243,3.7177,4.49E+03,11.65,300.7,6430,1.731,13.005
CONFIRMED,1.609321941,178.94178,1.6067,7.29E+02,1.57,35.3,4224,0.603,15.937
CONFIRMED,9.51220046,185.47893,2.9497,1.17E+03,1.99,31.9,4224,0.603,15.937
CONFIRMED,4.72941177,132.93871,2.234,4.34E+02,1.22,14.6,4224,0.603,15.937
CONFIRMED,4.887803076,124.8130808,2.36255,4.32E+03,4.82,862.3,4778,0.763,9.174
CONFIRMED,4.437962934,171.0091259,4.69813,1.64E+04,18.05,3535.6,5953,1.415,13.438
CONFIRMED,20.74028645,142.80003,10.3939,1.02E+03,4.24,155.3,6226,1.299,13.955
FALSE POSITIVE,1.207852845,178.2142,3.5802,4.97E+04,38.59,205.9,5601,0.797,15.559
FALSE POSITIVE,2.379282197,133.651365,3.1729,4.84E+04,25.74,538,6392,1.162,15.189
FALSE POSITIVE,26.0692512,143.12549,7.487,8.32E+02,23.61,59.7,5585,0.91,14.106
CONFIRMED,9.69501146,182.45413,2.75,5.15E+02,2.08,18.3,5896,0.914,15.809
CONFIRMED,15.3825394,139.07648,3.815,5.51E+02,2.14,18.4,5896,0.914,15.809
FALSE POSITIVE,1.818939148,133.12299,1.644,3.31E+02,1.82,39.3,6153,0.962,15.134
CONFIRMED,40.1097817,142.08227,5.2096,7.32E+02,3.11,40.3,5509,1.169,14.904
CANDIDATE,0.708621057,133.36565,1.5041,1.88E+02,1.2,30.5,5422,0.887,14.991
CONFIRMED,2.46106962,133.32138,2.184,8.42E+01,0.84,18,5418,0.886,12.557
FALSE POSITIVE,3.403743926,137.232574,1.5017,8.16E+02,10.77,59.5,5596,0.853,14.98
CONFIRMED,8.03753796,139.3582,2.9118,2.87E+02,1.54,31.1,5044,0.804,14.471
FALSE POSITIVE,2.43902575,133.58474,1.1598,8.25E+01,2.61,20.5,6546,2.784,11.041
CONFIRMED,56.3587987,222.31819,6.927,2.56E+03,5.04,44.4,5446,0.821,15.792
CONFIRMED,242.467406,150.85827,12.808,3.40E+02,1.73,23.2,5637,0.943,13.749
CANDIDATE,169.4976085,228.99997,7.77,1.22E+04,9.06,82.8,5270,0.787,15.917
CONFIRMED,76.13622222,199.476237,7.9393,2.95E+03,4.78,339.4,5591,0.892,12.45
FALSE POSITIVE,4.9883872,358.2335,9.142,6.38E+02,2.59,52.9,5819,0.823,15.752
FALSE POSITIVE,2.586878667,133.817008,6.1614,2.55E+04,19.84,261.3,6812,1.172,12.897
FALSE POSITIVE,3.964333304,136.029542,4.7136,2.59E+04,37.09,408.5,5758,2.318,14.985
FALSE POSITIVE,1.525924389,355.479571,3.15998,2.46E+04,49.86,423.9,6203,1.06,15.063
FALSE POSITIVE,5.910371418,360.2852478,3.88962,1.72E+04,12.62,990.3,6200,0.958,15.169
CANDIDATE,0.917568975,133.932419,2.0654,1.58E+04,11.92,128.1,5713,0.893,14.456
CONFIRMED,5.92365747,134.68361,2.6302,4.07E+02,0.99,26.4,3883,0.496,15.157
CONFIRMED,105.3582299,138.68069,3.81,1.21E+03,1.87,22.6,3883,0.496,15.157
CONFIRMED,3.24325988,133.6690203,3.03318,1.65E+04,12.91,1586.2,5823,1.013,14.952
CANDIDATE,7.79668781,134.42081,4.6699,3.61E+02,2.44,48.5,6521,1.276,12.681
CONFIRMED,56.4758069,143.81128,5.961,1.09E+03,3.22,70,5497,0.839,14.279
CONFIRMED,92.8747294,145.93535,7.474,6.59E+02,2.64,37.9,5497,0.839,14.279
CONFIRMED,1.538180949,131.822823,1.2635,8.41E+02,1,47.7,3364,0.274,15.722
CONFIRMED,10.4188915,137.74971,3.0069,6.70E+02,3.17,42.1,5692,1.064,14.86
CONFIRMED,20.4998763,131.82068,6.501,4.38E+02,2.8,21.1,6249,1.076,15.442
CONFIRMED,1.921437488,131.806204,1.9046,2.79E+02,1.77,56.7,5238,0.851,14.131
CONFIRMED,96.109323,187.699,9.877,9.82E+02,4.01,28.7,5792,1.005,15.321
CONFIRMED,20.38174802,142.31499,3.7922,1.60E+03,3.16,46.8,4883,0.808,15.887
CANDIDATE,7.00447892,137.89902,2.669,2.31E+02,1.19,9.9,4883,0.808,15.887
CONFIRMED,5.101375725,357.48217,2.595,8.95E+02,2.84,55.1,5869,0.954,15.455
FALSE POSITIVE,17.7940049,365.34666,4.091,8.79E+02,312.48,27.7,6273,1.044,15.378
FALSE POSITIVE,3.47021401,356.09943,2.289,1.11E+03,2.4,8.3,4922,0.744,15.305
CANDIDATE,30.69395532,365.665214,2.9512,1.81E+04,13.72,196.6,6137,1.018,15.673
FALSE POSITIVE,2.139325409,135.062261,2.8056,6.90E+03,11.61,164.4,4765,0.666,14.708
CANDIDATE,29.48106127,134.22446,3.6636,1.19E+04,16.61,332,5631,0.901,15.135
CONFIRMED,572.376632,306.51006,24.42,1.74E+03,5.8,78.6,6226,1.299,13.955
FALSE POSITIVE,2.233799622,134.720709,3.04,2.66E+03,28.63,228.9,5741,0.846,15.195
FALSE POSITIVE,31.13862664,415.9492,5.2482,1.14E+04,12.88,163.7,5919,1,15.821
CONFIRMED,13.93068791,134.42851,2.312,1.87E+02,1.4,14.9,5497,0.839,14.279
CONFIRMED,20.4074846,140.1821,8.839,3.63E+02,2.9,24.5,5823,0.972,14.802
FALSE POSITIVE,12.36564669,140.92029,3.644,3.88E+02,24.89,22.8,6075,0.952,14.59
CONFIRMED,10.35078415,133.71163,6.253,2.73E+02,1.97,36.5,5534,1.08,14.659
CONFIRMED,62.9224936,151.6882,11.64,4.18E+02,2.75,28.7,5534,1.08,14.659
CANDIDATE,32.7737631,151.44352,3.416,5.65E+02,5,21.7,5640,1.534,14.758
CONFIRMED,38.6520796,164.04455,5.607,5.67E+02,2.07,24.8,5422,0.887,14.991
CONFIRMED,14.20442616,142.7332,3.898,8.01E+02,1.9,26.7,5350,0.678,15.469
CONFIRMED,55.673582,136.54906,3.778,7.65E+02,2.19,22.7,4998,0.808,15.061
CONFIRMED,6.82778157,131.78839,2.3726,5.46E+02,1.34,32.2,4198,0.574,15.224
FALSE POSITIVE,0.687895191,133.66492,2.4233,4.63E+02,1.35,60.9,4478,0.651,15.657
CONFIRMED,127.2824442,163.89,7.1545,8.09E+03,12.04,148.1,5733,1.183,15.505
CONFIRMED,10.06083238,138.96723,4.5718,4.60E+02,2.58,86.4,5705,1.14,13.844
CONFIRMED,30.1837021,146.64675,5.879,9.75E+02,3.65,37.9,5733,1.183,15.505
FALSE POSITIVE,2.92928244,133.72275,6.794,2.69E+02,38.42,39.2,6634,2.251,12.674
CANDIDATE,77.63424586,417.153212,4.1002,1.66E+04,9.4,185.5,4812,0.755,15.915
CONFIRMED,52.75878505,156.306351,6.6517,5.81E+03,8.76,265.4,6228,1.137,15.182
FALSE POSITIVE,1.332564478,354.58908,6.0325,1.07E+03,27.04,119.6,5995,0.878,15.866
FALSE POSITIVE,41.0772969,379.12848,5.525,1.22E+03,3.25,28.8,5665,0.938,14.907
FALSE POSITIVE,135.9121619,277.33,5.628,1.02E+04,40.18,99.5,6141,0.959,15.535
CONFIRMED,42.4729078,146.28712,7.253,3.34E+02,2.03,22.8,5616,1.111,14.601
CONFIRMED,15.17026921,132.6655,4.3311,2.25E+02,2.47,45.4,6297,1.369,13.147
CONFIRMED,39.4576228,136.47398,9.557,2.45E+02,2.8,41.6,6297,1.369,13.147
CONFIRMED,17.8159689,134.4832,3.6765,7.77E+02,3.12,22.5,5964,0.933,15.2
CONFIRMED,36.5157639,151.28989,3.6577,8.61E+02,2.55,34.7,4847,0.781,14.254
CONFIRMED,14.07969236,139.96053,1.375,1.70E+02,2.08,26.2,5821,1.547,12.261
CONFIRMED,16.54081386,133.95274,2.5996,3.70E+02,1.57,32.8,5064,0.769,13.755
CONFIRMED,3.609313059,133.79024,1.7752,1.38E+03,3.26,35,5668,0.868,15.54
CONFIRMED,1.93155546,131.76708,1.614,5.05E+02,2.25,8.6,5461,0.858,13.007
CONFIRMED,8.41100305,133.79856,2.4553,7.56E+02,1.8,27.6,3757,0.539,15.773
CONFIRMED,13.52252364,142.17932,3.987,6.91E+02,2.11,22.4,5338,0.816,13.895
CONFIRMED,134.2520474,182.70534,9.0636,8.32E+02,3.43,57.2,5818,1.2,13.35
CONFIRMED,3.268695042,137.4817205,3.45188,1.01E+04,16.91,1429.9,5927,1.691,14.879
CONFIRMED,99.7468804,208.39688,6.804,1.29E+03,3.94,45.6,5620,0.974,14.422
FALSE POSITIVE,22.84156293,138.632,2.5997,2.94E+03,30,47.6,5381,0.826,15.911
CONFIRMED,11.720124,142.173999,3.0039,9.76E+03,7.94,707.3,5215,0.77,14.518
CONFIRMED,4.33643506,133.85442,4.1445,1.09E+02,1.75,48,6180,1.603,11.704
CONFIRMED,15.95541913,143.30236,3.9851,7.63E+02,2.18,39,4891,0.805,15.261
CONFIRMED,8.25980352,137.47021,2.928,2.98E+02,1.35,18.3,4891,0.805,15.261
CONFIRMED,62.5613879,178.40847,5.907,1.37E+03,3.54,35,5662,0.84,15.5
CONFIRMED,8.96847034,139.39473,4.4073,2.34E+02,2.17,38.2,5808,1.374,14.128
CONFIRMED,1.907810683,131.63784,1.8707,1.21E+02,0.91,40.9,5435,0.824,12.852
CANDIDATE,32.85862571,133.51202,3.1483,1.63E+02,2.31,36.4,5899,1.414,10.77
FALSE POSITIVE,48.11881255,170.8396102,5.27958,6.99E+04,45.18,2145.1,6003,0.872,14.474
CANDIDATE,2.229326354,133.09423,1.9946,4.91E+01,0.6,24.6,5587,0.865,10.687
CONFIRMED,2.514628496,132.90904,1.6239,2.28E+02,1.27,33.3,5662,0.84,14.325
CONFIRMED,8.025118521,132.469133,5.3694,3.12E+03,7.79,373,6002,1.369,14.153
CONFIRMED,5.79529495,136.77974,2.272,3.34E+02,1.05,14.8,3757,0.539,15.773
CONFIRMED,73.7578875,183.72348,2.69,1.84E+03,4.28,20.2,5029,0.93,15.213
CANDIDATE,8.56267266,355.13518,1.53,6.08E+02,2.26,15.2,5029,0.93,15.213
CONFIRMED,8.30537702,139.7437,3.751,3.66E+02,1.69,28.5,5435,0.873,14.779
CONFIRMED,13.22714056,142.20251,3.2861,8.12E+02,2.22,51.8,5180,0.8,14.443
CONFIRMED,51.8098276,182.97335,6.343,1.03E+03,2.6,56.8,5191,0.826,14.122
CONFIRMED,4.38536428,139.22548,2.5126,1.99E+02,1.15,25.9,5191,0.826,14.122
CONFIRMED,34.20578508,148.8050925,5.1691,1.83E+02,1.1,11.6,5191,0.826,14.122
CONFIRMED,13.97945055,142.33829,1.2325,3.56E+02,1.97,17.1,5191,0.826,14.122
CONFIRMED,3.554856338,131.80398,2.1004,2.33E+02,1.29,40.8,6068,0.831,14.053
CONFIRMED,5.28790754,135.36119,8.5274,3.44E+02,7.1,90.6,4994,3.818,13.427
CONFIRMED,8.45746636,133.87132,2.2906,1.32E+03,1.87,21.8,4347,0.524,15.862
CONFIRMED,17.28116957,136.00718,2.829,1.56E+03,2.04,20.3,4347,0.524,15.862
CONFIRMED,32.1340014,142.27582,2.691,1.26E+03,1.84,11.8,4347,0.524,15.862
CONFIRMED,59.7711433,148.96886,4.843,5.75E+02,3.17,38.5,6214,1.122,13.952
CONFIRMED,4.417692516,133.96139,2.323,2.79E+02,1.57,35.1,4766,0.664,14.31
CONFIRMED,10.08744556,135.13582,2.9884,5.68E+02,3.15,39.9,6310,1.095,15.079
CONFIRMED,16.34355902,145.04116,5.474,8.29E+02,3.26,34,5730,1.056,15.017
CONFIRMED,21.96401646,133.03586,2.7509,6.93E+02,2.57,26.9,5774,0.958,15.378
CONFIRMED,125.602323,215.4336,7.105,9.26E+02,2.89,23.3,5774,0.958,15.378
CONFIRMED,12.51353325,139.42461,4.301,4.31E+02,1.88,30,5435,0.873,14.779
CONFIRMED,17.9134215,135.52921,4.364,1.98E+02,1.39,11.4,5435,0.873,14.779
CONFIRMED,25.2149143,152.6912,5.76,1.74E+02,1.19,9.9,5435,0.873,14.779
CONFIRMED,5.42586901,135.86589,2.5342,2.59E+02,1.48,26.1,5594,0.934,14.305
CONFIRMED,19.58561177,132.36472,1.755,5.33E+02,3.09,27.1,5618,0.996,14.18
CONFIRMED,4.544436472,134.90159,1.8141,8.79E+02,3,42.5,5445,0.937,15.009
CONFIRMED,12.76220558,143.73026,2.0688,6.54E+02,3.18,17.4,5445,0.937,15.009
CONFIRMED,38.7149617,134.0313,3.441,6.95E+02,2.62,16.2,5445,0.937,15.009
FALSE POSITIVE,8.78458274,135.37812,6.459,2.11E+02,2.6,25.9,5927,1.691,14.879
CONFIRMED,3.69298623,132.73624,1.7744,7.63E+02,1.74,33.9,4402,0.572,14.265
CONFIRMED,5.334082429,131.981761,6.2226,4.68E+03,13.08,653.4,6332,1.905,14.463
CONFIRMED,6.4980147,136.00108,2.4384,1.91E+02,1.87,41.2,5727,1.104,13.25
CONFIRMED,19.76169247,135.17794,3.9097,3.93E+02,2.81,35.3,6327,1.175,14.563
CONFIRMED,5.18498961,131.8814,2.1397,4.30E+02,1.15,36.4,4325,0.56,14.744
CONFIRMED,85.6542476,155.12346,6.866,4.76E+02,3.56,36.6,5818,1.647,13.34
CONFIRMED,19.32945602,133.26717,3.794,9.36E+02,2.26,26.8,5026,0.763,15.719
CANDIDATE,17.79108667,149.25344,2.662,4.14E+02,2.88,39.8,5855,1.34,13.8
CONFIRMED,3.290114076,133.15709,1.5151,6.45E+02,1.49,30.3,4484,0.594,15.753
FALSE POSITIVE,2.086075752,170.965627,2.2647,3.66E+03,10.3,102.2,6131,1.417,12.963
CONFIRMED,3.311864148,131.7427761,1.4049,5.98E+03,9.06,448.2,5461,0.937,14.256
CANDIDATE,63.0732241,191.2532,5.397,6.71E+02,17.8,30,6234,6.354,13.089
CONFIRMED,2.422084188,132.940079,2.5613,1.87E+03,3.55,423.7,5598,0.83,14.236
CONFIRMED,78.5461106,144.06871,8.689,6.59E+02,3.55,35.6,5808,1.397,14.087
CONFIRMED,16.92342126,145.81407,4.1864,1.13E+03,3.4,40.8,5786,0.99,15.818
CONFIRMED,5.47665801,135.70431,2.5482,6.48E+02,2.01,32.1,4650,0.706,15.549
CONFIRMED,4.580346161,134.0754,2.097,3.08E+02,1.38,49.8,5103,0.789,13.693
CONFIRMED,2.248288213,133.425805,2.0361,2.63E+02,1.25,59.7,5103,0.789,13.693
CONFIRMED,6.76690759,136.61633,1.7062,2.49E+02,1.31,29.7,5103,0.789,13.693
CONFIRMED,34.1732156,137.78862,4.7679,6.35E+02,2.37,38.9,5201,0.834,13.733
CONFIRMED,16.7364755,143.13606,2.151,1.15E+03,2.73,9.9,4334,0.653,14.786
FALSE POSITIVE,137.8645881,172.8113,1.922,2.36E+03,15.9,28.2,3645,0.449,14.645
CONFIRMED,12.43929428,136.37952,3.176,2.54E+02,1.3,24.9,4987,0.773,13.395
CONFIRMED,7.62635494,136.01585,2.4168,2.96E+02,1.21,32.5,4955,0.721,14.017
CANDIDATE,8.710442022,134.614376,0.9425,1.20E+03,3.61,42.6,5416,0.809,14.816
CONFIRMED,11.35010642,134.04612,2.2792,1.22E+03,1.75,38.3,3597,0.514,15.278
CONFIRMED,109.4450597,197.9832,3.792,1.27E+03,3.04,30.1,5403,0.868,14.937
CONFIRMED,7.56052209,134.47889,3.8573,6.60E+02,2.4,34.6,5895,0.94,15.986
CONFIRMED,12.12401737,134.955,3.3091,7.88E+02,2.37,40.1,5094,0.87,15.09
CONFIRMED,9.38740646,137.38383,1.6165,3.85E+02,1.69,22.3,4500,0.646,14.028
CONFIRMED,7.41556471,137.81512,1.973,1.50E+02,0.79,11.8,4500,0.646,14.028
CONFIRMED,24.2101973,141.4698,4.046,4.58E+02,1.5,14.1,4650,0.706,15.549
CONFIRMED,23.8990075,151.39847,15.955,2.93E+02,3.26,61.5,5511,1.93,13.153
CONFIRMED,6.22161107,131.99094,3.4117,1.65E+02,1.59,29,6277,1.097,13.977
CONFIRMED,6.17998508,132.72278,2.1094,7.51E+02,2.12,29,5149,0.791,15.801
CONFIRMED,1.569066598,133.04032,2.7803,1.47E+02,1.68,48.7,5821,1.395,13.93
CONFIRMED,9.59068586,132.68264,3.452,5.45E+02,3.93,40,5476,1.673,13.237
CONFIRMED,7.03932913,133.85433,3.514,8.37E+02,4.67,48.6,5846,1.24,14.915
CONFIRMED,49.6075771,138.41517,2.9575,6.27E+02,2.12,44.9,5187,0.774,13.218
CONFIRMED,16.84183355,137.99443,2.6194,8.22E+02,3.08,23.6,5602,1.009,14.306
CONFIRMED,7.340714946,134.3457036,2.9987,8.51E+03,14.31,856.3,6056,1.498,14.412
CONFIRMED,12.55111099,137.26226,3.1293,4.94E+02,1.34,33.2,4213,0.598,14.731
CONFIRMED,3.003879547,134.709874,3.2848,8.54E+03,10.96,80.8,6311,1.172,14.996
CONFIRMED,24.0884178,134.42178,3.952,3.87E+02,1.16,21,4213,0.598,14.731
CONFIRMED,12.75800092,133.95888,4.1828,1.88E+02,1.49,41.7,5782,1.095,12.776
CONFIRMED,5.47033376,131.49548,3.1441,1.12E+02,1.15,32.7,5782,1.095,12.776
CONFIRMED,6.51112385,131.70646,1.6919,6.95E+02,3.09,38.4,6032,1.001,15.214
CONFIRMED,23.85163321,147.61456,2.4453,8.34E+02,3.37,28.6,6032,1.001,15.214
CONFIRMED,2.714078374,133.71179,1.3115,1.44E+02,1.38,36.8,5815,0.992,12.987
CONFIRMED,122.8799543,165.46356,7.835,7.18E+02,2.7,41.9,5413,0.861,13.8
CONFIRMED,4.88753111,132.70783,2.034,6.80E+02,2.45,17.4,5568,0.957,15.768
CONFIRMED,6.14728341,134.87289,2.7645,1.20E+02,0.79,26.8,4997,0.746,12.906
CONFIRMED,2.800111267,132.04865,1.0237,7.07E+02,2.13,33.5,4786,0.704,15.229
CONFIRMED,34.3511339,134.19046,4.4408,5.99E+02,2.75,28.8,6091,0.967,14.998
CONFIRMED,3.413036353,132.443054,2.61366,3.87E+03,6.62,480.7,5392,1.087,14.622
CONFIRMED,3.00725068,131.90484,4.4302,2.86E+02,1.56,30,5667,0.781,15.62
CONFIRMED,4.194496867,134.13511,1.7807,6.61E+02,1.57,45,3706,0.522,14.404
CANDIDATE,6.35585682,137.49837,1.55,1.77E+02,0.86,9.2,3706,0.522,14.404
CONFIRMED,1.970340203,131.948389,1.7901,4.03E+02,3.97,56.3,4883,1.667,14.438
CONFIRMED,5.05821338,135.702454,1.132,7.48E+02,10.69,43.2,4883,1.667,14.438
CONFIRMED,26.85323647,143.31303,4.4557,9.66E+02,2.65,53.3,5329,0.869,14.812
CONFIRMED,25.0985083,145.56829,2.7727,1.68E+02,1.59,21.3,5782,1.095,12.776
CONFIRMED,34.2685741,147.05143,4.8251,6.99E+02,2.44,38.2,5083,0.872,14.685
CONFIRMED,5.75321539,136.75617,1.7948,7.34E+02,3.14,31.8,5445,0.929,15.196
CONFIRMED,5.50860699,132.2983,3.0788,2.04E+02,1.49,38.2,5448,0.883,13.317
CONFIRMED,18.93055119,143.25058,3.372,6.84E+02,4.41,26.2,5015,1.643,14.417
FALSE POSITIVE,42.94386258,155.206515,3.7591,9.21E+03,41.62,273,5750,0.94,14.708
CONFIRMED,22.06402,148.9199,4.1,3.89E+02,2.67,31.5,6232,1.09,13.698
CONFIRMED,5.756245244,133.903421,1.071,6.24E+02,2.24,45.5,4931,0.734,13.708
CONFIRMED,148.4601819,151.38686,5.499,1.53E+03,3.61,33.7,5159,0.821,14.839
CONFIRMED,0.934885365,131.580676,1.4083,2.70E+02,3.21,57.8,4777,1.795,14.145
CONFIRMED,25.7626846,147.6963,6.908,6.20E+02,2.66,38,5739,1.069,15.087
CONFIRMED,11.0317836,362.3431,4.753,1.82E+02,1.45,14.1,5739,1.069,15.087
CONFIRMED,4.12511935,133.64014,2.877,1.15E+02,0.88,21.6,5598,0.83,14.236
CANDIDATE,4.22464216,133.09108,1.403,9.87E+02,4.31,7.7,6343,1.14,15.341
CONFIRMED,13.12162167,133.39526,3.6138,1.97E+02,1.99,32.7,6140,1.277,12.992
CONFIRMED,49.6220669,137.10149,7.222,5.06E+02,3.33,47.6,5938,1.184,13.429
CONFIRMED,8.08801663,138.73516,1.8334,9.53E+02,2.94,46.1,5269,0.874,14.624
CONFIRMED,11.55103848,134.90803,3.3601,4.03E+02,2.17,49.8,5907,1.058,14.138
CONFIRMED,4.469754641,131.84402,1.813,5.54E+02,2.26,37.1,5988,0.934,14.769
CONFIRMED,15.77382794,137.53051,4.957,3.14E+02,2.72,30.4,6283,1.531,13.205
CONFIRMED,6.56226483,132.61123,4.0144,2.61E+02,3.07,41.2,5878,1.812,13.996
CONFIRMED,20.67876365,151.69245,4.6395,3.24E+02,2.42,42.6,5865,1.272,13.598
CONFIRMED,50.79034648,135.632759,10.8474,5.67E+03,10.6,508.8,6163,1.406,14.274
CONFIRMED,9.59993246,136.58227,4.3206,2.71E+02,2.08,52,5865,1.272,13.598
CONFIRMED,2.0248205,132.35465,2.55,6.33E+01,1.01,20.2,5865,1.272,13.598
CONFIRMED,201.118319,187.56986,10.328,5.85E+02,2.28,34.7,5646,0.954,13.328
CONFIRMED,24.7577652,142.06826,6.998,4.59E+02,2.44,37.6,6106,0.966,14.49
CONFIRMED,12.7983174,133.64979,6.401,3.37E+02,2.88,38.2,5592,1.451,14.513
CONFIRMED,10.13200555,132.91155,3.1683,9.12E+02,1.67,37.6,4777,0.561,15.629
CONFIRMED,38.505224,158.30491,5.941,6.95E+02,2.45,35.5,5974,0.881,14.777
CONFIRMED,4.6126736,132.7757,3.0643,1.33E+02,1.6,34.3,6140,1.277,12.992
CONFIRMED,8.67890312,133.03651,3.5317,5.41E+02,2.56,37.4,5509,1.116,14.523
CONFIRMED,39.3135699,154.93767,5.0137,5.00E+02,2.07,33.8,6060,0.925,14.476
CONFIRMED,5.94565516,133.99359,2.1604,4.01E+02,1.12,28.5,3974,0.564,15.026
CONFIRMED,1.52373073,131.61813,1.4796,3.65E+02,1.26,34.1,3746,0.51,15.313
CONFIRMED,4.225384543,137.5606891,2.82038,7.56E+03,9,1457.8,5574,1.054,14.014
CONFIRMED,60.0853848,153.25707,7.007,4.32E+02,2.4,51.7,6028,1.047,13.43
CONFIRMED,43.0343364,137.69007,6.571,5.42E+02,2.5,50,5550,0.911,13.534
CANDIDATE,46.2991052,155.80223,5.2481,8.55E+02,4.33,55,5396,1.507,14.082
CONFIRMED,88.6440015,145.47193,7.82,6.26E+02,2.51,57.6,5661,0.934,13.748
CONFIRMED,35.01190875,150.37126,2.868,4.37E+02,2.97,34,5872,1.153,13.624
CONFIRMED,16.57099265,133.90704,2.9052,6.45E+02,2.03,40.9,5483,0.779,14.64
CONFIRMED,16.00496657,135.25305,6.5047,3.78E+02,3.71,49.8,6384,1.904,12.818
CONFIRMED,1.954525966,132.29679,2.0944,3.93E+02,2.38,43.1,5741,1.136,15.356
CANDIDATE,15.09521323,139.474359,3.41,,,,,,15.356
CONFIRMED,7.23400381,137.67742,2.165,4.53E+02,1.78,34.3,5411,0.85,14.139
CONFIRMED,6.77408984,135.95524,2.6215,5.20E+02,2.5,33.6,6246,1.092,15.368
CONFIRMED,20.17202467,141.209182,3.1488,5.37E+03,6.24,226.8,5064,0.864,14.711
CONFIRMED,26.41044199,149.39541,3.0715,9.91E+02,2.45,31.2,5448,0.734,15.593
CONFIRMED,8.27745764,138.25667,2.713,1.97E+02,2.46,17.3,5129,1.781,13.115
CONFIRMED,14.37504582,139.05924,3.208,2.51E+02,2.05,15.7,5931,1.053,13.286
CANDIDATE,6.31219171,136.93315,4.9377,4.04E+02,2.17,35.6,6322,1.075,14.959
CONFIRMED,147.97391,263.08561,6.854,1.27E+03,3.33,26.4,5578,0.95,14.904
CONFIRMED,13.24503482,142.00573,4.4078,1.56E+02,1.77,35.7,5636,1.39,12.584
CONFIRMED,77.2550726,159.32399,10.214,5.90E+02,3.7,44,6564,1.356,13.754
CONFIRMED,3.85690686,134.47405,2.0808,1.28E+02,0.93,24.3,5272,0.813,13.746
CONFIRMED,116.3311739,173.68887,7.025,1.59E+03,3.26,31.5,5354,0.835,14.767
CANDIDATE,86.049055,201.0385,29.28,4.30E+02,2.06,8,5733,0.997,14.767
CONFIRMED,6.31943553,132.22892,3.3422,5.81E+02,2.71,61,5670,1.022,14.028
CONFIRMED,12.20951755,360.3204,4.1808,5.38E+02,2.61,45.5,5670,1.022,14.028
CONFIRMED,3.07644709,353.7643,2.6326,2.17E+02,1.61,29.3,5670,1.022,14.028
FALSE POSITIVE,2.11913005,132.59,4.141,2.87E+01,1.35,21.5,5799,2.377,7.837
CONFIRMED,68.958447,179.08158,3.128,1.23E+02,1.11,30,5455,0.888,9.439
CONFIRMED,18.79591276,145.821854,7.5235,2.43E+03,7.39,282.3,6163,1.406,14.274
FALSE POSITIVE,47.76397728,165.041066,4.08,,,,,,9.668
CONFIRMED,63.0380366,169.12161,7.3702,6.59E+02,2.59,53.1,5798,1.019,13.605
CONFIRMED,9.69315023,132.81362,5.6725,1.42E+02,1.89,45.1,5683,1.472,12.727
FALSE POSITIVE,8.48031229,135.85319,7.105,3.51E+02,2.58,37.3,5910,1.078,14.613
CONFIRMED,56.1886436,146.37945,6.5272,3.46E+02,2.56,35.6,5700,1.176,13.351
CONFIRMED,6.92101452,135.64343,4.3591,5.30E+02,1.48,39.9,4461,0.585,14.832
CONFIRMED,3.27344784,134.45023,1.7292,2.63E+02,0.81,34,3758,0.496,14.22
CONFIRMED,15.3789014,143.40629,4.662,1.85E+02,2.94,17.6,5817,2.153,13.127
CONFIRMED,134.4785189,169.28141,5.9288,4.03E+03,10.52,149.9,5791,1.336,13.929
CANDIDATE,5.007414194,135.024066,1.3584,4.41E+03,8.8,196.6,5957,1.042,13.592
FALSE POSITIVE,24.68662378,137.53976,15.168,8.05E+03,48.04,210.9,4648,5.132,14.633
CONFIRMED,98.7179332,131.58694,6.593,7.32E+03,6.99,124.4,5808,0.786,15.7
CONFIRMED,71.52543938,191.69147,5.9189,5.90E+03,5.76,111.3,4855,0.778,14.521
CANDIDATE,17.50441726,135.74731,4.2585,7.25E+02,3.56,47.5,5815,1.329,13.926
CONFIRMED,1.72086129,133.0209998,2.0243,1.02E+04,13.25,1654.9,5742,1.215,14.309
CONFIRMED,56.4349933,151.41082,4.7381,5.80E+02,2.37,47.7,5534,1.001,13.668
CONFIRMED,33.7888028,153.65384,5.496,6.49E+02,2.71,36,6202,1.062,13.631
CONFIRMED,3.215109385,133.77747,4.365,1.58E+02,1.54,53.3,5541,0.934,13.405
CONFIRMED,3.29276797,133.00741,4.8069,8.07E+01,1.39,40.8,5683,1.472,12.727
CONFIRMED,13.72710334,138.74473,7.3419,1.99E+02,2.38,62.5,5951,1.693,12.119
CONFIRMED,24.3110031,137.0394,8.7682,1.84E+02,2.3,48.9,5951,1.693,12.119
CONFIRMED,44.4304059,143.5462,10.306,2.39E+02,2.61,50.5,5951,1.693,12.119
CONFIRMED,9.34145925,132.38581,6.18,8.17E+01,1.56,29.4,5951,1.693,12.119
CONFIRMED,4.97760447,134.67304,2.5719,2.87E+02,1.75,27.5,5353,1.023,14.531
CONFIRMED,21.1285655,149.27632,3.852,1.77E+02,2.88,12.5,5817,2.153,13.127
FALSE POSITIVE,24.4851178,137.6248,4.642,2.64E+02,7.14,10.9,6655,2.995,10.8
CONFIRMED,7.51854537,132.53078,2.845,2.87E+02,1.42,19.4,5064,0.864,14.711
CANDIDATE,86.7490807,170.29281,9.179,5.47E+02,2.23,35.7,5579,0.97,13.82
CONFIRMED,25.96190067,138.96908,6.2732,3.50E+02,3.25,37.5,6369,1.729,13.2
CONFIRMED,130.3543929,144.06022,6.474,5.13E+03,7.7,103.7,5970,1.015,15.254
CONFIRMED,1.855557556,137.181028,2.35672,1.06E+04,10.05,1853.8,5657,0.947,14.465
CANDIDATE,3.261759866,131.778858,1.7593,3.88E+03,8.01,190.4,6131,0.945,15.28
FALSE POSITIVE,3.364425589,131.66843,1.3261,4.84E+03,56.83,32,5813,0.775,15.337
CONFIRMED,16.78175788,139.79356,3.7386,9.08E+02,2.25,118.8,4925,0.742,12.971
CONFIRMED,105.3035093,207.17015,6.214,1.36E+03,3.18,40.6,5534,0.875,14.986
CONFIRMED,2.549562652,132.60803,1.6999,4.95E+02,1.11,43.7,3716,0.506,15.018
CONFIRMED,13.96950181,132.17062,1.5871,1.11E+03,2.04,37,3716,0.506,15.018
CONFIRMED,5.21230171,132.71052,2.098,4.30E+02,1.04,29.3,3716,0.506,15.018
CONFIRMED,17.76076524,137.50778,1.6679,1.29E+03,1.93,42.6,3826,0.516,15.22
CONFIRMED,10.55840479,136.34449,3.366,1.94E+02,1.41,14.6,5353,1.023,14.531
CANDIDATE,20.92735802,139.325791,3.4256,8.09E+03,17.36,263.5,6126,1.109,14.877
CONFIRMED,6.98800953,132.56964,3.103,1.93E+02,1.39,17.1,5353,1.023,14.531
CONFIRMED,22.8245144,144.46843,6.617,3.23E+02,3.36,15.9,6642,1.846,12.345
CONFIRMED,49.1011093,136.47265,6.341,8.46E+02,3.28,39.7,5393,1.11,15.041
CONFIRMED,7.05675145,132.53512,2.0261,1.30E+02,1.68,25.2,6388,1.402,12.556
CONFIRMED,34.8536903,164.04668,5.333,7.68E+02,2.4,27,5818,0.848,14.876
CONFIRMED,2.41434868,132.42878,1.2701,1.91E+02,0.97,30,4507,0.724,13.156
FALSE POSITIVE,2.466070972,132.32097,1.9559,7.05E+02,24.3,42.6,5708,0.884,15.601
CONFIRMED,4.30656389,132.44098,4.1107,2.57E+02,1.95,39.8,6108,1.03,14.136
FALSE POSITIVE,12.96471775,136.143342,1.8303,3.73E+03,39.93,183.3,6210,1.033,14.384
FALSE POSITIVE,1.731079436,134.77977,1.8419,1.20E+04,56.05,36.2,6045,0.955,15.505
CONFIRMED,7.794302043,137.260385,1.1081,3.39E+03,16.51,159.2,5494,0.982,12.394
CONFIRMED,14.5324483,140.72407,3.13,1.36E+03,3.11,16.5,5345,0.86,14.625
CONFIRMED,5.248667607,135.516708,1.917,6.01E+02,2.84,59.5,5807,1.012,13.345
CONFIRMED,7.96431492,136.81646,1.5342,7.46E+02,2.44,44.3,5185,0.91,14.425
CONFIRMED,92.7297248,177.43808,6.83,1.26E+03,2.81,43.3,4580,0.675,14.897
CONFIRMED,1.485710994,132.7935653,2.2874,2.08E+04,14.48,1176.6,5624,1.018,14.141
CANDIDATE,30.5231459,146.85072,2.7286,2.21E+03,11.26,38.7,5518,0.79,15.841
CONFIRMED,71.3116598,132.39239,8.813,2.14E+03,4.94,43.4,6194,1.069,15.674
CANDIDATE,28.78270955,132.3189,3.451,8.65E+02,2.11,40.1,4774,0.745,14.649
FALSE POSITIVE,15.44428875,138.1678,2.0791,3.60E+03,37.58,44.9,5895,0.991,15.838
CONFIRMED,1.411230023,132.641925,1.4325,3.88E+02,1.71,89.3,4575,0.737,13.59
CONFIRMED,96.9151707,187.08955,6.065,8.63E+02,2.37,53.4,5162,0.791,14.031
CONFIRMED,13.47472742,133.48999,2.5995,7.30E+02,1.96,25.3,5395,0.734,15.164
CONFIRMED,2.29503515,132.69329,1.654,1.72E+02,1.18,11.6,5637,0.909,13.09
CONFIRMED,27.495634,133.28538,4.858,4.83E+02,2.11,24.7,5657,0.911,14.55
CONFIRMED,14.08826442,137.34334,4.1847,8.89E+02,2.66,34.2,5853,0.895,15.624
CONFIRMED,3.905081685,133.4150433,2.8213,2.13E+04,12.78,1315.8,5543,0.887,15.127
CONFIRMED,110.9643706,187.04621,12.831,1.28E+03,2.11,42.1,4441,0.546,15.498
CANDIDATE,4.539297295,133.9595824,1.9455,7.98E+02,2.34,50.3,4914,0.724,13.26
CONFIRMED,6.94135824,137.5437,1.8899,8.25E+02,2.96,43.1,5527,0.88,13.828
CONFIRMED,17.27629668,133.839172,3.94738,1.05E+04,7.31,871.4,4941,0.738,14.018
CONFIRMED,31.7821117,134.8645,3.856,5.70E+02,2.08,21.6,5527,0.88,13.828
CONFIRMED,4.36273233,135.23342,2.2375,3.42E+02,1.76,25.6,5527,0.88,13.828
CONFIRMED,18.6848377,136.14587,3.7965,1.25E+03,1.93,41.2,4156,0.545,15.434
CONFIRMED,7.41634701,135.85372,2.1362,5.06E+02,1.24,20.6,4156,0.545,15.434
CONFIRMED,9.91724268,135.1389,3.2241,4.58E+02,2.85,38.8,5539,1.207,14.498
CONFIRMED,82.5341188,209.12763,4.8556,1.90E+03,2.45,40.1,4316,0.58,15.187
CONFIRMED,20.16037858,144.34281,4.13,3.44E+02,1.75,35.1,4975,0.724,13.389
CONFIRMED,10.99470891,137.35769,1.5929,8.85E+02,1.71,32.7,4302,0.586,15.389
CANDIDATE,6.73679732,136.4043415,2.36,,,,,,15.389
CANDIDATE,124.0358994,136.015098,4.8472,7.69E+03,11.13,190.1,5822,1.28,14.989
FALSE POSITIVE,1.194812329,132.18329,1.3777,1.90E+02,1.36,41.2,6198,0.97,14.029
CONFIRMED,10.84969477,136.74432,3.474,1.12E+03,2.67,43.5,5251,0.778,15.409
CONFIRMED,12.18420006,139.05644,2.5014,4.99E+02,2.59,23.3,5771,1.068,13.982
CONFIRMED,3.76417012,132.35462,2.0111,5.58E+02,1.7,27.2,5063,0.728,15.484
CONFIRMED,5.92972237,135.49811,2.518,4.12E+02,1.92,8.9,5741,0.956,14.746
CONFIRMED,12.2476121,138.2196,3.209,4.03E+02,1.9,6.8,5741,0.956,14.746
CONFIRMED,13.59051547,133.07217,3.784,6.22E+02,2.4,27.7,5442,0.974,15.15
CONFIRMED,46.8776724,137.66791,10.041,5.40E+02,2.62,37.5,5504,0.993,14.632
CONFIRMED,89.1935737,217.82184,4.0104,8.68E+02,3.81,43.5,6071,1.295,12.487
CONFIRMED,13.09390911,144.525,2.2805,3.99E+02,2.2,62.2,5772,0.956,12.706
CONFIRMED,4.915385452,132.69448,2.7757,2.26E+02,1.46,65.6,5772,0.956,12.706
FALSE POSITIVE,87.455958,136.23042,18.257,1.60E+03,70.11,118.9,7700,2.111,13.36
FALSE POSITIVE,0.805259257,132.100916,1.42246,1.38E+03,63.55,329.7,5872,2.022,13.742
CONFIRMED,9.76785911,139.43968,2.1649,5.85E+02,2.54,54.1,5371,0.852,13.766
CONFIRMED,40.80957343,142.69218,3.158,4.36E+02,3.44,39.3,6183,1.3,12.988
CONFIRMED,22.08551599,135.23432,2.1727,3.16E+03,3.34,48.5,3828,0.565,15.967
CONFIRMED,1.151166776,133.231766,1.0907,5.78E+02,1.28,83.7,3951,0.535,14.44
FALSE POSITIVE,4.693305543,136.8627229,5.17249,1.45E+04,17.85,1765.2,6365,1.47,12.291
CONFIRMED,3.246732048,133.379165,3.0535,7.00E+03,12.4,775,5763,1.457,14.678
FALSE POSITIVE,8.3606759,138.81934,6.287,1.95E+02,1.49,17.7,5771,1.068,13.982
CONFIRMED,62.1385979,161.14834,4.2938,8.86E+02,5.14,36.1,5123,1.621,14.52
CANDIDATE,17.1181036,136.19429,1.29,1.68E+02,1.22,6.1,5576,0.929,14.52
CANDIDATE,8.29482811,133.50201,2.7437,5.60E+02,2.76,38.1,5773,0.939,14.469
FALSE POSITIVE,26.635216,155.5577,5.949,1.49E+03,27.64,30.6,5215,0.882,15.551
CONFIRMED,17.84850835,148.39117,5.8919,3.91E+02,3.29,43.5,6188,1.465,13.781
CONFIRMED,26.1363443,131.61796,6.613,3.62E+02,2.8,38.1,6188,1.465,13.781
CONFIRMED,11.1895709,140.63504,5.3,1.43E+02,1.81,19.9,6188,1.465,13.781
CONFIRMED,2.757977384,131.87907,2.1489,2.11E+02,1.69,22.5,5919,1,13.263
FALSE POSITIVE,18.6928606,143.8331829,3.88584,5.13E+04,14.81,1281.9,5190,0.66,16.147
CONFIRMED,14.80075082,132.82179,5.762,5.01E+02,17.38,54,6327,7.663,12.538
CONFIRMED,3.126861192,133.724959,1.1926,7.95E+02,5.12,94.6,4854,1.749,13.884
FALSE POSITIVE,87.24250316,153.344695,4.1206,1.79E+04,15.86,335.2,5671,0.955,14.288
CANDIDATE,10.24061136,131.667897,0.9617,2.96E+03,3.9,72,5227,0.64,15.408
CONFIRMED,16.87725775,138.64907,3.7917,8.18E+02,2.54,43.1,5497,0.872,14.101
CONFIRMED,12.05705659,135.41595,2.3462,5.24E+02,1.96,20.8,5365,0.834,13.576
CONFIRMED,28.26727385,140.92561,4.5839,1.16E+03,2.93,42.1,5132,0.886,14.907
CONFIRMED,3.770590654,133.39088,2.029,3.14E+02,2.13,37.1,5714,1.208,14.668
CONFIRMED,2.7073064,132.43068,3.4378,6.95E+01,1.36,31.7,6045,1.629,11.894
CANDIDATE,23.11707222,149.56221,3.9948,2.41E+03,4.37,61.2,5275,0.796,15.462
CANDIDATE,4.77502117,355.45644,1.7087,4.51E+02,1.73,16.7,5275,0.796,15.462
CONFIRMED,66.4159789,188.13988,7.061,2.05E+03,3.44,33.6,5383,0.759,15.983
CONFIRMED,8.0103929,135.31823,4.2713,2.94E+02,1.88,34.6,5616,1.111,14.601
CANDIDATE,5.69590202,139.231637,3.5661,4.92E+03,6.61,391.2,6106,0.94,14.858
CONFIRMED,27.6666375,143.86343,6.315,3.24E+02,2.04,24.4,5616,1.111,14.601
CONFIRMED,5.19559398,132.72178,3.748,1.16E+02,1.18,16,5616,1.111,14.601
CONFIRMED,57.2488518,184.6864,6.083,1.46E+03,3.19,29.8,5642,0.846,15.99
CONFIRMED,37.0551726,200.20176,5.439,1.03E+03,3.19,23.2,5642,0.846,15.99
CONFIRMED,16.33269981,136.90909,2.174,3.00E+02,1.61,17.5,5208,0.772,12.957
CONFIRMED,10.05550267,173.2234,2.951,1.48E+02,0.92,13.6,5208,0.772,12.957
CONFIRMED,9.30413878,140.33868,1.9254,6.37E+02,1.67,24.2,4458,0.658,14.796
CONFIRMED,4.33722007,132.85152,2.4973,3.59E+02,1.63,47.9,5390,0.876,13.53
CONFIRMED,1.653889476,132.18845,1.7242,1.24E+02,0.97,22.3,5390,0.876,13.53
CONFIRMED,150.8783198,206.69223,8.6797,6.60E+02,4.37,70.6,5504,1.737,12.443
CONFIRMED,3.553831111,134.64066,3.1029,1.92E+02,1.62,77.4,6015,1.081,12.722
CONFIRMED,1.6783263,136.05259,2.5123,1.46E+02,1.57,76.1,6015,1.081,12.722
CONFIRMED,5.65378163,131.71154,1.9483,3.67E+02,1.82,37.8,5988,0.934,14.377
CONFIRMED,5.99185827,136.88244,1.7215,1.86E+02,2.75,32.1,6157,1.695,12.239
CONFIRMED,120.0183551,134.18742,11.637,8.86E+02,4.54,46.1,6469,1.467,13.256
CONFIRMED,14.30517579,135.06301,4.535,8.63E+02,3.05,37.5,5741,0.846,15.338
CONFIRMED,9.18189122,132.40505,4.343,3.64E+02,2.17,18.2,5741,0.846,15.338
CANDIDATE,2.64622742,132.66343,1.407,1.56E+02,0.99,8.4,5167,0.787,15.498
CONFIRMED,2.935362067,136.18415,1.5043,1.05E+03,3.15,38,4922,0.823,15.622
CONFIRMED,13.53953595,143.15629,4.389,1.34E+02,2.32,21.8,6109,1.997,13.628
CONFIRMED,22.7082375,133.72114,3.503,2.99E+02,1.72,22,6170,0.992,14.574
CONFIRMED,7.97033985,136.55775,2.6675,4.91E+02,1.81,23.5,5774,0.818,15.833
FALSE POSITIVE,5.33459393,133.43443,2.642,2.26E+02,0.79,14.7,4275,0.533,14.853
CONFIRMED,8.49640437,138.73595,2.2128,8.34E+02,2.14,21.8,5093,0.709,15.888
CONFIRMED,66.1843646,141.62259,5.155,5.61E+02,2.72,21.3,5640,0.978,14.862
CONFIRMED,2.032318856,132.64394,1.1596,2.88E+02,1.12,20.4,4670,0.682,15.13
CANDIDATE,65.18703725,177.6208875,5.44,,,,,,15.13
CONFIRMED,3.62275506,132.99267,2.7868,1.81E+02,1.62,22.3,5794,1.216,14.762
CONFIRMED,2.892216772,132.87726,1.3596,3.61E+02,1.31,23.9,4229,0.615,15.068
CONFIRMED,187.746606,157.35064,5.885,1.58E+03,2.95,20.2,5303,0.753,15.206
CONFIRMED,2.543063763,132.68159,2.8473,1.52E+02,1.26,26.5,5579,1.029,14.736
CONFIRMED,3.177414601,134.478892,1.5262,1.13E+03,2.65,113.7,5303,0.708,14.708
CONFIRMED,2.168451063,132.14107,1.458,4.67E+02,2.41,45.5,6153,1.109,15.141
CONFIRMED,37.8154157,141.10346,4.662,2.86E+02,1.21,22.4,4856,0.705,12.879
CONFIRMED,53.5783052,171.1857,5.194,2.25E+02,1.16,15.4,4856,0.705,12.879
CANDIDATE,6.69332825,137.70324,2.311,7.82E+02,2.44,23.4,4245,0.637,15.673
CONFIRMED,33.1362861,169.50676,4.163,8.25E+02,2.05,16.3,4245,0.637,15.673
CONFIRMED,7.72513619,176.80202,2.042,3.82E+02,1.71,10.5,4245,0.637,15.673
CONFIRMED,10.71253475,137.16499,2.7186,1.20E+03,2.02,31.2,4175,0.544,15.813
CONFIRMED,32.5635249,163.46038,5.418,5.78E+02,2.05,24.1,5225,0.859,15.48
CONFIRMED,12.19140405,136.33677,1.8832,6.66E+02,2.46,19.4,5516,0.967,15.364
CONFIRMED,6.11784972,133.61873,3.458,6.05E+01,1.05,25.8,6226,1.333,12.168
CONFIRMED,3.97599629,133.62238,2.2029,2.06E+02,1.11,27.3,5143,0.778,14.11
CONFIRMED,7.68478504,137.64035,2.447,2.74E+02,1.47,21.4,5344,0.907,14.776
FALSE POSITIVE,0.990516282,131.84152,2.019,1.02E+02,3.52,20.4,5975,2.399,13.405
CONFIRMED,15.0447098,133.20895,5.823,9.79E+01,1.51,23.4,5798,1.525,13.037
CANDIDATE,29.0726293,136.97364,2.516,4.40E+02,2.32,20.9,5799,1.042,14.409
CONFIRMED,1.118547814,132.84826,1.5534,2.35E+02,0.98,21.7,4496,0.658,15.793
CONFIRMED,6.42199919,134.58037,2.6192,1.62E+02,1.25,25.4,5985,0.981,13.862
CONFIRMED,9.75374033,134.06014,2.348,4.31E+02,1.87,18.9,5806,0.899,15.158
CONFIRMED,81.3153052,175.9957,5.807,7.16E+02,2.55,20.7,5325,0.975,15.111
CONFIRMED,51.3283527,177.67418,9.357,6.92E+02,3.06,34.7,6119,1.119,14.955
CONFIRMED,19.7919389,149.30719,3.787,3.84E+02,2.58,22.8,6285,1.039,14.09
CONFIRMED,26.8475962,142.17023,10.068,2.54E+02,3.2,39.2,5508,1.988,12.848
CONFIRMED,62.8917493,139.12778,6.831,7.91E+02,2.5,22.6,5052,0.855,15.481
CONFIRMED,14.87149773,137.69573,2.4076,9.45E+02,1.59,27.3,3825,0.524,15.673
CONFIRMED,2.732767897,354.09581,1.1102,6.13E+02,1.42,27,3825,0.524,15.673
FALSE POSITIVE,119.8401019,161.863461,3.6796,5.45E+03,26.96,83.7,4602,0.675,14.945
CONFIRMED,9.61375316,132.185679,4.654,7.98E+02,3.27,108.6,5997,1.11,14.283
CANDIDATE,6.6254781,136.1733,2.358,1.22E+02,0.9,2.7,5211,0.832,14.11
CONFIRMED,29.9685917,147.8598,6.678,3.10E+02,1.91,26.5,6249,1.076,14.456
CONFIRMED,33.2407985,143.46683,4.675,3.42E+02,1.51,20.4,5382,0.827,14.477
FALSE POSITIVE,2.97600846,132.98121,4.274,1.03E+02,2.27,25.9,6208,2.088,13.4
CONFIRMED,15.18727049,134.05495,4.509,2.93E+02,1.94,21.4,6136,1.005,14.724
CONFIRMED,28.6853212,159.87094,6.307,6.89E+02,2.69,23.8,5726,0.838,15.658
CONFIRMED,0.588001053,132.058754,1.1451,2.97E+02,0.99,50.9,3814,0.57,14.934
CONFIRMED,85.7357202,170.98121,7.625,7.48E+02,2.94,20.8,6096,1.077,15.301
CONFIRMED,1.078389713,133.25041,1.3394,3.01E+02,1.98,23.6,5325,0.985,15.143
CONFIRMED,5.03728033,134.1094,2.0619,7.63E+01,1.55,20.9,6387,1.381,12.189
CONFIRMED,3.289726319,131.75522,2.3274,2.35E+02,1.37,27,5463,0.91,14.866
CONFIRMED,7.18644594,136.62345,1.4972,4.02E+02,2.19,23.8,5463,0.91,14.866
CONFIRMED,15.94248453,146.33157,3.4894,1.09E+03,2.62,34.3,5376,0.806,15.886
CONFIRMED,41.0081117,147.03382,4.376,1.00E+03,2.64,43.9,5303,0.708,14.708
CONFIRMED,11.55562042,138.19752,1.6758,4.42E+02,2.11,22.7,5420,0.85,14.816
CONFIRMED,12.2885046,141.61869,2.807,3.42E+02,3.22,12,5109,1.671,14.414
CONFIRMED,17.13263125,147.1546,3.0555,8.50E+02,2.31,26.4,5477,0.794,15.842
CONFIRMED,19.0231361,139.65988,3.431,4.02E+02,2.04,19.7,5569,0.954,15.198
CONFIRMED,4.57948235,135.09685,3.106,2.07E+02,1.35,20,5569,0.954,15.198
CONFIRMED,1.003931703,132.09988,1.4361,4.91E+02,1.6,25.2,4949,0.741,15.942
FALSE POSITIVE,0.614083885,132.46969,0.9817,3.90E+02,2.55,36.4,6521,1.276,15.177
CONFIRMED,55.8224775,169.03741,5.457,8.80E+02,2.13,23.7,5162,0.736,15.624
CANDIDATE,1.34145255,132.69106,7.502,2.66E+01,1.31,31.2,7495,2.389,12.783
CONFIRMED,6.11010439,136.91214,2.314,5.97E+01,0.93,11.8,6213,1.195,12.716
CONFIRMED,4.286866229,138.614882,4.4726,1.32E+03,4.14,167.3,6228,1.049,14.982
CONFIRMED,10.27380957,134.65748,3.252,3.53E+02,1.68,19.2,5806,0.899,14.909
CONFIRMED,13.39155154,133.05499,3.391,4.89E+01,1.58,24.5,6197,2.188,10.421
CONFIRMED,5.62904396,134.74679,3.7295,3.95E+01,1.39,32.2,6197,2.188,10.421
CONFIRMED,8.2562857,137.9267,2.0378,3.73E+01,1.49,18.2,6197,2.188,10.421
CONFIRMED,12.33087921,361.9744,3.0664,8.72E+02,2.34,28.3,5376,0.806,15.886
CONFIRMED,4.421566535,132.18465,2.1229,6.84E+02,2.19,31.9,4299,0.697,15.18
CONFIRMED,15.72585941,133.98774,3.8284,1.31E+03,2.69,32.7,5332,0.755,16.144
CONFIRMED,1.252753881,133.17054,2.1472,2.00E+02,2.44,40.5,5907,1.705,14.69
CONFIRMED,13.36019864,131.81481,2.788,7.00E+02,1.84,21.3,4500,0.688,15.637
CONFIRMED,76.957056,192.33682,9.551,3.67E+02,2.09,26.5,5878,1.041,14.353
CANDIDATE,14.97974335,143.46174,4.126,1.21E+03,3.79,33.2,5062,0.853,15.549
CANDIDATE,6.7445683,135.5092,3.813,8.66E+01,0.86,6.8,6106,0.923,15.319
CANDIDATE,33.35859852,137.57061,2.286,1.83E+03,4.44,32.2,5009,0.799,15.253
CONFIRMED,8.84784273,140.15085,2.0572,4.60E+02,1.15,21.1,3867,0.552,14.911
CONFIRMED,9.98970266,133.76102,3.7,9.88E+02,2.48,24.1,5265,0.81,15.909
CONFIRMED,5.63252508,133.81818,2.1448,6.34E+02,2.04,70.9,5216,0.804,14.353
CONFIRMED,1.442592305,134.07188,2.9698,1.66E+02,2.67,27.1,7216,2.043,11.558
CONFIRMED,14.17222858,142.60134,2.6297,2.47E+02,2.39,24.5,5845,1.314,13.776
CONFIRMED,4.92031063,135.40577,4.046,8.10E+01,1.18,17.7,5845,1.314,13.776
CONFIRMED,56.4931698,143.99262,8.704,4.12E+02,4.43,31.8,6160,2.046,13.524
CONFIRMED,13.82142084,131.79237,3.985,7.65E+02,2.2,75.3,4983,0.651,14.139
FALSE POSITIVE,2.30367952,133.76909,3.0898,1.36E+02,1.3,18.9,6191,0.865,15.206
CONFIRMED,5.78387049,135.5798,1.3966,4.13E+02,2.07,20.7,6063,1.012,15.049
CONFIRMED,11.08507658,355.03627,1.751,7.72E+02,2.5,17.7,5080,0.793,15.938
CONFIRMED,0.571038347,131.653752,1.1267,2.42E+02,1.65,38.2,5132,0.886,14.098
CONFIRMED,8.77425786,132.33386,2.2245,2.40E+02,1.75,22.3,5146,0.905,13.714
CONFIRMED,4.51005082,134.56954,2.1533,2.95E+02,1.74,21.5,5362,1.032,14.979
CONFIRMED,37.6468519,161.46355,6.344,4.27E+02,5.37,31,5443,2.652,14.288
CONFIRMED,29.4557841,154.17062,3.451,5.34E+02,2.19,26.6,6036,0.949,14.385
CONFIRMED,12.46600444,134.003258,5.0066,2.23E+03,5.65,304.6,6038,1.191,14.247
CONFIRMED,2.361724472,133.23932,1.2167,5.87E+02,1.53,34.6,4478,0.651,15.658
CONFIRMED,34.7630543,161.74217,4.309,2.94E+02,1.75,24,5670,0.95,13.865
CONFIRMED,20.0545282,136.56587,7.173,3.05E+02,2.63,26.9,6056,1.209,14.881
CONFIRMED,3.17059731,132.67813,1.6686,3.25E+02,1.69,20.1,5431,0.843,15.353
CONFIRMED,27.0142622,132.52245,5.385,2.88E+02,2,25.5,5949,1.184,13.86
CONFIRMED,12.50945798,136.99217,3.479,1.55E+02,1.54,16,5949,1.184,13.86
CONFIRMED,26.0203329,154.5286,4.965,1.16E+03,4.53,23.7,5624,1.244,15.889
CONFIRMED,0.769854899,132.51944,1.0243,1.10E+02,0.93,28.7,5173,0.822,13.829
CONFIRMED,6.89226333,132.4644,2.4921,2.14E+02,2.13,22.4,5862,1.463,14.207
CONFIRMED,8.07127043,137.76604,2.393,3.18E+02,1.53,16.9,5766,0.853,15.553
CONFIRMED,11.01819178,139.87858,4.635,5.46E+02,2.64,22,6075,0.969,15.832
CONFIRMED,30.9505927,153.84507,5.394,3.01E+02,1.51,23.2,4983,0.651,14.139
CANDIDATE,6.3143447,173.3097,2.796,1.91E+02,1.34,6.4,6075,0.969,15.832
CANDIDATE,78.7327023,168.72926,5.041,4.96E+02,7.76,19.1,6715,2.763,13.003
FALSE POSITIVE,3.979867514,132.071233,2.3607,9.08E+02,26.5,65.2,6032,0.973,14.782
CANDIDATE,42.3375799,158.25187,4.924,3.55E+02,1.45,18.1,4132,0.581,14.275
CONFIRMED,23.3593589,144.01826,5.389,5.70E+02,2.98,25.9,6244,1.009,15.347
CONFIRMED,9.69310837,134.53003,2.734,1.13E+03,2.12,30.4,4818,0.618,15.914
FALSE POSITIVE,24.2598301,132.47982,3.897,1.54E+03,25.42,26.3,5485,0.805,15.962
FALSE POSITIVE,116.5214317,144.13378,5.577,7.72E+02,44.41,25,6056,1.411,13.806
CONFIRMED,0.813166357,131.82536,1.4122,1.74E+02,1.14,34.8,5237,0.887,14.113
CONFIRMED,10.86062378,136.65957,2.2874,1.90E+02,2.09,20.7,6455,1.496,13.957
CONFIRMED,24.08632177,148.20086,2.236,1.04E+03,2.78,18,4973,0.768,15.464
CANDIDATE,1.834277283,132.85895,1.7499,2.87E+02,1.64,24.8,5751,0.958,15.198
FALSE POSITIVE,17.40208965,141.93057,3.745,6.17E+02,16.37,20.9,4098,0.615,15.245
CONFIRMED,37.9456138,134.78331,4.093,1.03E+03,2.79,24,5861,0.865,15.939
FALSE POSITIVE,1.141877248,170.3386848,4.33931,3.09E+05,88.62,2036.3,6158,1.368,13.418
FALSE POSITIVE,5.77675928,143.09616,6.789,3.52E+03,32.77,141.4,5544,0.875,14.572
CONFIRMED,24.1738244,135.62471,3.056,5.33E+02,2.21,21.5,5468,0.968,15.056
CONFIRMED,5.186737262,134.99509,0.8023,7.13E+02,2.4,25.7,5230,0.777,14.988
CANDIDATE,1.151244686,132.64551,1.272,2.70E+02,40.32,32.6,6086,0.921,14.519
CONFIRMED,1.217000383,132.03128,1.3285,4.60E+02,1.58,26.5,4859,0.757,15.975
CONFIRMED,13.6823798,139.18611,4.153,1.80E+02,1.43,17,6102,1.026,14.5
CANDIDATE,2.42088277,133.57809,2.812,2.23E+02,2.27,20.7,5583,1.53,15.61
CONFIRMED,8.79618433,135.67645,3.3781,2.86E+02,1.77,27,6142,1.046,15.159
CONFIRMED,16.85592593,138.26808,2.309,8.72E+02,1.7,19.5,3967,0.587,15.661
CONFIRMED,14.36270451,141.435,4.564,3.49E+02,2.31,26.8,6643,1.216,14.612
CONFIRMED,69.8956789,160.66805,5.276,5.48E+02,3.04,21.9,5390,1.104,14.552
CONFIRMED,6.24667547,136.38688,11.261,3.97E+02,14.93,63.6,4604,6.221,12.495
CONFIRMED,2.344512589,132.87316,1.4116,5.89E+01,0.97,21.9,5821,1.132,12.589
CONFIRMED,5.766165573,134.01725,3.8314,3.65E+02,2.27,65.6,6038,1.191,14.247
CONFIRMED,18.3027235,142.89166,8.262,1.87E+02,2.72,24.7,5528,1.839,14.31
CONFIRMED,2.888904439,132.15271,1.6043,4.02E+02,1.68,23.7,4895,0.759,15.195
CONFIRMED,17.14648756,140.66122,4.2354,4.40E+02,3.64,28.3,5559,1.412,14.941
CONFIRMED,16.09227518,142.51659,2.1072,1.29E+02,0.98,18.1,4657,0.67,12.485
CANDIDATE,38.103908,161.08647,3.837,9.61E+02,4.08,20.3,5250,0.771,15.469
CONFIRMED,62.7843981,157.30698,4.81,3.25E+02,2.28,21.1,6053,1.26,13.358
CONFIRMED,91.500873,165.67309,4.842,7.05E+02,1.82,22.6,5051,0.706,14.447
CONFIRMED,44.2993483,141.28194,4.298,7.98E+02,2.68,23.2,5316,0.915,15.115
CONFIRMED,3.13877646,133.65614,1.6663,1.74E+02,0.97,20.2,5242,0.722,14.364
CANDIDATE,5.24242029,133.23047,6.413,3.35E+02,3.86,20.1,5383,1.829,15.83
CONFIRMED,35.9682692,138.66885,2.839,2.70E+02,2.95,21,5883,1.529,13.848
CONFIRMED,25.3690868,143.68699,4.746,1.10E+02,1.67,21.6,6126,1.406,12.476
CONFIRMED,6.89213244,131.63179,1.725,8.20E+01,1.35,17.3,6164,1.446,12.618
CONFIRMED,42.3006282,168.77783,4.372,5.08E+02,2.54,23.8,5852,1.129,14.766
FALSE POSITIVE,0.838597429,141.537817,1.68668,2.48E+03,44.67,303.7,6366,1.236,14.784
CONFIRMED,55.1866213,180.75953,9.133,3.76E+02,2.47,36.2,6178,1.267,13.573
FALSE POSITIVE,1.728528176,131.80851,3.682,1.98E+02,5.07,26.2,6153,3.279,12.99
CONFIRMED,14.97436238,141.50057,2.4461,2.65E+02,1.28,24.9,5311,0.8,13.747
CONFIRMED,3.97076603,134.63962,1.814,3.49E+02,1.6,23.9,5178,0.778,15.443
CONFIRMED,2.352273912,131.80267,1.7389,3.19E+02,1.29,20.4,4816,0.748,15.848
FALSE POSITIVE,22.0425953,134.1281,61.2018,3.48E+02,28.78,90.4,5974,1.26,12.999
CONFIRMED,23.34036251,136.20727,2.054,6.15E+02,2.21,18.2,5530,0.892,15.23
CANDIDATE,37.8034121,155.37719,4.641,6.78E+02,2.95,20.2,5329,0.819,15.191
CONFIRMED,15.03366411,144.98055,3.272,3.75E+02,1.7,22.2,5523,0.891,14.837
CANDIDATE,131.485184,177.48749,5.294,5.58E+02,3.03,19.4,5765,1.242,14.895
CANDIDATE,16.2908527,132.11774,3.176,4.41E+01,0.52,14.5,5425,0.797,11.671
CONFIRMED,106.247882,135.7435,13.78,3.97E+02,2.01,24,5679,0.972,14.552
CONFIRMED,8.508333104,134.785645,3.4559,6.47E+02,2.6,93.4,5767,1.03,14.176
CONFIRMED,12.94123564,139.89901,4.636,3.29E+02,1.7,22.1,6119,0.938,15.012
CONFIRMED,5.349791,133.8836,4.279,8.88E+01,1.29,23.3,6074,1.183,13.386
CANDIDATE,147.281212,148.80124,7.375,4.53E+02,2.28,17.3,5708,1.054,14.685
CONFIRMED,5.26211833,136.37566,3.244,1.95E+02,1.95,20.3,5587,1.309,14.623
CONFIRMED,12.1628195,137.52402,2.3161,3.06E+02,3.14,15.2,5587,1.309,14.623
CONFIRMED,23.5541012,144.21486,7.3,9.52E+01,2.33,29.9,9565,2.286,11.98
CONFIRMED,41.6977582,134.24608,5.513,6.85E+02,2.26,27.7,5730,0.87,15.265
CONFIRMED,4.79029482,134.95277,2.7219,1.42E+02,1.01,23.1,5412,0.843,14.102
CONFIRMED,38.6715843,157.61988,5.532,5.99E+02,2.45,25.2,5432,0.913,14.94
CONFIRMED,8.32651854,135.58655,5.483,2.68E+02,1.8,27.2,6057,1,15.06
CONFIRMED,5.53533152,132.76087,2.793,2.61E+02,1.75,27.5,5588,1.1,14.514
CONFIRMED,16.7261969,143.74673,2.708,1.95E+02,1.56,11.6,5588,1.1,14.514
CONFIRMED,21.58752788,142.96728,4.4968,3.37E+02,2.18,34,6038,1.191,14.247
CONFIRMED,3.757294695,133.95965,0.9269,2.73E+02,1.23,23.4,4901,0.716,14.099
CONFIRMED,3.2828024,131.89965,3.2532,1.43E+02,1.79,24.4,5640,1.515,14.686
CONFIRMED,4.64495172,136.02095,3.366,1.47E+02,1.38,19.8,6047,1.129,14.338
CANDIDATE,16.6671415,141.76551,3.526,1.75E+02,0.7,17.9,4729,0.525,13.831
CONFIRMED,16.48686712,139.20338,1.431,9.88E+02,27.45,22.1,6090,1.071,15.315
CONFIRMED,2.685054445,132.60443,1.0473,2.53E+02,1.46,28.9,5266,0.829,14.077
CONFIRMED,16.8600805,139.84916,5.557,2.73E+02,1.71,22.4,6205,0.973,14.989
CONFIRMED,1.54320541,131.5554,2.5779,9.12E+01,1.23,35.2,5866,1.282,13.38
CONFIRMED,49.5004725,139.04294,5.772,9.65E+02,2.49,27.8,4954,0.828,15.565
CONFIRMED,6.47539108,137.5825,2.7048,5.31E+02,1.92,28.1,4954,0.828,15.565
CONFIRMED,16.85825609,142.34289,2.0728,7.60E+02,2.51,21.8,4954,0.828,15.565
FALSE POSITIVE,3.132604547,136.010454,3.6337,9.97E+03,48.73,222.3,6248,1.181,13.499
CONFIRMED,2.949029106,133.13832,2.0311,3.58E+02,1.48,29.3,4983,0.807,15.333
CONFIRMED,37.8658964,134.36237,4.782,3.95E+02,2.01,25.9,5757,1.017,14.5
CONFIRMED,8.30865307,138.10788,3.2747,8.36E+02,2.42,74.3,5022,0.849,14.817
CONFIRMED,11.93205399,142.10648,6.205,1.79E+02,1.83,32.3,5711,1.391,13.353
CONFIRMED,7.54235832,132.96117,4.73,1.33E+02,1.59,25.8,5711,1.391,13.353
CONFIRMED,5.02818253,134.10891,3.526,1.81E+02,2.03,26.1,5640,1.515,14.686
CONFIRMED,1.897828815,132.6785,2.7114,1.32E+02,1.73,27.2,5640,1.515,14.686
CONFIRMED,10.62788695,137.81843,4.576,3.27E+02,1.87,22.6,6082,1.014,15.401
CANDIDATE,34.135676,157.7959,9.12,6.22E+02,13.98,8.6,7818,5.555,12.963
CONFIRMED,1.104462494,132.32134,1.0458,4.69E+02,1.6,35.3,5002,0.753,15.277
CONFIRMED,4.89336495,133.6449,3.485,1.38E+02,1.6,15.9,6688,1.347,13.827
CONFIRMED,11.17392077,134.70626,3.307,3.25E+02,1.64,21.4,5911,0.914,15.356
CONFIRMED,31.0325991,152.27157,3.476,7.37E+02,2.64,17.6,5841,0.931,15.728
FALSE POSITIVE,0.512407185,132.240449,1.0579,3.29E+02,1.03,46.1,3862,0.563,14.78
FALSE POSITIVE,4.150297119,134.9355,1.2058,5.93E+02,3.03,24.2,5290,0.858,14.854
CONFIRMED,5.89661966,134.03046,3.154,1.44E+02,1.28,15.3,5392,1.087,14.622
CONFIRMED,33.4178173,155.58781,4.645,1.17E+03,3.13,28.4,5136,0.744,15.824
CONFIRMED,2.053341891,134.51606,2.596,6.55E+01,1.44,23.2,6084,1.358,12.217
CONFIRMED,56.7769831,181.09789,6.864,8.84E+02,3.21,33.6,6063,1.012,15.273
CONFIRMED,18.78429232,137.88207,3.1136,1.01E+03,2.14,23.8,4243,0.641,15.561
CONFIRMED,3.61460279,134.69521,3.227,6.48E+01,1.14,14.9,5711,1.391,13.353
CONFIRMED,13.15140223,144.16237,5.439,9.78E+01,1.87,25.5,6154,1.636,12.071
CONFIRMED,18.5084526,131.54555,6.596,7.59E+02,29.33,30.1,5942,0.938,15.253
FALSE POSITIVE,7.47763833,133.40976,2.5693,1.10E+02,2.05,26.2,5957,1.953,11.539
CONFIRMED,42.1918331,155.31211,7.083,4.89E+02,2.35,25.7,5520,1.08,15.06
CONFIRMED,3.73090026,132.89428,2.9095,1.91E+02,1.48,24,5709,0.95,14.966
CANDIDATE,86.130534,200.9117,3.321,2.85E+02,1.47,3.7,5830,0.876,14.966
CONFIRMED,2.787874175,133.90417,2.0348,1.97E+02,2.33,22.2,4827,1.727,14.435
CONFIRMED,37.9962369,162.97984,6.7751,4.04E+02,2.39,37.8,6038,1.191,14.247
CANDIDATE,8.46354384,134.35341,1.4078,7.92E+02,2.51,26.1,5427,0.887,15.338
CONFIRMED,17.23232894,135.0922,4.5568,5.10E+02,2.79,64.1,6086,1.216,14.061
CONFIRMED,28.5057217,132.92075,6.324,7.56E+02,2.55,20.8,5712,0.87,15.778
CONFIRMED,53.5991459,147.43015,6.811,5.23E+02,2.49,23.1,6319,1.032,14.953
CONFIRMED,16.4581861,134.01969,1.9637,4.36E+02,1.82,22.4,5475,0.884,14.64
CANDIDATE,191.864193,294.47036,4.9,,,,,,12.57
CANDIDATE,13.72549689,145.03352,7.62,,,,,,12.57
CANDIDATE,176.331289,170.8589,13.89,1.10E+02,2.38,8.4,6146,2.251,12.982
CONFIRMED,0.693842661,132.18157,1.6197,4.93E+01,0.83,28.9,5457,1.196,12.953
CONFIRMED,83.4887405,188.53792,6.21,9.55E+02,2.95,24.7,5910,0.94,15.375
CONFIRMED,34.0607677,141.35928,2.471,8.19E+02,2.96,20.5,5910,0.94,15.375
CANDIDATE,6.2141496,132.25182,10.141,1.83E+02,4.27,53.4,5295,3.152,13.439
CONFIRMED,31.5888979,155.61538,3.438,3.61E+02,2.59,27.3,5866,1.367,14.143
CONFIRMED,59.9809868,176.14903,7.588,2.82E+02,2.81,25.2,6103,1.383,13.66
CONFIRMED,25.7457957,135.94806,7.073,1.40E+02,1.73,19.3,6103,1.383,13.66
CONFIRMED,11.92979348,136.66919,6.152,7.09E+02,2.43,27.8,5831,0.921,15.844
CANDIDATE,17.65737838,136.585509,3.509,2.16E+03,2.45,117.2,3745,0.47,14.267
CONFIRMED,4.3394569,132.80309,2.3652,3.37E+02,2.11,31.6,5330,1.013,14.822
CONFIRMED,2.852348262,132.044534,0.7051,1.40E+03,1.66,33.3,3731,0.433,15.959
CONFIRMED,65.6480892,173.30166,5.746,5.89E+02,3.93,22,5565,1.246,14.872
FALSE POSITIVE,102.653705,222.9895,53.5887,6.87E+02,39.16,82.1,6711,1.698,12.678
CONFIRMED,14.83340944,135.44213,3.927,7.83E+02,2.54,19.1,5570,0.904,15.707
FALSE POSITIVE,0.987338654,131.88155,2.591,2.65E+01,0.98,25,6258,1.896,11.511
CONFIRMED,101.1323475,210.18316,4.366,1.50E+03,3.87,25.7,5492,1.016,15.331
FALSE POSITIVE,1.811460943,132.93207,5.065,4.29E+02,2.83,83.9,5700,1.008,14.674
CONFIRMED,16.07673148,143.39091,2.205,4.88E+02,2.14,19.3,5957,0.971,15.306
CONFIRMED,18.87058705,143.95639,3.4701,5.88E+02,2.67,28.5,6103,0.949,14.562
CONFIRMED,22.1334224,152.18405,2.049,6.55E+02,1.76,16.3,5165,0.702,15.571
CONFIRMED,17.1369408,141.01497,6.416,3.62E+02,2.05,25.4,6218,1.077,15.004
CONFIRMED,26.6951944,143.9999,4.576,1.33E+02,1.4,13.4,6086,1.216,14.061
CONFIRMED,7.72085047,136.563,1.8264,2.67E+02,2.53,25,5887,1.177,13.516
CONFIRMED,6.312508525,132.654418,2.7455,1.29E+03,2,112.5,4090,0.571,14.735
CONFIRMED,4.19577385,135.17605,2.1557,8.74E+02,3.02,23.3,5229,1.005,15.168
CONFIRMED,7.1329472,135.99259,4.368,1.45E+02,1.64,27.2,5862,1.307,13.959
CONFIRMED,8.91901228,140.0777,4.141,1.81E+02,1.84,29.6,5862,1.307,13.959
CONFIRMED,4.5620407,132.64295,2.8521,8.16E+01,2.82,22.8,5343,2.506,13.052
CANDIDATE,7.5966998,131.95296,3.667,1.28E+02,1.32,24.5,5716,1.091,13.482
FALSE POSITIVE,2.392630668,133.7861,1.3705,1.02E+02,1.33,20.5,5716,1.091,13.482
CONFIRMED,17.6700291,131.60103,6.693,3.48E+02,2.89,25,5795,1.247,14.874
CANDIDATE,15.40877383,139.4831786,3.49,,,,,,14.874
CONFIRMED,108.593113,173.75198,7.989,3.38E+02,1.68,24.3,5678,0.921,14.033
CONFIRMED,19.9865916,135.52265,4.391,6.48E+02,4.22,21.8,5500,1.238,15.699
CONFIRMED,12.12580644,142.10763,3.289,3.28E+02,2.5,14,5500,1.238,15.699
CONFIRMED,76.421501,164.4879,7.218,5.78E+02,2.81,23.9,5561,1.19,15.165
CONFIRMED,56.2590881,164.21993,8.114,3.49E+02,2.22,29.7,6038,1.191,14.247
CONFIRMED,1.646801683,132.0615,1.1966,2.84E+02,0.86,25.2,3810,0.513,14.634
CONFIRMED,3.78861833,134.61419,2.808,1.43E+02,1.23,18.2,5560,1.04,14.285
CONFIRMED,10.45839865,137.65416,3.154,3.07E+02,1.25,18.6,4641,0.747,14.471
CONFIRMED,21.1033014,144.66035,2.059,1.93E+02,1.56,21.3,6000,1.126,13.355
CONFIRMED,95.6114617,138.35664,7.489,4.87E+02,2.37,21.6,6002,1.081,14.71
CANDIDATE,58.35512552,179.39795,8.45,,,,,,15.484
CANDIDATE,1.204686597,131.90556,0.823,2.33E+02,1.55,10.8,5780,1,11.671
CONFIRMED,11.8984948,133.34685,3.015,1.31E+02,1.69,15.9,5862,1.307,13.959
CONFIRMED,23.1274171,145.66194,4.901,1.57E+02,1.44,20.9,5865,1.066,11.863
CONFIRMED,5.132486123,132.15985,1.4575,9.08E+02,1.69,35.4,3879,0.578,15.535
CONFIRMED,8.77997349,138.48383,3.2201,7.56E+02,2.12,32.7,5191,0.764,15.789
CONFIRMED,57.6896212,139.92753,5.118,1.63E+03,5.14,30.2,6228,1.049,15.886
CONFIRMED,10.66489514,132.00872,3.159,2.93E+02,1.76,25.3,6014,1.021,14.651
CONFIRMED,5.1233204,132.08472,2.7466,2.86E+02,1.65,25.1,5364,0.982,15.162
CONFIRMED,3.573202801,134.934397,2.88,2.98E+03,5.81,362.1,5646,1.08,14.72
CONFIRMED,61.6174528,179.08282,3.816,1.35E+03,3.36,19.5,5480,0.931,15.722
CONFIRMED,24.3398202,136.05813,3.891,7.77E+02,5.09,27.8,5596,1.466,15.28
CONFIRMED,7.16520428,132.96921,1.705,4.34E+02,2.31,17.6,6174,1.103,15.302
CONFIRMED,1.755843555,133.15509,1.9425,3.86E+02,1.94,25.1,5569,0.829,15.758
CONFIRMED,5.18560081,132.32455,4.054,2.53E+02,2.34,27.6,6172,1.471,14.806
CONFIRMED,33.4698571,140.14977,4.749,3.71E+02,2.45,23.2,5912,1.094,14.74
CONFIRMED,11.89520436,132.8908,3.433,1.84E+02,1.33,22.3,5649,0.992,14.152
CONFIRMED,1.025857984,131.655621,0.8069,2.71E+02,1.57,36,5123,0.847,14.413
CONFIRMED,5.60013327,135.96495,2.6508,3.29E+02,1.73,22.8,5288,0.978,15.378
CONFIRMED,25.2034128,137.56393,4.515,6.97E+02,2.42,22.3,5831,0.921,15.684
CONFIRMED,1.615357809,132.7846,1.1435,5.00E+02,1.37,31.2,3821,0.486,15.655
CONFIRMED,5.640676975,138.556259,2.8354,1.45E+03,4.59,145.9,5794,1.216,14.762
CONFIRMED,25.5638626,375.27811,4.685,1.12E+03,4,31.6,6228,1.049,15.886
CANDIDATE,6.78341325,136.10468,3.5437,5.01E+02,20.75,35.3,5096,8.769,15.357
CONFIRMED,12.7945474,130.7668,3.4197,8.17E+02,1.6,54.1,4090,0.571,14.735
CONFIRMED,42.4269647,156.17194,5.907,6.32E+02,3.44,26,5330,1.013,15.001
CONFIRMED,1.434745129,132.62802,1.862,2.01E+02,1.5,28.4,5806,1.064,14.691
CANDIDATE,6.95787,359.007,4.537,1.82E+02,1.39,1.8,6240,1.025,15.28
CONFIRMED,3.28192056,132.42485,2.917,1.91E+02,1.6,24.5,5859,1.162,14.842
CONFIRMED,12.51610549,135.03333,4.853,2.63E+02,1.87,22.6,5859,1.162,14.842
CONFIRMED,5.45298742,134.15183,2.1328,8.60E+01,0.92,21,5450,0.842,12.404
CONFIRMED,3.26662733,136.08452,2.056,5.99E+01,0.68,18.6,5450,0.842,12.404
CONFIRMED,4.45743267,132.16006,2.3226,1.76E+02,0.79,20.8,4487,0.612,14.374
CONFIRMED,2.81814715,132.25336,1.763,2.79E+02,1.3,16.5,5167,0.787,15.498
CANDIDATE,9.4907638,131.50396,2.713,1.97E+02,1.05,7.3,5290,0.746,15.498
CANDIDATE,0.76196247,132.78371,1.282,1.90E+02,1.08,18.3,5167,0.787,15.498
FALSE POSITIVE,1.824649,147.482662,4.2285,3.22E+03,5.31,184.3,6190,0.793,14.605
CONFIRMED,2.832647249,131.82642,2.306,1.15E+02,1.37,27.5,5865,1.272,13.467
CONFIRMED,3.70063251,133.16065,5.408,6.86E+01,1.24,29.8,5423,1.404,13.024
CONFIRMED,3.93083997,135.19393,2.932,1.01E+02,1.2,22,6038,1.191,13.652
CONFIRMED,7.63008196,137.07948,2.78,1.24E+02,1.39,18.6,6038,1.191,13.652
CONFIRMED,16.22378479,136.02454,2.5462,2.62E+02,1.51,20.6,5547,0.925,14.129
CONFIRMED,9.76293284,139.15802,3.064,5.53E+02,1.94,23.6,5052,0.816,15.246
CONFIRMED,58.601926,137.66825,5.522,3.96E+02,2.06,19.1,6250,1.019,14.649
CONFIRMED,25.0823402,134.13568,6.423,2.45E+02,2.26,30.5,6429,1.262,13.838
CONFIRMED,78.0998908,139.49646,8.422,6.57E+02,3.37,23.8,5779,1.284,14.999
CONFIRMED,4.27103727,133.14028,2.2759,1.80E+02,1.22,24.6,5984,0.906,14.553
CONFIRMED,4.27226421,133.21863,2.113,4.89E+01,0.64,13.7,5450,0.842,12.404
CANDIDATE,2.19251903,132.2332,1.845,1.81E+01,0.37,6.6,5450,0.842,12.404
CONFIRMED,3.53232429,134.74727,2.765,2.24E+02,1.43,12.8,5761,0.956,14.972
FALSE POSITIVE,15.03946326,144.137461,5.1008,5.24E+03,12.36,181.6,6501,1.441,11.997
FALSE POSITIVE,4.702495974,136.308468,2.3421,4.79E+03,37.24,101.1,5408,0.878,14.916
CONFIRMED,10.44087398,137.97113,3.743,8.22E+02,3.41,22.2,5738,0.981,15.104
CANDIDATE,39.7557642,150.60745,1.958,6.22E+02,13.72,10.2,4405,0.511,15.439
CANDIDATE,10.27127527,135.17631,3.029,3.44E+02,0.94,17.5,4405,0.511,15.439
CONFIRMED,12.5722897,143.0663,4.765,8.65E+01,1.09,12.4,6084,1.169,12.885
CONFIRMED,40.8366307,152.87346,4.956,2.65E+02,1.5,18.7,5529,0.925,14.05
FALSE POSITIVE,11.7761073,142.70558,2.829,2.81E+02,1.31,15.1,5096,0.689,15.005
FALSE POSITIVE,29.7123181,151.5603,70.3707,3.85E+02,46.43,130,6440,1.921,11.549
CONFIRMED,20.6180348,145.51232,3.267,7.70E+02,1.57,16.3,3757,0.576,15.254
CONFIRMED,19.9401211,142.34849,4.283,7.59E+02,2.42,18,5623,0.763,15.922
CONFIRMED,22.2420032,144.72364,7.532,6.35E+01,2.04,16.2,5979,2.164,12.816
CONFIRMED,3.88148385,135.12314,2.679,3.63E+01,0.59,11.9,5854,0.979,12.32
CONFIRMED,0.577369336,132.425795,1.0852,4.00E+02,1.42,68.3,5255,0.716,14.859
FALSE POSITIVE,186.6543548,187.3800339,10.51,,,,,,15.141
CONFIRMED,12.72037026,178.528297,2.7306,1.18E+03,4.75,485.5,6267,1.258,10.734
FALSE POSITIVE,86.59322294,201.0035479,7.98,,,,,,15.141
CONFIRMED,11.96407399,133.15804,4.526,7.84E+02,3.21,22.9,5903,0.961,15.361
FALSE POSITIVE,2.493237866,132.63633,2.644,2.59E+02,9.48,20.7,5002,4.131,13.962
CONFIRMED,12.90467523,144.32009,3.28,4.12E+02,1.49,21.2,4513,0.722,15.07
CONFIRMED,68.8861017,160.29958,5.925,1.44E+02,1.47,19.5,5753,1.222,12.464
CONFIRMED,9.99115241,134.39335,2.657,3.92E+02,1.68,16.7,4838,0.796,15.311
CANDIDATE,4.267961416,134.07063,1.3427,1.27E+02,1.42,24.6,6395,1.237,13.047
CONFIRMED,36.292017,132.17691,8.198,3.75E+02,3.1,21.4,5843,1.615,15.251
FALSE POSITIVE,0.925589891,169.69275,1.967,4.01E+02,50.6,20.6,4094,24.488,10.795
CONFIRMED,17.25121397,149.886479,2.0371,2.05E+03,2.64,68.6,3879,0.537,15.473
FALSE POSITIVE,1.867281146,132.07744,7.495,7.01E+02,31.18,58.5,6117,1.025,15.6
CONFIRMED,9.30991834,136.39785,3.455,1.15E+02,1.21,19.2,5806,1.101,13.799
CANDIDATE,18.1209388,134.17616,3.781,5.04E+02,1.68,15.8,4905,0.774,15.486
CONFIRMED,3.23941775,133.98383,2.569,7.74E+01,0.77,17.2,6075,0.858,13.658
CANDIDATE,3.98864999,134.8296,3.516,9.42E+01,1.15,12.4,5692,1.188,15.016
CONFIRMED,2.524017517,133.85946,1.1968,3.03E+02,1.5,19.8,5420,0.871,15.55
CANDIDATE,25.1123362,146.3464,7.922,3.99E+02,2.22,11.8,6133,1.112,15.527
CANDIDATE,2.121023807,170.85004,0.3673,2.64E+02,5.75,6.4,6133,1.112,15.527
CANDIDATE,33.18089453,136.482018,15.24,,,,,,13.226
CANDIDATE,3.55557922,132.75203,3.24,6.04E+01,0.84,15.5,5839,1.082,13.845
CONFIRMED,31.2012202,140.07042,4.077,3.60E+02,1.47,13.7,4513,0.722,15.07
CONFIRMED,22.5968256,140.42654,6.179,1.43E+02,1.3,22.2,5610,1.104,13.584
CONFIRMED,45.3486381,142.25049,4.858,1.63E+02,1.61,15.9,5610,1.104,13.584
CONFIRMED,5.25419589,133.72952,2.9878,4.62E+02,2.12,26.1,6123,0.987,15.659
CONFIRMED,5.90608902,131.56096,2.409,3.41E+02,1.77,9.3,5966,0.961,15.466
CONFIRMED,13.81504449,181.12621,2.3244,1.03E+03,1.91,46.7,3732,0.509,14.216
CONFIRMED,12.4128518,140.35679,4.298,1.08E+02,1.5,19.4,5945,1.346,13.539
CONFIRMED,3.92453009,132.40179,3.691,4.64E+02,1.82,25.3,5776,0.849,15.708
CONFIRMED,11.60653061,134.41637,2.194,7.72E+02,1.88,17.8,4703,0.701,15.701
CONFIRMED,2.66831274,131.68823,2.4141,2.66E+02,1.48,23.3,5806,0.899,15.553
FALSE POSITIVE,2.9322509,133.7648,2.931,1.81E+02,1.33,13.1,6106,0.966,15.662
CONFIRMED,23.4772553,145.3641,6.735,1.41E+02,1.34,17.6,6384,1.121,13.973
CONFIRMED,66.5576728,181.3241,10.532,2.14E+02,4.96,21.3,5734,3.405,14.074
FALSE POSITIVE,2.01948607,132.9238,5.248,2.75E+02,2.15,27.9,5884,0.944,15.415
FALSE POSITIVE,3.04468229,132.464,5.951,7.14E+01,0.86,22.2,5575,0.98,14.028
FALSE POSITIVE,15.05028313,141.53522,1.848,6.15E+02,2.46,13.4,5887,0.989,15.612
CONFIRMED,2.455240626,170.821762,1.72722,3.69E+04,10.6,1341.6,3793,0.568,15.979
CONFIRMED,9.08233411,139.65489,2.008,2.97E+02,1.35,15.8,5354,0.788,15.4
FALSE POSITIVE,0.790539912,131.87702,1.0567,2.77E+02,1.24,31.5,4791,0.767,14.864
FALSE POSITIVE,1.705782214,133.15607,1.007,2.78E+02,1.82,11.5,5387,1.009,15.272
FALSE POSITIVE,0.532086296,131.9134,4.023,4.96E+02,16.99,85.2,5271,0.698,15.397
CONFIRMED,47.7052566,146.3164,5.959,1.16E+03,2.89,22.8,4551,0.672,16.22
CONFIRMED,6.238535444,171.706325,3.5255,4.02E+02,2.53,274.5,6267,1.258,10.734
CONFIRMED,86.829519,189.26162,7.464,7.51E+02,1.68,15.1,3576,0.463,15.474
CONFIRMED,9.95667035,136.5827,3.534,5.87E+02,3.41,16.8,6165,1.115,15.309
CONFIRMED,10.41728722,137.45784,4.125,2.10E+02,1.64,20.3,5557,1.151,14.746
CONFIRMED,0.984941669,133.31801,1.9724,8.14E+01,1.49,22.9,5825,1.662,13.835
CONFIRMED,0.663085361,131.97961,1.1522,3.23E+02,1.6,35.3,5172,0.767,15.304
CONFIRMED,19.1187425,138.42824,6.805,2.18E+02,2.33,20.5,5862,1.463,14.838
FALSE POSITIVE,1.08749101,131.77034,1.6192,1.26E+02,4.91,33.5,5988,3.204,13.214
FALSE POSITIVE,1.183818383,131.88403,1.393,8.43E+01,0.91,12.7,6014,0.992,14.675
FALSE POSITIVE,4.98845099,133.74684,7.453,1.94E+02,1.33,23.3,5695,0.961,15.331
CONFIRMED,3.543919702,136.26075,1.8717,5.07E+02,1.21,38.2,3879,0.537,15.473
CANDIDATE,8.28157072,136.25775,3.1,1.39E+02,1.37,12.9,5640,1.175,14.273
CANDIDATE,0.82628442,132.26993,0.9603,1.35E+02,0.96,25.6,5218,0.829,14.434
CANDIDATE,6.37705295,136.91384,1.949,5.03E+02,2.15,17.9,5672,0.965,15.522
CONFIRMED,8.83929462,135.54125,1.719,3.16E+02,1.94,14.8,5330,0.87,15.102
FALSE POSITIVE,0.631795416,132.53963,1.0703,1.45E+02,1.88,24.7,6414,1.519,14.676
CONFIRMED,7.56126152,135.6368,2.851,1.81E+02,1.2,15.7,5853,0.895,14.64
CONFIRMED,34.9897847,144.20912,4.208,4.99E+02,1.14,11.5,3765,0.521,15.987
CONFIRMED,7.05429483,136.18961,1.716,3.59E+02,1,11.2,3765,0.521,15.987
CANDIDATE,2.27050106,133.54216,1.903,1.07E+02,0.55,15.9,4671,0.528,14.363
CONFIRMED,26.7838935,140.75396,4.584,3.65E+02,1.59,20.9,5242,0.856,14.803
CONFIRMED,45.126216,165.42066,6.656,3.73E+02,2.32,17.1,6499,1.169,14.689
CONFIRMED,11.94019101,136.55603,2.866,6.32E+02,1.86,15.6,5073,0.748,15.912
FALSE POSITIVE,3.51295674,133.78198,3.06,8.31E+01,1.1,22.5,6453,1.17,13.51
CONFIRMED,48.4313003,141.45612,4.03,8.86E+02,2.78,17.3,4891,0.805,15.605
CONFIRMED,7.203855862,170.285731,2.5418,1.77E+03,2.25,101.1,3834,0.539,15.264
CONFIRMED,6.73808701,133.32953,2.591,9.29E+01,0.73,14.4,5168,0.769,13.942
FALSE POSITIVE,7.57571414,138.2166,2.357,4.19E+02,2.45,12.8,6418,1.171,15.614
FALSE POSITIVE,4.76887671,132.09888,1.672,1.16E+02,2.11,20,6063,1.855,13.388
FALSE POSITIVE,1.347512632,132.127858,1.9817,2.65E+03,23.45,88.7,5316,0.685,15.894
FALSE POSITIVE,0.512581697,132.80609,1.5789,2.59E+02,1.32,45.2,5547,0.82,15.338
FALSE POSITIVE,12.07760884,140.46287,2.233,1.51E+02,1.03,14,5370,0.845,14.166
CANDIDATE,18.55581565,132.07105,5.372,5.66E+02,20.83,33.2,5988,8.841,13.506
CANDIDATE,13.33094869,133.78632,1.426,7.26E+02,25.95,17.1,5991,1.039,14.847
FALSE POSITIVE,6.38315744,132.30539,1.7075,1.11E+03,2.35,23.8,5262,0.714,15.554
CONFIRMED,27.52194772,189.824523,4.047,2.31E+03,2.47,106.5,3780,0.511,15.108
CONFIRMED,16.1289679,143.75518,6.271,3.89E+02,2.94,21.3,5392,1.087,15.022
CONFIRMED,13.5631157,140.65364,5.438,3.36E+02,1.75,15.4,5853,0.895,15.785
CONFIRMED,16.2959916,133.90784,2.116,3.70E+02,1.83,15.7,5495,0.961,15.243
CONFIRMED,4.16056658,132.27418,2.61,7.58E+01,0.7,16.3,5481,0.815,13.889
FALSE POSITIVE,2.93101771,131.92959,2.231,1.99E+02,1.15,15,5485,0.788,15.484
CONFIRMED,39.79220077,175.250558,4.466,6.10E+02,1.9,179.5,5437,0.781,9.705
FALSE POSITIVE,16.2276756,136.62586,3.699,5.26E+02,2.11,20.5,5328,0.883,15.388
FALSE POSITIVE,1.595630597,136.13782,1.793,2.60E+02,17.94,18.3,5632,0.729,15.112
CONFIRMED,14.8200596,133.39933,3.902,1.85E+02,0.96,21.9,4825,0.732,14.146
CONFIRMED,20.49041,144.41979,4.369,6.62E+02,2.34,23.3,5681,0.923,15.93
FALSE POSITIVE,0.962827066,132.20517,4.48,8.63E+01,29.27,28.7,6534,3.028,13.398
CONFIRMED,8.679037,140.90423,2.864,3.02E+02,1.79,19.9,6117,1.027,15.18
CONFIRMED,11.1296971,138.57573,2.942,3.71E+02,1.93,14.7,6122,0.964,15.859
CONFIRMED,2.7296036,133.28661,2.721,1.46E+02,1.53,18.4,5887,1.235,15.147
CONFIRMED,3.11604194,133.84988,1.7763,3.45E+02,1.59,18.8,5591,0.86,15.79
CONFIRMED,46.82767725,136.74468,1.9033,1.54E+03,2.13,32.4,3879,0.537,15.473
CONFIRMED,12.7372371,136.0162,3.358,1.01E+02,0.87,12.9,5420,0.868,13.463
CONFIRMED,40.0306267,148.85882,4.815,2.15E+02,2.01,19.5,5855,1.373,13.628
CONFIRMED,0.679336747,132.856178,1.2188,2.41E+02,1.4,36.7,5440,0.913,14.159
FALSE POSITIVE,213.6103207,141.655562,10.7643,1.11E+05,46.07,534.5,5931,0.845,15.619
FALSE POSITIVE,170.8658492,299.660385,16.9895,2.98E+04,24.4,897,5989,1.324,14.412
CANDIDATE,21.47642727,149.26156,5.5498,3.48E+05,59.5,124.8,5780,1,17.29
FALSE POSITIVE,17.5509742,133.9459,4.064,3.86E+03,5.97,9.7,5780,1,17.29
CONFIRMED,88.5122014,182.67266,6.8214,2.52E+03,4.7,63.1,5593,0.945,11.921
FALSE POSITIVE,10.21507506,133.64546,3.395,2.59E+02,1.5,17.4,5406,0.95,14.338
FALSE POSITIVE,8.3806973,134.7287,3.028,6.51E+02,1.91,4.6,5062,0.735,15.97
CONFIRMED,31.0572947,147.56275,3.401,6.37E+02,1.85,15.8,5395,0.734,15.956
CONFIRMED,15.1622287,144.474,7.332,4.80E+02,3.12,28.5,6325,1.112,15.212
CONFIRMED,10.04378351,353.61859,5.548,4.38E+02,2.94,28.8,6325,1.112,15.212
CANDIDATE,7.10397925,136.33096,1.5398,3.71E+02,1.51,16.8,5488,0.789,15.164
CONFIRMED,4.5513988,133.05954,2.457,1.89E+02,1.13,19.4,5009,0.84,15.035
CONFIRMED,10.91274065,169.85247,2.1801,1.39E+03,2.13,57.4,3834,0.539,15.264
FALSE POSITIVE,12.2141545,141.3677,10.262,5.36E+02,18.13,24.7,5435,0.824,15.352
FALSE POSITIVE,3.732261,131.93795,2.054,1.54E+02,1.09,15.7,5762,0.867,14.834
CONFIRMED,3.03267135,134.0668,1.774,4.24E+01,0.6,15.6,5640,0.921,12.623
CONFIRMED,5.34182466,136.3186,3.577,7.05E+01,0.95,19.2,5767,1.135,13.455
CONFIRMED,2.131945045,133.65547,1.8061,2.69E+02,1.66,22.9,5845,1.013,15.545
CONFIRMED,12.9462567,139.4165,9.568,1.69E+02,1.13,15.7,6058,0.867,15.079
CONFIRMED,5.77957133,136.53014,2.5213,3.97E+02,1.5,18.9,4102,0.581,15.484
CANDIDATE,6.77367892,138.07568,3.579,1.51E+02,1.33,15.1,6392,1.072,15.024
CANDIDATE,5.22402436,132.85379,2.608,4.81E+01,0.58,15.1,5487,0.84,12.869
CONFIRMED,11.6601667,140.62189,5.882,1.81E+02,2.08,20.4,5791,1.083,14.406
FALSE POSITIVE,89.465468,170.8426,9.88,6.79E+01,2.57,5.7,5192,2.46,12.998
CONFIRMED,18.0161227,145.24169,4.016,5.00E+02,2.39,16.7,6245,1.065,15.394
FALSE POSITIVE,40.8777605,163.43477,9.745,7.19E+02,29.55,23.6,5930,0.937,15.59
FALSE POSITIVE,6.80243431,132.40355,3.817,2.49E+02,2.6,14.9,5836,0.816,15.188
CONFIRMED,84.5733346,150.152,5.762,8.92E+02,2.59,20.4,5418,0.888,15.758
CONFIRMED,21.30181863,191.84136,3.8763,8.73E+01,0.72,32.4,5437,0.781,9.705
CONFIRMED,4.14789051,135.53291,3.829,1.38E+02,1.93,16.4,6150,1.417,14.725
CANDIDATE,15.92108138,147.0537,1.5443,7.17E+02,3.14,16.1,5595,0.82,15.523
CONFIRMED,19.0054098,144.15574,1.843,5.42E+02,28.47,20.2,6347,1.036,14.839
FALSE POSITIVE,1.96433113,131.65195,2.381,1.39E+02,1.33,14.2,6306,1.121,15.083
CANDIDATE,2.81043228,133.40821,3.874,4.74E+01,1.43,17.8,5415,2.079,13.388
CONFIRMED,0.968527683,131.50954,1.3672,1.15E+02,1.21,16.9,5580,0.886,14.511
CONFIRMED,0.664074145,133.40285,1.0925,2.13E+02,1.19,20.9,5178,0.797,15.645
FALSE POSITIVE,11.7489907,135.68045,4.043,3.67E+01,1.01,12.5,6440,1.655,11.638
CANDIDATE,175.603366,202.3721,9.543,5.07E+02,2.87,14.7,6225,1.009,15.054
CONFIRMED,3.849371737,157.526686,2.632,1.30E+03,12.94,132.7,6244,2.992,11.432
FALSE POSITIVE,0.366197145,133.55969,1.2335,2.75E+02,51.34,16.7,4448,31.5,11.059
CONFIRMED,4.164384505,171.087935,1.8464,2.34E+03,2.54,132.1,3808,0.508,14.752
CONFIRMED,2.10433534,133.31612,1.1168,2.42E+02,0.79,20.7,3605,0.433,14.488
CONFIRMED,28.8431751,143.82307,3.171,7.57E+02,2.66,15,5151,0.785,15.652
FALSE POSITIVE,1.378649746,169.780113,1.2232,2.25E+04,6.51,172.2,3440,0.439,15.373
FALSE POSITIVE,1.112207126,131.8505,1.35,5.47E+01,0.73,13,6046,0.972,13.823
CANDIDATE,64.034363,159.0432,9.174,7.59E+02,3.47,16.9,5691,0.783,15.341
FALSE POSITIVE,1.303576682,133.0758,1.021,2.46E+02,1.51,22.1,6045,0.955,14.834
FALSE POSITIVE,1.958577398,132.26115,2.388,4.53E+02,1.8,24.5,5402,0.816,15.902
CONFIRMED,5.19103699,135.21628,4.222,2.90E+02,1.92,25.2,6321,1.125,15.438
CONFIRMED,4.86638504,134.01501,2.296,1.44E+02,1.32,17.1,5688,1.111,13.987
FALSE POSITIVE,4.79176993,134.03502,4.52,1.17E+02,0.81,23,5138,0.756,14.287
CONFIRMED,25.1933989,146.4301,4.62,4.81E+02,1.95,18,5009,0.84,15.629
FALSE POSITIVE,0.759762021,131.79506,4.912,2.27E+02,24.2,65.3,6386,1.123,14.871
CANDIDATE,4.790912471,132.01539,0.5134,3.61E+02,2.25,17.6,4359,0.676,14.452
CONFIRMED,6.49441464,132.25189,2.344,3.57E+02,1.75,17.7,4769,0.742,15.602
CONFIRMED,2.576571021,172.126911,1.5997,8.53E+02,1.57,63.6,3834,0.539,15.264
CONFIRMED,28.4750006,154.5706,4.718,7.64E+02,2.64,21.4,4996,0.831,15.86
CONFIRMED,14.7966306,142.74484,5.613,5.61E+01,0.98,22.4,6175,1.307,11.714
CONFIRMED,11.25401871,136.8901,4.759,4.33E+02,2.42,17,5995,1.118,15.166
CONFIRMED,9.18244299,134.04601,4.318,8.76E+01,1.24,20.3,6194,1.314,13.223
CONFIRMED,14.6134781,140.41368,5.266,7.28E+01,1.12,15.2,6194,1.314,13.223
FALSE POSITIVE,119.682075,176.0877,31.28,1.70E+03,30.39,38.1,5778,0.911,15.903
CONFIRMED,42.9923284,162.50532,4.726,1.12E+03,3.32,34.1,5593,0.945,11.921
CONFIRMED,6.88341278,172.66227,2.0674,4.87E+02,2.63,35.4,6139,1.193,10.868
FALSE POSITIVE,4.593595496,134.88971,2.7468,4.50E+04,44.14,92,5717,0.884,16.444
CONFIRMED,197.5111484,272.3864,11.106,2.58E+03,9.52,175.2,5616,1.674,13.349
CONFIRMED,11.1726723,140.00764,6.106,7.68E+01,1.5,17,5616,1.674,13.349
CONFIRMED,2.53573284,133.01581,3.989,6.80E+01,1.36,25.5,5616,1.674,13.349
CONFIRMED,6.79164656,136.48519,3.343,1.03E+02,1.01,18.5,5772,1.003,13.987
CONFIRMED,11.8376933,142.21212,3.381,9.29E+01,1,12.7,5772,1.003,13.987
CONFIRMED,18.5525162,135.51322,4.385,7.72E+02,2.53,17.2,5569,0.829,15.714
CANDIDATE,47.3659328,175.0355,7.929,7.57E+02,11.97,16,5708,0.902,15.817
CONFIRMED,13.3669309,184.0734,3.733,1.22E+01,0.27,7.4,5417,0.772,9.705
FALSE POSITIVE,1.045492348,132.27517,2.933,2.87E+01,0.83,21.7,6057,1.457,12.804
CONFIRMED,4.86634094,353.34131,1.885,3.67E+02,1.94,15.2,4996,0.831,15.86
CONFIRMED,5.60402307,133.82508,1.0273,2.25E+02,1.25,20.6,4847,0.737,13.713
CONFIRMED,13.0313583,144.11544,4.521,5.73E+02,2.88,18.9,5514,1.071,15.829
CONFIRMED,40.9905002,132.4136,7.336,2.97E+02,2.41,15.4,5842,1.41,15.272
CONFIRMED,57.2932309,146.23112,4.878,7.74E+02,1.95,15.7,4806,0.729,15.699
CONFIRMED,8.00504749,138.71228,3.32,1.88E+02,1.52,15.6,6398,1.101,14.79
CONFIRMED,12.13070414,139.89855,3.843,2.11E+02,1.61,15.3,6398,1.101,14.79
CONFIRMED,5.61357653,131.81669,2.905,1.62E+02,1.41,15.2,6398,1.101,14.79
CANDIDATE,29.2254372,143.98764,5.293,1.74E+02,1.35,15.7,6049,1.008,14.162
FALSE POSITIVE,1.33255087,132.059,3.565,1.23E+02,1.19,14,5774,1.054,15.053
FALSE POSITIVE,40.8792243,163.41583,7.005,4.14E+02,1.62,23.4,5383,0.72,14.923
CONFIRMED,18.8262877,134.70322,2.344,7.96E+02,2.34,19.9,5215,0.845,15.279
CANDIDATE,13.9034057,143.52317,3.408,2.61E+02,1.55,15.3,5261,0.819,14.782
CONFIRMED,3.41045981,131.58062,2.866,1.36E+02,1.06,22.5,4983,0.651,14.139
CONFIRMED,4.76702759,132.69368,2.013,1.63E+02,1.19,14.3,5629,0.937,14.431
CONFIRMED,13.62801048,135.45073,3.5374,9.13E+02,3.28,26.7,5052,0.855,15.462
CANDIDATE,53.3580444,138.38498,6.812,7.36E+02,3.41,19.7,5481,1.036,15.114
CONFIRMED,16.83203175,140.53041,4.031,3.26E+02,1.86,21.6,5518,1.008,14.834
FALSE POSITIVE,13.37499553,142.38153,1.639,4.58E+02,2.01,16.9,5263,0.961,14.738
FALSE POSITIVE,4.35370136,134.09426,1.913,1.69E+02,1.33,12.2,5992,0.985,14.685
FALSE POSITIVE,134.96694,205.9674,18.43,6.84E+01,0.87,6.9,6154,1.053,13.314
CONFIRMED,1.385787741,135.49119,1.6449,8.54E+01,0.55,19.1,4239,0.6,14.131
CONFIRMED,12.02295362,136.20687,1.2667,7.79E+02,3.28,20.1,5982,0.879,15.646
CONFIRMED,16.79716262,134.0417,3.83,1.02E+03,2.75,21.2,4652,0.697,15.856
CONFIRMED,18.59611518,141.26331,2.3052,8.14E+02,1.53,27.6,3834,0.539,15.264
CONFIRMED,5.77440326,132.96695,1.768,2.45E+02,0.8,11.8,3808,0.508,14.752
FALSE POSITIVE,2.622134451,131.87323,4.735,1.28E+02,1.64,42.9,5864,1.369,13.915
CONFIRMED,11.47685263,139.63194,2.756,2.41E+02,1.58,16.5,5550,1.032,15.051
CANDIDATE,73.711039,202.7848,10.062,1.37E+02,1.77,21.1,6374,1.502,12.643
CANDIDATE,14.43348326,143.60783,2.663,5.27E+02,16.25,14.8,4915,0.702,15.323
FALSE POSITIVE,40.0088894,141.74475,3.616,5.82E+02,20.75,20.2,6237,1.023,15.04
CANDIDATE,6.35705314,135.47756,1.324,2.72E+02,1.59,17.3,5982,0.96,14.216
FALSE POSITIVE,6.58738839,133.35768,4.758,2.59E+02,1.35,15.7,5616,0.822,15.575
FALSE POSITIVE,0.759706632,131.7692,1.0896,3.97E+01,1.38,21.6,8621,2.094,12.438
CONFIRMED,4.37033233,131.92696,2.845,1.78E+02,1.56,17.7,5657,1.182,15.133
CANDIDATE,1.530515205,131.867506,0.5945,6.60E+02,0.84,23.2,3462,0.259,15.63
FALSE POSITIVE,1.08070294,131.86686,3.363,1.46E+02,1.04,17.6,5482,0.813,15.986
FALSE POSITIVE,4.74254518,133.13916,1.023,3.06E+02,1.77,13.2,6046,1.007,14.413
FALSE POSITIVE,18.13559979,138.31557,2.019,4.53E+02,24.49,16.4,6184,1.038,14.99
CONFIRMED,51.20690303,195.7303,8.99,,,,,,9.705
CONFIRMED,3.70429015,132.21478,3.37,5.57E+01,1.45,15.9,6732,1.927,12.402
CONFIRMED,37.3331165,162.90453,7.643,1.88E+02,2.5,22.5,5623,1.588,13.611
CANDIDATE,17.6997392,140.94958,2.76,7.53E+02,1.96,19.8,4807,0.742,15.44
CONFIRMED,7.9709719,134.0507,1.2893,4.88E+02,2.27,17.3,5237,0.826,15.43
CONFIRMED,6.03355539,137.121,10.049,8.95E+01,3.34,26.1,4924,3.588,13.274
CONFIRMED,3.02558494,134.36744,3.0008,1.28E+02,1.62,23.8,6123,1.263,13.925
FALSE POSITIVE,0.933746783,131.51962,4.255,4.18E+02,1.3,62.8,4643,0.663,15.647
FALSE POSITIVE,6.09740316,133.32402,4.635,5.69E+02,45.49,14,8828,1.828,13.424
CANDIDATE,0.754457729,134.983522,0.5891,2.48E+02,2.07,31.1,5561,1.193,14.482
CONFIRMED,2.7612237,131.6081,3.681,6.68E+01,1.84,14.2,6381,2.232,13.321
FALSE POSITIVE,5.59727625,131.86798,1.659,2.01E+02,1.26,15.3,5796,0.876,14.626
CANDIDATE,62.6825769,182.22959,2.327,3.99E+02,39.8,17.8,7058,3.101,13.072
FALSE POSITIVE,50.5715805,161.11366,3.726,1.28E+03,2.74,19.9,5262,0.783,15.812
CANDIDATE,16.2707207,145.097,5.707,4.68E+02,28.42,13,6117,1.244,14.94
CONFIRMED,2.032319072,132.32157,1.6762,3.16E+02,1.87,24.5,6156,1.05,15.298
FALSE POSITIVE,4.100870416,168.1460533,8.15361,1.24E+05,82.46,2619.2,5923,1.51,11.26
CONFIRMED,4.35407371,132.85695,2.427,2.77E+02,1.63,19,5455,0.909,15.404
CONFIRMED,11.32269749,136.05511,3.517,3.11E+02,1.51,16,4563,0.642,15.006
CONFIRMED,13.71218522,135.51875,2.437,7.87E+02,2.47,22.6,5550,0.831,15.935
CONFIRMED,12.14684625,131.55623,6.197,7.07E+01,1.75,27.1,5877,1.963,11.821
CONFIRMED,7.46718958,136.39348,3.633,7.57E+01,1.04,18.8,6161,1.169,12.77
CANDIDATE,5.42204257,133.46021,2.952,7.91E+01,1.39,10.7,6123,1.263,13.925
CONFIRMED,48.8882668,153.8341,6.468,4.63E+02,2.96,13.5,4821,0.788,14.985
CONFIRMED,51.1319346,137.1568,6.019,3.82E+02,2.43,19.6,6071,1.107,14.423
FALSE POSITIVE,133.516435,134.8898,2.196,5.10E+02,2.01,6.5,5989,0.848,15.309
CONFIRMED,39.8312536,155.6409,2.442,3.89E+02,1.46,15.8,5026,0.759,14.125
CONFIRMED,9.549277089,175.757183,1.5832,1.83E+03,1.57,112.2,3547,0.369,14.486
CANDIDATE,24.1073172,145.9415,10.465,1.04E+02,2.74,23.6,6585,2.517,12.605
CONFIRMED,17.60461401,170.4984,3.716,2.29E+03,2.64,80.1,3744,0.516,15.613
FALSE POSITIVE,1.228721184,133.49967,1.041,4.66E+02,1.62,26.4,4897,0.764,15.76
CANDIDATE,51.5738653,158.06744,2.784,9.01E+02,2.41,13.2,5380,0.813,15.96
CONFIRMED,4.69505576,133.93643,3.058,2.40E+02,1.49,15.9,5999,0.959,15.711
FALSE POSITIVE,0.569115976,132.01945,2.028,7.97E+02,1.8,59.8,4788,0.656,12.093
FALSE POSITIVE,7.258450123,138.344691,5.7297,3.71E+03,5.53,288.6,5638,0.92,14.747
FALSE POSITIVE,6.0959841,135.0254,10.39,1.13E+02,0.99,29.2,5826,0.885,14.104
CONFIRMED,22.9221181,133.66805,8.2,1.40E+02,1.33,24,5897,1.081,13.578
CONFIRMED,16.10474503,135.01186,5.712,1.24E+02,3.21,25.4,5822,2.886,12.249
CONFIRMED,7.42697378,133.099,3.206,2.05E+02,1.4,15.4,5573,0.982,14.985
FALSE POSITIVE,0.874629873,132.25706,1.782,6.81E+01,0.72,19.2,5099,0.832,14.107
FALSE POSITIVE,5.46091846,131.66849,1.781,1.72E+02,1.25,21.2,6319,0.93,14.332
CONFIRMED,3.17323012,133.69979,1.9094,2.05E+02,0.88,21.4,4500,0.633,14.993
CONFIRMED,13.2970695,140.94606,3.283,2.20E+02,0.91,14.9,4500,0.633,14.993
CONFIRMED,5.398752862,173.858666,3.4303,3.47E+02,2.21,289.6,5790,1.198,9.997
FALSE POSITIVE,5.26648126,131.6902,1.964,9.78E+01,1.07,16,6204,1.065,13.648
FALSE POSITIVE,2.67596808,133.70492,2.021,4.21E+02,1.57,17.5,4732,0.795,15.596
CONFIRMED,7.41683033,137.96389,7.274,7.26E+01,3.36,20.6,4938,3.324,13.007
CONFIRMED,0.727331746,132.37007,0.8323,3.57E+02,0.67,20.4,3460,0.356,15.527
CONFIRMED,1.302017467,131.93696,1.3692,2.91E+02,1.37,21.4,4948,0.816,15.351
CONFIRMED,8.63050092,139.57438,3.144,3.26E+02,1.43,14.9,5352,0.764,15.868
FALSE POSITIVE,12.49117388,136.31491,2.848,1.90E+02,1.36,17,5753,0.911,14.521
CONFIRMED,3.27645723,131.97924,2.219,3.23E+02,1.71,17.9,5812,0.963,15.934
CONFIRMED,16.0573291,132.39054,3.546,5.75E+02,2.27,17.5,5644,0.806,15.869
FALSE POSITIVE,8.44326557,136.26748,3.353,3.60E+02,1.97,19,6081,1.023,15.351
CONFIRMED,4.60300256,133.22313,2.6848,3.03E+02,1.32,22.2,4821,0.788,14.903
FALSE POSITIVE,16.9329284,132.15407,1.218,4.88E+02,2.46,20.4,6310,1.095,14.779
CONFIRMED,12.00089667,142.04182,3.266,4.21E+02,1.47,20,5195,0.69,15.563
FALSE POSITIVE,1.169010526,131.738567,1.1717,1.66E+02,91.91,37.1,5944,5.847,13.579
CONFIRMED,1.916940872,132.46734,1.4243,1.05E+02,0.89,17.7,5083,0.872,14.1
CONFIRMED,5.05661302,134.39648,3.926,1.38E+02,1.15,17.6,5926,0.939,14.63
CONFIRMED,24.3344939,147.41892,6.557,3.23E+02,1.74,18.1,6091,0.967,15.373
CONFIRMED,131.187921,172.3923,6.905,9.16E+02,2.34,23.9,4898,0.803,15.048
FALSE POSITIVE,2.17489806,134.11887,4.599,7.48E+01,1.08,29.3,5749,1.15,13.655
CONFIRMED,25.8859397,157.04329,4.548,2.17E+02,1.66,16.1,5190,0.899,14.556
CONFIRMED,28.6253502,158.11827,4.551,6.53E+02,2.38,18.3,5774,0.941,15.826
CONFIRMED,6.98141327,132.7883,6.527,3.80E+01,1.42,20.9,6054,2.163,11.752
FALSE POSITIVE,1.319677953,132.06143,1.978,1.01E+02,1.13,17.4,6306,1.076,14.332
CONFIRMED,8.94337724,137.30234,2.469,2.15E+02,1.48,18.4,6074,1.005,14.169
CANDIDATE,0.827151296,132.07927,1.385,2.72E+02,19.1,8.1,4452,11.895,14.992
CONFIRMED,12.28299829,170.39809,2.7096,2.79E+03,2.83,137.2,3879,0.537,15.473
FALSE POSITIVE,0.328686504,132.77146,0.8592,1.72E+02,1.11,26.8,5430,0.847,15.316
CONFIRMED,6.383159135,170.604622,1.7504,2.31E+03,2.73,64.4,3757,0.576,15.254
CONFIRMED,5.57654782,136.42668,3.673,5.36E+01,0.92,13.2,6187,1.238,13.383
CONFIRMED,115.6863392,246.98666,4.65,9.46E+02,3.52,20.7,5800,1.149,15.174
CONFIRMED,3.81371423,132.57465,1.973,2.81E+02,1.37,11.4,5547,0.82,15.89
CONFIRMED,38.0970717,140.00353,4.307,9.13E+02,1.58,17,3554,0.398,15.931
CANDIDATE,11.6191707,142.12335,1.819,7.00E+02,2.21,18.5,5870,0.834,15.664
FALSE POSITIVE,2.637574744,134.212775,5.4573,5.42E+03,9.16,222.8,6108,1.03,15.106
CANDIDATE,38.2292037,166.01191,3.893,6.06E+02,1.51,21,4544,0.598,14.847
CONFIRMED,16.3012727,133.79446,3.974,2.60E+02,1.54,19.7,4873,0.796,14.61
CONFIRMED,13.32354078,134.03671,3.873,1.17E+02,1.32,16.3,6113,1.218,12.867
CONFIRMED,2.607545159,131.83453,1.3916,3.52E+02,2.07,23,6147,1.096,15.618
CONFIRMED,3.24417541,132.94014,1.992,3.72E+02,1.84,18,5094,0.87,15.77
CANDIDATE,176.845697,197.27794,3.812,4.32E+02,42.05,7.7,5592,0.797,14.182
FALSE POSITIVE,6.85567248,136.01953,2.268,1.98E+02,1.27,17.2,5734,0.883,14.738
FALSE POSITIVE,2.28607282,133.557,7.82,2.62E+02,1.01,35.9,4583,0.654,15.546
CONFIRMED,9.60505976,136.37863,3.0063,5.50E+01,0.91,32.2,5790,1.198,9.997
FALSE POSITIVE,3.54789928,133.78212,2.861,1.85E+02,0.99,13.6,5399,0.725,15.413
CANDIDATE,18.0243482,144.27756,3.575,4.41E+02,1.98,17.3,5955,0.91,15.419
CANDIDATE,16.4793229,142.94163,3.312,4.79E+02,1.53,13.8,4908,0.716,15.846
CONFIRMED,3.65690909,134.95269,2.064,1.07E+02,1.32,12.8,6078,1.271,14.46
CONFIRMED,88.0712769,214.51304,6.758,8.85E+02,2.4,18.1,4939,0.819,15.639
CONFIRMED,8.38395796,134.41408,5.2,1.09E+02,3.24,14.1,5405,2.605,14.667
CONFIRMED,1.68189051,133.07951,2.992,8.32E+01,1.27,17.4,5827,1.374,14.812
FALSE POSITIVE,8.59000355,131.97492,6.68,2.98E+02,1.82,18.9,5817,0.876,15.408
CONFIRMED,44.9977604,160.2298,9.686,1.70E+02,1.59,21.4,5871,0.983,13.468
CONFIRMED,7.12815163,136.88006,5.522,4.59E+01,1.36,22,6311,1.994,11.392
CANDIDATE,2.10081629,132.26789,2.8182,1.69E+02,1.65,15.3,5815,0.918,15.656
FALSE POSITIVE,0.872952088,131.49734,1.4499,1.37E+02,25.5,41.6,7102,2.082,12.335
CONFIRMED,7.01074295,138.4027,2.1787,2.23E+02,3.76,21.3,5814,2.476,14.689
CONFIRMED,17.2922631,135.75448,7.042,2.03E+02,2.13,23.7,5936,1.299,14.15
CONFIRMED,94.289223,166.50826,4.102,5.05E+02,2.11,22.5,5632,0.904,14.183
CONFIRMED,14.02634692,135.17539,1.2808,4.04E+02,2.66,19.3,5970,1.131,14.729
FALSE POSITIVE,12.42586643,141.5137911,29.1428,2.58E+02,2.12,62.2,5428,0.94,14.148
CONFIRMED,25.5433704,140.58705,8.567,1.39E+02,2.11,28.4,5422,1.782,12.939
FALSE POSITIVE,33.8542586,132.1329,12.689,2.53E+02,15.96,10,4553,10.472,13.605
CONFIRMED,45.0909201,133.55146,4.605,4.36E+02,2.44,14.1,5790,0.9,14.976
CONFIRMED,15.0539886,135.53329,4.422,2.22E+02,1.44,16.3,5475,0.818,14.503
CANDIDATE,3.67936863,134.99021,3.47,8.59E+01,0.92,18.1,5676,0.848,13.884
CANDIDATE,7.4464635,137.3391,4.084,7.80E+01,0.77,12.7,5676,0.848,13.884
CONFIRMED,159.388788,226.9313,8.432,1.03E+03,2.73,17.3,5135,0.874,15.822
CONFIRMED,1.565412613,132.91281,0.7572,2.75E+03,1.73,48.6,3464,0.328,16.257
CONFIRMED,5.14892346,133.31971,0.9613,2.36E+03,1.72,25.4,3464,0.328,16.257
FALSE POSITIVE,0.730943372,131.49862,3.004,1.35E+02,1.37,27,6143,1.067,15.021
FALSE POSITIVE,0.515552803,131.651719,1.7869,1.22E+03,13.96,79.6,5068,0.73,15.786
CONFIRMED,2.522590567,131.64534,1.406,2.10E+02,25.82,18.5,5591,0.86,14.816
CONFIRMED,6.73968289,132.29296,4.183,1.42E+02,1.48,15.4,5511,1.176,14.455
CONFIRMED,41.74598855,210.399151,4.6125,4.22E+02,2.4,110.5,5978,1.171,11.854
FALSE POSITIVE,75.378004,167.11715,6.744,4.48E+02,3.82,20.5,5876,1.077,13.693
CONFIRMED,213.258526,268.13424,7.768,1.99E+03,2.72,36.1,4477,0.637,15.165
CONFIRMED,100.2830675,245.04318,10.8636,3.51E+02,2.51,81.9,6214,1.297,10.5
CONFIRMED,4.871223664,133.64255,1.5916,6.46E+03,1.56,50.5,3157,0.18,17.475
CONFIRMED,2.984157711,133.11908,1.2637,2.60E+03,0.92,24.3,3157,0.18,17.475
CONFIRMED,2.8867624,131.66592,0.9879,6.32E+02,1.24,37.1,3483,0.389,14.717
FALSE POSITIVE,0.498434645,131.57053,0.955,2.39E+02,1.08,26.8,4784,0.708,15.397
CANDIDATE,2.252976718,132.23957,1.7131,4.68E+02,1.19,21.7,4039,0.559,15.794
FALSE POSITIVE,2.75505467,133.42201,3.426,8.55E+01,1.74,27.8,6257,1.748,13.883
FALSE POSITIVE,1.572181216,131.77456,7.219,2.20E+02,77.12,48.2,6622,4.315,13.157
FALSE POSITIVE,1.28805834,131.9914,3.419,9.26E+01,1.08,28.1,5631,1.132,14.487
FALSE POSITIVE,2.72288246,131.90948,2.408,1.53E+02,1.06,15.5,5458,0.872,15.003
CONFIRMED,1.574090323,131.86116,1.5796,2.25E+02,0.93,17.7,4313,0.65,15.571
FALSE POSITIVE,0.947738312,132.38567,1.206,2.02E+02,0.88,13.9,4464,0.638,15.761
CONFIRMED,13.7872627,144.77403,5.747,7.51E+01,1.55,23.9,5691,1.458,12.458
CONFIRMED,14.4359459,141.51253,3.414,1.07E+02,1.46,22,6075,1.352,11.485
CONFIRMED,5.95958637,135.00822,2.899,1.33E+02,1.02,16.1,5452,0.9,14.52
CANDIDATE,16.6146221,137.33276,2.706,3.61E+02,1.49,10.6,5295,0.8,15.46
FALSE POSITIVE,0.497581917,131.6572,1.46,1.41E+02,0.76,17.1,5271,0.63,15.481
CANDIDATE,5.83892993,136.90293,1.1066,2.37E+02,1.19,15.3,5279,0.769,14.628
CONFIRMED,2.279523364,133.3576,1.6202,1.27E+02,0.87,16.7,5017,0.797,14.589
CONFIRMED,12.2854718,131.90073,2.996,1.62E+03,2.21,23.8,3891,0.564,16.279
CONFIRMED,5.53609368,131.88286,2.2942,1.22E+03,2.2,22.6,3891,0.564,16.279
CANDIDATE,3.09756897,131.55889,4.588,8.33E+01,1.75,14.6,6329,1.885,10.268
CONFIRMED,58.0337426,138.7412,5.584,8.07E+02,3.21,34.9,5467,1.152,14.467
CONFIRMED,14.4252635,136.75608,3.754,2.21E+02,1.68,15.2,5467,1.152,14.467
CONFIRMED,26.6757818,149.99527,2.696,4.75E+02,2.69,20,5467,1.152,14.467
CONFIRMED,0.868386354,132.06741,1.066,4.89E+02,1.52,27.3,4792,0.704,15.898
CONFIRMED,11.8288843,137.6991,3.337,1.91E+02,1.18,9.1,5653,0.857,15.228
CONFIRMED,14.7512034,137.1559,1.25,2.61E+02,1.63,8.3,5653,0.857,15.228
FALSE POSITIVE,1.480323978,131.7553,1.833,1.66E+02,1.46,43.4,5996,1.081,13.66
CANDIDATE,205.385912,284.18824,8.681,1.25E+03,2.11,24.3,4400,0.624,15.558
CONFIRMED,6.88707073,133.17797,4.4679,6.87E+01,1.3,38.2,5788,1.474,11.197
FALSE POSITIVE,165.75597,207.3074,8.45,5.73E+01,15049.8,12.8,5800,1.412,10.458
FALSE POSITIVE,1.11431205,131.75649,2.112,1.60E+02,1.07,15.5,5776,0.849,15.411
CONFIRMED,3.42064689,132.30629,1.767,3.57E+02,2.27,13.9,5370,0.966,15.472
CANDIDATE,1.23935745,131.85254,1.683,1.51E+02,1.5,9.7,5370,0.966,15.472
CONFIRMED,0.675650404,131.68114,1.8261,2.01E+02,1.36,22.4,5966,0.961,15.892
CANDIDATE,1.407020118,131.60897,1.3766,1.82E+02,1.12,18.9,5022,0.849,14.946
CANDIDATE,24.4359956,134.8181,6.254,4.97E+02,2.31,17.1,6197,1.035,15.849
FALSE POSITIVE,17.7337356,143.9223,5.558,2.17E+02,1.24,17,5335,0.831,14.625
FALSE POSITIVE,10.06478627,135.24121,2.86,2.86E+02,1.49,18.6,5438,0.82,14.89
FALSE POSITIVE,1.12976597,132.526,3.096,1.34E+02,0.83,14.3,5366,0.715,15.625
CONFIRMED,16.23191704,171.67758,7.461,5.02E+02,3.54,194.9,5919,1.585,11.866
FALSE POSITIVE,15.4126766,144.9757,3.402,6.00E+02,2.82,7.5,5240,0.856,14.373
FALSE POSITIVE,1.110599919,131.57274,1.3493,1.58E+02,1.07,38.7,5227,0.867,14.139
CONFIRMED,21.86965714,140.29513,5.5177,1.26E+02,1.51,43.5,6214,1.297,10.5
CONFIRMED,9.02436414,133.54199,3.011,2.15E+02,1.62,23.5,5885,1.111,13.642
CONFIRMED,17.3408735,138.96694,3.398,1.59E+02,1.43,13.5,5885,1.111,13.642
FALSE POSITIVE,0.814280672,131.64736,2.326,1.35E+02,1.91,12.3,6366,1.543,11.751
FALSE POSITIVE,0.878855771,131.49524,1.1014,2.70E+02,1.57,25.3,5727,0.937,14.853
FALSE POSITIVE,2.49432176,133.61066,2.3269,8.04E+03,8.91,43.2,5780,1,17.69
CANDIDATE,17.57704569,137.73116,2.022,6.70E+02,27.21,19.1,5653,0.901,14.94
FALSE POSITIVE,1.00652785,131.71627,1.3175,1.26E+02,1.03,17.9,6089,0.889,14.716
FALSE POSITIVE,1.99566293,132.8585,4.514,1.97E+02,1.11,21.9,5235,0.771,15.734
FALSE POSITIVE,0.755111225,131.80687,3.164,1.68E+02,1.38,76.4,5780,1,13.573
CANDIDATE,1.400755743,132.02177,1.0562,1.44E+02,1.3,19.8,5487,1.072,14.456
CONFIRMED,25.8730914,143.28644,5.085,6.94E+02,2.88,20.1,6036,1.093,15.323
CONFIRMED,20.2642023,135.27919,4.664,1.85E+02,2.12,19.9,5937,1.291,13.701
CANDIDATE,1.28132831,169.665953,0.9157,5.26E+02,4.52,196.4,5918,1.596,12.107
CONFIRMED,7.44136102,137.74695,4.554,7.97E+01,1.33,14.2,5937,1.291,13.701
CONFIRMED,99.2532336,148.53067,7.208,5.38E+02,2.17,20.5,5010,0.715,14.699
FALSE POSITIVE,3.84933401,134.43526,2.299,5.04E+02,2.12,13.6,5984,0.906,15.851
CANDIDATE,119.0833042,163.56212,2.558,2.95E+03,22.19,18.9,4412,0.623,15.823
CANDIDATE,27.8813154,134.51369,6.346,2.09E+02,1.54,15.5,6434,1.055,13.603
CONFIRMED,6.4802138,132.8598,3.27,1.42E+02,1.26,13.7,5496,0.983,14.421
CANDIDATE,7.50790041,138.7047,5.646,1.45E+02,1.77,11.9,6408,1.337,11.125
FALSE POSITIVE,21.3910125,141.29764,3.512,6.46E+02,1.72,25.1,4889,0.686,14.985
CONFIRMED,14.3832267,140.57648,8.378,1.79E+02,1.84,39,6115,1.291,13.312
CONFIRMED,47.3186631,170.06035,10.465,2.63E+02,2.1,36.2,6115,1.291,13.312
CONFIRMED,11.12827427,139.54417,2.6118,6.06E+03,4.04,65.6,3640,0.503,16.835
CONFIRMED,2.21571296,131.82107,1.8211,2.85E+02,1.7,22.1,5417,0.901,15.392
CONFIRMED,34.4585495,147.82493,7.434,4.31E+02,1.88,23.7,6161,0.862,14.936
CONFIRMED,3.35184041,131.64441,1.9855,3.45E+02,1.88,20,6198,1.005,15.526
FALSE POSITIVE,1.615758517,131.68535,1.734,4.17E+01,1.31,18,5622,2.017,12.743
CANDIDATE,110.3783828,175.9317,12.211,4.90E+02,3.02,108.9,6342,1.359,10.56
CONFIRMED,3.4462125,132.22894,2.101,8.35E+01,0.7,15.6,5374,0.721,13.851
CONFIRMED,2.005414293,133.24526,1.934,5.95E+01,0.65,13.9,5374,0.721,13.851
CANDIDATE,4.28886792,132.37761,2.599,5.93E+01,0.57,11.1,5374,0.721,13.851
FALSE POSITIVE,1.868564038,132.51442,1.192,1.77E+02,1.4,17.2,6065,1.023,14.944
CANDIDATE,24.5752524,144.18324,2.258,1.00E+03,1.64,12.1,3678,0.512,15.907
CONFIRMED,15.1408916,143.74584,4.359,4.77E+02,1.93,20.1,5926,0.887,15.679
CONFIRMED,11.39169531,141.55983,5,5.10E+01,1.02,19,5557,1.249,11.926
CANDIDATE,10.1747037,132.3605,5.179,5.24E+01,1.04,11.8,5866,1.339,13.313
CONFIRMED,2.44358543,132.80194,1.852,5.91E+01,0.67,11.9,5561,0.873,13.348
FALSE POSITIVE,1.7592691,132.07552,2.381,1.40E+02,1.21,13.5,5784,0.984,15.229
CONFIRMED,2.226496196,133.37195,1.7073,1.84E+03,2.1,36,3640,0.503,16.835
CONFIRMED,5.72084599,134.66576,2.744,1.32E+03,1.78,20.5,3640,0.503,16.835
CONFIRMED,0.962864171,132.12548,1.6802,3.04E+02,1.52,31.6,5704,0.804,15.81
CONFIRMED,16.23847733,171.019564,3.9699,6.47E+02,2.76,125.8,5683,0.993,10.297
CONFIRMED,6.46004728,135.96779,1.979,3.94E+02,1.8,17,5704,0.804,15.81
CONFIRMED,4.76831033,134.86116,3.2363,2.52E+02,1.78,35.4,6237,1.116,14.083
CONFIRMED,44.616751,164.45238,7.831,2.40E+02,2.31,28.4,6763,1.424,13.791
FALSE POSITIVE,1.714410345,131.86549,3.336,5.04E+01,1.84,22.9,6340,2.498,13.297
CONFIRMED,3.40165617,132.06195,1.9617,1.56E+02,1.34,19.9,6177,0.906,14.497
CONFIRMED,14.00948631,132.96947,3.399,1.70E+02,0.98,22.6,5153,0.767,13.38
FALSE POSITIVE,1.703359172,132.46185,1.914,5.76E+01,0.69,13.9,6026,0.904,13.778
FALSE POSITIVE,3.77881664,134.208,5.819,4.71E+01,3.99,22.2,6115,5.544,12.923
CONFIRMED,1.311558909,131.53283,1.919,1.41E+02,1.15,17.2,5926,0.963,15.371
CONFIRMED,1.291233083,131.99105,1.855,6.60E+01,0.89,15.9,6384,1.086,14.135
CONFIRMED,10.57375145,175.067739,1.7259,2.99E+02,2.07,82,5720,1.08,11.457
CONFIRMED,3.7847507,133.50785,2.924,3.35E+01,0.7,12.2,6017,1.206,12.581
CANDIDATE,2.17291055,131.73552,2.139,7.64E+01,0.93,13.6,6164,1.045,14.229
CONFIRMED,18.2206024,141.37607,5.109,2.02E+02,1.78,19.7,5951,1.262,14.544
CANDIDATE,7.35101287,133.63951,2.757,1.16E+02,1.42,12.8,5951,1.262,14.544
CONFIRMED,47.4497134,173.4565,10.675,2.06E+02,1.61,16.9,6007,1.126,14.089
CONFIRMED,0.929906166,132.25126,1.743,1.09E+02,1.48,79.7,6039,1.413,12.41
FALSE POSITIVE,0.784513087,131.98751,1.9206,3.17E+02,131.4,47.7,3853,78.869,13.819
CONFIRMED,4.11585514,134.11726,1.4858,4.26E+02,1.93,20.8,4827,0.823,15.141
CANDIDATE,6.57159435,132.74598,3.1044,6.57E+01,1.26,30.7,6042,1.432,10.338
CONFIRMED,33.878639,160.21869,6.194,7.00E+02,3.52,27.9,5533,1.072,15.16
CONFIRMED,27.5722144,145.39543,5.256,2.96E+02,1.94,20,5912,1.09,14.718
CONFIRMED,2.12821621,132.48055,3.146,2.59E+01,0.7,22.1,5952,1.377,11.126
FALSE POSITIVE,0.703399912,131.65929,0.823,5.31E+02,2.15,32,5955,0.91,15.728
FALSE POSITIVE,2.5355023,132.20054,7.189,3.55E+02,2.7,37.6,6268,1.1,15.273
CANDIDATE,0.868122253,131.83212,1.5471,2.31E+02,1.65,23.2,6116,1.084,15.8
FALSE POSITIVE,1.332560553,132.05303,3.315,3.17E+01,0.4,26.1,4947,0.714,12.912
FALSE POSITIVE,18.936061,139.0725,22.27,2.43E+01,0.34,14,4947,0.714,12.912
CONFIRMED,10.65275054,136.08994,2.684,7.41E+02,2.2,17.5,5602,0.817,15.97
CONFIRMED,3.30040818,133.56723,4.462,9.88E+01,1.43,19.3,6333,1.438,13.749
FALSE POSITIVE,5.62950902,136.8607,6.542,2.98E+02,2.11,14.3,5822,0.898,15.957
CANDIDATE,13.84301228,139.95334,4.077,5.68E+02,1.98,17.5,5745,0.837,15.48
CONFIRMED,24.2758992,152.43133,4.59,7.02E+02,2.25,17,5745,0.837,15.48
CONFIRMED,54.4099612,175.40307,9.314,1.93E+02,1.56,20.8,5746,1.133,13.852
FALSE POSITIVE,9.12209336,138.83306,4.347,9.07E+02,28.17,22.2,5899,0.96,15.676
CONFIRMED,19.94752741,144.2469,1.756,8.61E+02,2.52,16,5749,0.864,15.999
CONFIRMED,13.84984567,141.64914,7.2783,8.46E+01,1.45,35.2,5919,1.585,11.866
CONFIRMED,6.12479773,134.93803,3.466,1.29E+02,1.51,20.1,6052,1.202,13.268
CONFIRMED,11.24284815,136.32084,4.241,1.36E+02,1.44,17.4,6052,1.202,13.268
CONFIRMED,4.02877097,133.76774,3.173,1.00E+02,1.21,18.6,6052,1.202,13.268
CONFIRMED,8.92114318,137.49071,3.933,1.11E+02,1.27,15.3,6052,1.202,13.268
CONFIRMED,7.81285862,172.6138,4.098,1.17E+02,1.68,32.3,6237,1.543,10.421
CONFIRMED,18.01164974,185.09162,6.7367,1.08E+02,1.83,60.8,6477,1.459,10.927
CONFIRMED,0.916142298,132.02221,1.1555,9.85E+01,0.6,23,4374,0.614,14.107
FALSE POSITIVE,0.597933473,131.95386,1.918,1.06E+02,1.24,26,6543,1.159,13.364
FALSE POSITIVE,2.69636494,132.99372,3.892,1.09E+02,1.24,22.2,5653,1.139,14.515
CONFIRMED,6.99205021,138.05147,5.037,3.34E+01,1.06,24.4,6057,1.467,10.787
CONFIRMED,12.0999065,143.04424,3.558,1.66E+02,1.39,15.1,5553,1.098,14.754
CONFIRMED,5.36375016,134.65014,2.94,1.14E+02,1.15,14.4,5553,1.098,14.754
FALSE POSITIVE,3.17319407,133.38365,2.512,1.36E+02,0.91,16.2,5369,0.784,14.162
FALSE POSITIVE,5.24368302,132.7109,10.873,2.25E+02,0.91,36.9,4194,0.629,15.29
CANDIDATE,5.1952021,133.34401,2.1552,3.21E+02,1.37,17.7,5044,0.738,14.937
FALSE POSITIVE,0.591280187,131.74406,1.1656,1.35E+02,1.3,21.6,6246,1.092,15.046
CONFIRMED,3.93766786,135.27724,4.655,2.43E+01,1.36,16.8,6277,2.741,11.801
CANDIDATE,31.6084371,134.68285,3.675,3.32E+02,1.89,16.2,6341,1.033,14.756
CANDIDATE,16.1558656,140.23012,3.798,7.31E+02,2.04,17.5,4504,0.53,15.771
FALSE POSITIVE,1.465943491,132.32801,1.513,5.23E+01,1.6,15.8,6230,2.19,13.147
CONFIRMED,28.45489091,176.706265,8.1593,1.42E+03,6.08,244.7,6206,1.573,11.684
CONFIRMED,1.952711161,133.160986,0.872,4.03E+02,2.58,30.7,5741,0.946,14.575
FALSE POSITIVE,0.620739667,132.10051,2.477,1.08E+02,29.28,30.8,6559,1.602,12.878
FALSE POSITIVE,0.587470828,131.49788,2.4382,1.94E+02,51.02,48.3,5787,2.667,13.744
FALSE POSITIVE,0.934924739,132.17846,2.052,7.38E+01,2.29,20.3,6477,2.628,12.31
FALSE POSITIVE,25.7054557,156.66709,6.059,2.66E+02,1.75,27.6,6326,1.001,13.859
CONFIRMED,3.84822189,131.9185,2.013,2.04E+02,1.72,17.6,5927,1.193,14.919
CONFIRMED,2.37752442,133.39854,2.307,3.21E+01,0.53,15.9,5615,0.936,12.258
FALSE POSITIVE,2.62838097,131.62343,3.193,8.99E+01,1.01,15.3,5884,1.07,14.037
CONFIRMED,1.877878538,132.26131,2.39,4.75E+01,0.78,20.6,6324,1.115,13.295
CANDIDATE,3.375716723,134.21319,1.5436,1.76E+02,2.34,20.2,6310,1.282,13.91
CONFIRMED,35.3331932,153.98249,5.966,9.97E+01,1.55,28.8,5788,1.474,11.197
CONFIRMED,15.0896415,175.95371,4.3349,7.78E+01,1.42,29.5,6063,1.613,11.39
CONFIRMED,5.30873978,134.25061,3.018,1.28E+02,1.08,16.7,5914,0.955,14.699
CONFIRMED,3.89524296,131.85929,1.689,1.89E+02,1.13,16.2,5018,0.838,14.756
CONFIRMED,0.740926358,131.91163,1.0163,1.96E+02,1.22,20,5618,0.874,15.918
CANDIDATE,75.8580035,165.5543,5.382,1.15E+03,2.72,16.1,4474,0.614,15.398
FALSE POSITIVE,1.352564873,132.04752,3.469,5.67E+01,1.45,34.9,6463,1.823,12.709
FALSE POSITIVE,7.72768833,136.19387,2.06,4.05E+02,1.89,14.6,5765,0.94,15.648
CONFIRMED,37.3033197,133.3072,7.793,5.52E+02,2.31,19.5,5646,0.817,15.527
CANDIDATE,10.16435076,136.43034,6.017,3.77E+01,1.99,18.4,6133,2.71,11.912
FALSE POSITIVE,31.9729501,133.88218,9.41,1.56E+02,2.41,38.3,6007,1.759,12.567
CONFIRMED,14.8877665,141.95432,4.981,2.53E+02,1.96,28.4,6143,1.116,13.914
CONFIRMED,4.52158614,133.21804,3.4702,1.06E+02,1.31,26.2,5576,1.289,13.836
FALSE POSITIVE,2.007750531,132.57843,2.0715,3.52E+02,1.64,21.8,5645,0.865,15.664
CONFIRMED,7.03146295,134.4525,5.922,8.54E+01,1.38,33.8,6170,1.499,12.805
CONFIRMED,54.2811949,140.71639,5.517,1.48E+02,2.07,20,6170,1.499,12.805
FALSE POSITIVE,0.596087893,131.82296,0.7159,1.05E+02,1.92,30.3,6049,1.827,13.484
CONFIRMED,12.58229808,175.02129,6.375,1.19E+02,1.53,62.1,5587,1.423,11.411
FALSE POSITIVE,7.12684695,137.42807,3.179,2.06E+02,1.38,20.7,6050,0.896,14.8
FALSE POSITIVE,0.661749944,131.86076,4.112,2.16E+02,23.92,34.5,6363,1.198,15.396
FALSE POSITIVE,354.95118,156.9947,13.02,4.22E+02,2.53,7,6392,1.23,15.396
FALSE POSITIVE,1.35477049,131.64321,1.618,1.45E+02,0.8,14.8,4414,0.689,15.169
FALSE POSITIVE,0.493393859,131.57378,1.1319,2.65E+02,1.4,20.3,4474,0.614,15.398
CONFIRMED,11.95401876,140.26226,2.656,8.56E+02,2.1,19.3,4359,0.659,15.911
FALSE POSITIVE,2.48883033,132.11766,4.268,5.14E+01,0.64,15.1,5615,0.833,14.103
FALSE POSITIVE,20.2340219,141.38622,3.674,1.94E+02,0.99,11.5,5528,0.71,13.776
CONFIRMED,0.88184263,131.68869,1.3117,2.50E+02,1.24,21.2,5268,0.776,15.919
CONFIRMED,5.448321078,132.49088,2.2213,5.29E+02,2.17,55.1,5721,0.905,12.43
CONFIRMED,1.116127169,131.84982,1.3235,1.09E+02,1,19.2,5721,0.905,12.43
FALSE POSITIVE,195.613824,167.73974,23.777,1.65E+03,10.65,102.7,5970,2.229,13.56
CANDIDATE,237.787237,196.97103,10.509,1.63E+03,9.91,92.3,5185,1.853,13.46
CONFIRMED,3.833087643,131.63482,1.51,4.61E+02,2.25,40.2,5397,0.831,11.799
CONFIRMED,9.37663713,136.95319,2.1033,1.18E+02,1.89,21,6237,1.543,10.421
CONFIRMED,5.62006198,132.95381,2.751,1.90E+02,1.45,17.4,4868,0.746,14.009
CONFIRMED,3.8259005,132.20163,1.8057,8.57E+02,3.45,20.3,5223,0.885,15.768
CONFIRMED,0.558841234,131.57991,0.7918,2.81E+02,1.33,26.3,5151,0.792,15.6
CONFIRMED,9.33648141,140.67893,2.5449,8.85E+02,2.39,23.1,4442,0.648,15.911
CONFIRMED,76.6139446,153.79301,10.22,4.99E+02,2.61,28.6,6173,1.03,14.357
CANDIDATE,0.698461304,131.85138,0.7887,1.34E+02,14.81,16.1,4676,12.558,13.586
FALSE POSITIVE,1.545388842,132.63059,3.037,5.28E+01,0.56,20.6,5782,0.767,13.529
CONFIRMED,1.289590179,131.89057,1.3541,2.86E+02,1.38,18.9,5467,0.808,15.471
CONFIRMED,0.634003002,131.89476,0.9207,3.17E+02,1.35,21,5226,0.75,15.76
FALSE POSITIVE,1.56859048,131.64081,11.591,2.81E+02,23.41,43.3,6248,1.002,15.105
CONFIRMED,22.8030252,153.37541,4.768,6.29E+01,1.29,20.4,6063,1.613,11.39
FALSE POSITIVE,0.623441939,131.990423,1.4053,1.28E+02,13.89,40.6,5385,2.871,12.65
FALSE POSITIVE,5.24364571,132.7242,16.984,2.70E+02,25.01,45.6,6197,1.056,15.163
CONFIRMED,8.98826122,138.83733,4.96,1.61E+02,1.39,14.5,5984,0.906,15.257
CANDIDATE,110.7556272,144.80528,6.819,8.07E+03,29.64,48.5,6525,2.668,13.455
FALSE POSITIVE,4.15743922,172.50464,9.572,1.47E+03,96.99,52.5,6529,3.131,9.887
CANDIDATE,14.4079035,142.02803,2.524,3.06E+03,23.4,7.7,5440,0.728,14.599
CONFIRMED,135.4978256,233.6923,6.769,5.04E+03,6.01,73.2,5307,0.757,15.996
CONFIRMED,22.2508509,149.43326,1.745,6.19E+02,2.07,11.4,5307,0.757,15.996
FALSE POSITIVE,8.53161917,136.27763,2.9596,6.57E+04,54.6,86.1,5780,1,18.498
FALSE POSITIVE,0.526615152,131.49908,1.0582,6.40E+01,1.46,40.9,5718,1.832,12.428
FALSE POSITIVE,0.690405794,131.7301,1.7407,1.78E+02,1.04,43,5204,0.786,14.606
CONFIRMED,10.10773789,135.1032,3.828,2.95E+02,1.98,25.3,5480,1.174,15.017
CANDIDATE,7.0956395,135.0007,3.465,1.08E+02,1.2,10.5,5480,1.174,15.017
FALSE POSITIVE,1.844857057,132.16167,1.6557,8.56E+01,0.97,21.5,6143,1.004,13.617
FALSE POSITIVE,18.0116764,139.19459,6.006,4.17E+02,2.02,23.3,6003,0.932,15.154
CONFIRMED,33.67280658,162.03676,8.2267,1.71E+02,1.86,61.2,5587,1.423,11.411
CONFIRMED,3.00912491,131.62696,2.228,1.91E+02,1.22,16.5,5713,0.893,15.273
CANDIDATE,79.2450351,161.5717,5.382,1.35E+03,3.33,14.4,5648,0.917,15.302
CONFIRMED,4.44589508,131.74309,2.3816,4.41E+02,1.94,20.9,5918,0.865,15.391
FALSE POSITIVE,2.023126394,132.07328,1.2771,7.22E+01,0.92,19.2,6349,1.059,13.126
FALSE POSITIVE,10.63609504,139.7996,3.48,2.91E+02,1.36,20.9,5546,0.81,15.091
CONFIRMED,10.3108232,141.5114,5.617,2.04E+02,1.27,14,5708,0.893,15.619
FALSE POSITIVE,1.069842837,132.4449,5.275,5.40E+02,1.77,65.2,4999,0.786,14.298
FALSE POSITIVE,1.077467951,131.58234,2.1125,7.57E+01,31.06,47.4,6329,1.508,11.899
CANDIDATE,126.4451275,166.49998,16.7151,3.25E+03,4.49,110.9,5613,0.795,15.5
FALSE POSITIVE,2.8736467,132.58652,1.682,2.16E+02,6.47,21.2,8173,3.169,10.035
FALSE POSITIVE,2.846517614,133.24348,4.228,2.15E+03,1.88,58,3468,0.32,16.3
CONFIRMED,211.032819,279.12891,7.119,1.95E+03,3.43,69.3,4658,0.686,13.855
CONFIRMED,1.716828304,132.03204,2.068,5.95E+01,0.74,14.2,5808,0.902,10.158
FALSE POSITIVE,0.755103143,131.81388,2.885,4.38E+01,1.49,27.3,5996,2.128,13.009
FALSE POSITIVE,20.71927223,184.73851,4.0388,2.25E+02,2.51,36,5729,1.545,10.821
CONFIRMED,11.87457664,140.21259,1.9797,2.21E+02,1.32,21.4,5523,0.88,13.756
CONFIRMED,109.6469948,190.67271,6.568,9.00E+02,4.85,26.7,5332,1.453,15.162
CONFIRMED,15.64588656,146.04926,3.959,5.72E+02,2.18,26.9,5896,0.916,15.241
FALSE POSITIVE,0.93375241,131.5113,6.352,5.18E+02,3.18,55.5,5402,0.815,15.807
FALSE POSITIVE,1.70336496,132.45889,1.7045,3.17E+02,1.67,19.8,5881,0.915,15.274
FALSE POSITIVE,0.764174368,131.68497,2.346,1.00E+02,1.18,34.5,6321,1.125,14.361
FALSE POSITIVE,1.85373924,132.66885,1.816,3.49E+02,0.23,18,2661,0.116,12.946
CONFIRMED,7.06321927,132.52395,2.411,2.07E+02,1.21,12.6,5305,0.818,14.572
FALSE POSITIVE,0.584310213,132.013258,2.1801,8.09E+02,23.09,91.9,5783,0.88,15.361
CONFIRMED,25.384175,137.77326,3.576,5.94E+02,2.44,15.8,6137,0.994,15.535
CONFIRMED,15.79196594,176.81888,7.2772,2.03E+02,2.4,77.3,5758,1.704,11.696
CANDIDATE,5.77207177,134.93042,2.605,3.29E+02,1.54,13.2,5591,0.86,15.703
CANDIDATE,46.151253,147.81245,5.346,6.49E+02,2.08,17.1,5204,0.769,15.266
CONFIRMED,8.16733851,136.20356,3.337,1.05E+02,1.03,14.8,5808,0.902,10.158
CONFIRMED,12.81590421,122.94682,6.3856,2.21E+02,2.26,106.7,5788,1.474,11.197
FALSE POSITIVE,79.99623328,207.126264,6.3339,2.44E+04,40.73,721.9,6796,2.49,9.954
CONFIRMED,5.424749327,133.728952,1.139,7.68E+03,5.15,78,4137,0.591,16.406
CANDIDATE,165.3447044,174.29621,3.09,4.90E+03,6.98,48,5594,0.812,15.548
CONFIRMED,3.606940379,134.77442,1.0418,4.32E+02,2.04,20.8,5508,0.84,13.461
FALSE POSITIVE,69.2002312,145.95159,5.679,2.27E+03,45.24,30,7044,1.267,15.329
CONFIRMED,6.26404774,132.82928,2.39,3.79E+02,1.55,20.1,5032,0.817,15.329
CONFIRMED,23.1985852,142.62801,9.821,2.25E+02,2.61,28.2,5416,1.756,14.056
CONFIRMED,5.77721259,137.16696,2.462,1.34E+02,2.17,17.7,5416,1.756,14.056
FALSE POSITIVE,0.905037231,132.21703,1.4351,3.75E+01,1.1,29,6223,1.763,11.075
CONFIRMED,59.4969009,146.95193,5.404,1.26E+03,2.92,23.2,4817,0.833,15.768
CONFIRMED,10.61345333,135.6898,0.9829,1.50E+02,1.77,20,5865,1.388,12.824
CONFIRMED,48.6303805,172.54736,7.0805,3.40E+02,2.48,53.9,6075,1.352,11.485
CONFIRMED,40.5289885,168.01669,10.604,3.61E+02,5.92,35.3,6443,3.086,13.913
FALSE POSITIVE,0.571940563,131.71371,0.9031,5.43E+01,1.88,22.8,5827,2.286,12.557
FALSE POSITIVE,0.633514386,131.56236,1.2792,1.79E+02,0.81,22.3,4330,0.618,14.971
FALSE POSITIVE,17.4166143,141.10369,2.445,3.14E+02,1.84,13.1,5946,1.017,14.715
CONFIRMED,16.3583482,141.25354,9.858,1.16E+02,2.23,30,6133,1.765,12.683
FALSE POSITIVE,36.0054414,144.34331,3.262,1.18E+02,3.33,14.6,7048,2.838,12.477
CONFIRMED,13.9093544,142.8769,6.765,8.68E+01,1.33,15.6,6052,1.424,13.716
CANDIDATE,97.4463194,204.83009,6.765,2.14E+03,3.05,62.8,4735,0.686,14.981
FALSE POSITIVE,1.257689465,132.503649,0.8399,9.46E+02,2.45,45.6,5676,0.787,15.522
CONFIRMED,4.081411554,133.85992,2.3239,1.72E+02,1,36.9,4498,0.635,13.256
CONFIRMED,11.41941928,142.11859,3.3075,1.51E+02,0.99,22.9,4498,0.635,13.256
CONFIRMED,6.83440674,136.86023,2.2726,1.77E+02,1.01,29.1,4498,0.635,13.256
CANDIDATE,174.636181,184.5253,15.679,2.50E+03,11.12,37.1,5974,2.232,15.905
CONFIRMED,24.4004378,135.62326,2.987,8.61E+02,2.47,20.2,4583,0.674,15.858
FALSE POSITIVE,4.029810359,170.69131,3.3316,1.11E+02,1.77,62.8,5929,1.651,11.551
FALSE POSITIVE,1.287622419,132.43069,0.821,3.65E+01,0.87,16.9,6170,1.274,11.514
CONFIRMED,0.935115863,132.20193,1.6172,6.48E+01,1.05,21.6,5874,1.297,13.615
CONFIRMED,3.57551429,132.86125,2.364,9.28E+01,0.89,16.6,5213,0.917,13.93
CANDIDATE,1.791877025,132.8762,1.166,4.61E+01,1.48,12.5,6002,2.139,12.599
CONFIRMED,136.205112,234.72601,5.568,1.21E+03,2.35,20,4648,0.675,15.839
CONFIRMED,6.30922043,133.99677,1.3251,6.91E+02,1.37,22.5,4380,0.53,15.906
CONFIRMED,2.94194296,133.1044,2.056,2.78E+02,1.22,18.2,4901,0.758,15.29
CANDIDATE,145.881936,194.6951,11.342,1.57E+02,1.8,11.2,6052,1.424,13.716
FALSE POSITIVE,1.146934644,132.2666,1.7247,2.56E+02,1.39,19.7,5423,0.862,15.754
FALSE POSITIVE,1.245353252,132.21522,2.152,2.24E+02,1.48,20.3,5982,0.96,15.895
CONFIRMED,82.2001239,208.79417,10.627,2.34E+02,2.57,47.9,5758,1.704,11.696
CONFIRMED,15.3626052,145.5732,3.736,4.68E+02,1.8,19.7,5011,0.851,15.384
CONFIRMED,0.843379985,131.966174,1.4474,3.43E+02,1.7,53.6,4818,0.856,14.975
CONFIRMED,6.56606941,134.49512,1.8455,4.02E+02,1.83,25.8,4818,0.856,14.975
CONFIRMED,10.49566303,172.79335,4.7356,1.06E+02,1.34,48.7,6214,1.297,10.5
CANDIDATE,2.50343279,131.94522,1.534,1.16E+03,20.23,13.2,5174,0.84,15.601
CANDIDATE,96.4562198,214.74931,11.195,9.51E+02,9.1,54.6,7029,2.704,12.998
CANDIDATE,44.5643831,143.43526,7.874,3.61E+02,5.8,27,7029,2.704,12.998
CONFIRMED,1.34155642,132.73743,1.6462,5.82E+01,0.74,23.7,5779,0.97,12.299
CONFIRMED,8.48299282,132.96583,2.505,6.91E+01,0.8,21.3,5827,0.933,12.147
CONFIRMED,0.665025941,131.65962,1.7542,1.05E+02,1.11,26.5,5884,1.07,14.758
CONFIRMED,234.635652,172.64615,6.965,8.69E+02,2.56,26.7,5422,0.885,14.607
CANDIDATE,253.374581,235.74025,22.889,1.10E+03,19.25,99.9,5177,5.949,11.893
CONFIRMED,13.32191461,142.7235,6.213,1.34E+02,2.88,24.3,6995,2.274,13.228
CONFIRMED,7.69994466,134.39282,4.432,7.09E+01,0.92,17.4,5727,1.104,13.421
CONFIRMED,4.77466043,135.16338,3.804,5.43E+01,0.81,15.5,5727,1.104,13.421
CONFIRMED,29.39337161,209.06737,7.0445,3.27E+02,2.5,69.7,6075,1.352,11.485
CONFIRMED,2.164570593,131.83142,1.2862,5.25E+02,1.27,19.8,3941,0.554,15.877
FALSE POSITIVE,12.4258343,141.5311,28.1171,4.49E+02,2.75,72,6185,0.991,14.865
FALSE POSITIVE,0.873227249,132.23359,0.7948,2.22E+02,1.68,21.9,6341,1.111,15.153
CONFIRMED,2.88878583,132.33651,2.977,4.09E+01,0.84,17.2,5696,1.331,12.858
CANDIDATE,21.1181653,133.59196,9.734,1.13E+02,2.89,26.3,6461,2.566,12.199
CANDIDATE,5.06092282,134.47316,2.586,7.16E+01,0.98,15.7,5637,0.911,13.346
FALSE POSITIVE,7.37453336,131.55947,3.745,3.04E+02,87.08,33.1,5028,4.991,12.904
CONFIRMED,87.9724227,168.29785,14.638,8.67E+02,3.39,64.6,5837,1.159,14
CONFIRMED,0.568874717,132.048771,1.2177,3.78E+02,1.49,50.4,5223,0.78,15.23
CANDIDATE,0.910020582,131.99239,1.7956,3.58E+02,1.12,29.9,4297,0.533,15.381
FALSE POSITIVE,22.023514,135.18349,1.932,1.67E+03,4.79,10.2,5860,0.936,14.818
CANDIDATE,1.07808492,132.03683,0.8551,1.56E+02,1.01,22.9,4906,0.814,14.288
CONFIRMED,56.5732318,146.57984,4.188,6.89E+02,2.69,21.6,4701,0.775,14.889
FALSE POSITIVE,1.846861455,131.90493,1.6605,6.49E+02,2.23,35.9,5591,0.86,15.881
CONFIRMED,3.568099612,169.74278,3.2131,9.84E+01,1.36,52.5,6007,1.334,11.994
CONFIRMED,132.9955503,258.3961,7.436,1.28E+03,2.51,29.3,4523,0.659,15.028
CONFIRMED,6.002548291,171.71419,4.1628,2.02E+02,2.33,71.6,6204,1.36,12.73
CONFIRMED,11.44865823,141.38705,4.953,7.52E+01,1.32,21.9,6204,1.36,12.73
CONFIRMED,24.85466504,173.99971,9.182,7.76E+02,7.61,88,6967,2.527,12.059
CONFIRMED,60.92818866,173.37212,6.3336,7.56E+02,2.78,120.1,5638,1.023,12.193
CONFIRMED,8.512037736,174.909816,2.1861,5.98E+02,2.14,102.2,5767,0.881,12.549
FALSE POSITIVE,5.93720557,171.57597,4.882,3.71E+02,1.84,59.9,5857,0.712,13.799
FALSE POSITIVE,5.93719982,135.95338,3.95,1.76E+02,1.47,37,6102,1.026,13.021
FALSE POSITIVE,1.63345402,181.8556,3.817,3.59E+02,24.87,7.4,6283,1.091,12.179
CONFIRMED,3.247548814,171.27807,2.5146,2.10E+02,1.41,51.6,5703,0.975,13.1
FALSE POSITIVE,14.02245146,177.5952096,8.08619,2.01E+04,14.93,2707.7,6061,1.05,13.424
FALSE POSITIVE,2.442945167,171.09721,4.0145,6.78E+02,38.29,102.8,5657,1.428,13.771
FALSE POSITIVE,1.312459403,132.22569,1.459,3.69E+01,1.65,13.9,6543,2.507,12.524
CANDIDATE,11.1916199,138.04258,2.1,1.66E+02,1.47,11.9,5646,0.956,14.528
CONFIRMED,2.99792926,131.76579,4.398,4.54E+01,1.12,16,5888,1.645,12.003
CONFIRMED,60.8660974,179.28674,4.397,7.14E+02,1.39,15.4,3808,0.522,15.757
FALSE POSITIVE,2.11547854,132.0118,3.665,2.23E+02,1.66,21.6,6208,1.024,15.542
CANDIDATE,174.731515,252.5348,8.257,1.18E+03,3,16.5,5201,0.897,15.707
FALSE POSITIVE,5.54867998,133.9285,4.665,6.89E+01,0.68,15.4,5258,0.835,12.837
FALSE POSITIVE,1.22174063,132.0174,7.443,3.22E+01,0.46,19.4,5258,0.835,12.837
CONFIRMED,3.48412874,134.5504,1.422,1.62E+02,1.16,13.3,5696,0.921,14.953
CONFIRMED,13.74883059,179.279158,6.0968,4.26E+02,3.63,167.6,5862,1.67,11.565
CANDIDATE,0.858546796,132.14429,1.1,1.06E+02,0.88,12.2,5269,0.864,15.247
CANDIDATE,5.518195,136.584,1.81,2.71E+01,0.46,5.2,5767,0.881,12.549
CONFIRMED,4.603575293,171.840124,2.3499,4.40E+02,1.51,79.7,4783,0.741,12.97
CONFIRMED,24.30784323,178.36629,2.6054,6.77E+02,2.14,35.6,5313,0.82,12.63
CONFIRMED,19.67409703,176.27119,3.7535,2.05E+02,1.78,39,6023,1.031,12.797
CONFIRMED,3.487688776,170.932217,3.83661,1.30E+03,5.64,350.6,5576,1.593,13.77
CONFIRMED,81.737872,211.678818,6.6923,6.29E+02,2.16,135.4,5559,0.873,11.195
CANDIDATE,75.1122132,207.713987,4.9458,3.75E+03,23.23,384,6201,3.354,11.714
CONFIRMED,31.57865122,177.206237,2.12791,2.13E+03,4.52,324.3,5733,0.99,11.105
FALSE POSITIVE,110.3216727,197.365128,13.3624,7.30E+03,18.6,2217.1,9244,2.025,11.375
CONFIRMED,5.88527364,174.42554,1.9531,1.13E+02,1.59,27.4,6070,1.431,11.992
FALSE POSITIVE,1.086486129,131.96598,0.8383,6.60E+01,1.69,20.2,5911,2,12.988
CANDIDATE,3.76562031,131.75562,1.288,2.33E+02,19.39,14.6,5743,0.853,14.698
CONFIRMED,86.1160885,134.8808,6.058,8.75E+02,3.11,17.8,6161,1.053,15.831
CONFIRMED,3.61460332,133.09123,3.227,4.39E+01,0.9,15.4,5799,1.375,13.219
CONFIRMED,8.45744892,139.06689,3.2893,7.74E+01,1.02,31,5903,1.137,11.529
CANDIDATE,2.46288834,132.80114,1.724,4.74E+01,0.67,11.9,5893,0.967,13.308
CONFIRMED,3.82223397,132.14965,1.924,3.63E+02,1.05,15.9,3729,0.514,15.665
CONFIRMED,17.067644,145.56929,6.026,2.62E+02,1.62,13.5,6347,0.996,15.372
FALSE POSITIVE,5.78542702,137.09181,2.271,2.56E+02,1.91,15.4,6555,1.178,15.451
CONFIRMED,29.6099055,137.3316,7.433,1.20E+02,1.74,14.3,5812,1.122,13.619
CONFIRMED,3.42390809,132.88326,1.773,1.53E+02,1.25,13.1,5788,1.015,15.067
CONFIRMED,5.21104597,131.53797,3.3447,1.03E+02,1.18,36.9,6023,1.031,12.797
CONFIRMED,35.5969684,187.52765,6.691,6.85E+02,3.72,52.5,6212,1.209,12.351
FALSE POSITIVE,1.633107509,170.19649,1.491,6.08E+01,0.53,21.7,4579,0.684,12.843
FALSE POSITIVE,66.1544958,175.64641,6.945,1.97E+03,3.33,42.7,4679,0.643,12.655
CONFIRMED,11.57890926,175.58603,2.7207,2.43E+02,2.06,54.8,6156,1.303,12.459
CONFIRMED,10.10463142,135.55718,2.369,1.15E+02,1.59,24.1,6070,1.431,11.992
CONFIRMED,42.88247951,203.6483,9.7471,4.09E+02,3.61,112.2,6143,1.763,11.931
CONFIRMED,9.43414171,177.84346,2.8112,3.98E+03,5.73,40.2,5578,0.886,11.582
CONFIRMED,22.95062278,151.53259,4.4814,1.30E+02,2.17,32.9,6143,1.763,11.931
FALSE POSITIVE,498.391282,244.08166,6.135,1.59E+03,17.14,49.7,5134,3.107,12.193
CONFIRMED,125.6291479,253.35079,9.108,7.84E+03,10.02,150.4,5819,1.111,12.391
FALSE POSITIVE,45.1178526,156.99133,3.737,3.89E+02,2.78,17.3,5585,1.038,14.72
CONFIRMED,4.17939037,133.84818,2.647,1.73E+02,1.52,16.1,5633,1.162,14.927
CANDIDATE,10.9192653,134.26789,4.572,9.11E+01,1.9,15,5745,1.972,13.534
FALSE POSITIVE,0.803835923,131.80207,1.397,5.26E+01,0.78,12.4,6242,1.047,13.7
CONFIRMED,2.76263737,132.99574,1.821,1.85E+02,1.25,14.1,5772,0.901,15.4
CONFIRMED,11.9216035,137.47581,5.009,4.32E+01,0.87,15.1,6006,1.082,11.973
CONFIRMED,6.80257947,138.0478,4.608,3.27E+01,0.73,14.7,6006,1.082,11.973
CONFIRMED,8.70312154,140.15531,4.807,3.20E+01,0.72,13,6006,1.082,11.973
FALSE POSITIVE,1.332557603,132.05691,6.043,2.25E+02,19.88,28.1,6091,0.967,15.787
FALSE POSITIVE,11.32029599,177.08388,4.5866,4.30E+03,8.02,85,5780,1,13.29
CONFIRMED,26.723169,147.93696,8.501,1.95E+02,2.31,67.5,5862,1.67,11.565
CONFIRMED,16.39926461,131.96806,3.4108,2.21E+02,1.94,46.4,6156,1.303,12.459
CONFIRMED,18.73577127,177.634372,3.0356,5.67E+02,2.1,81.8,5188,0.795,12.99
CONFIRMED,8.43639829,179.88704,3.2451,3.46E+02,1.5,76.8,5188,0.795,12.99
CONFIRMED,13.78109471,177.852785,2.3188,7.56E+02,1.42,112.8,3846,0.503,12.925
CONFIRMED,23.08902241,171.007634,1.7012,5.98E+02,1.24,57.4,3846,0.503,12.925
CONFIRMED,6.02977241,132.48162,3.961,5.46E+01,1.18,11.5,5576,1.593,13.77
CONFIRMED,135.1879934,190.93292,8.8191,6.63E+02,2.32,85.8,5731,0.906,12.765
CONFIRMED,172.7046083,236.92574,11.347,6.59E+02,2.85,92.9,5851,1.116,12.209
CONFIRMED,988.8811177,239.224189,5.9504,5.06E+03,10.81,136.4,5755,1.549,13.293
FALSE POSITIVE,44.14599042,211.531127,3.4015,4.47E+03,121.48,99.6,6692,1.152,13.754
FALSE POSITIVE,1.411627439,178.263426,1.0814,5.15E+02,2.99,53.1,6692,1.152,13.754
CONFIRMED,19.27082584,182.5436,4.1281,6.66E+03,7.74,577.1,5779,0.956,13.803
CONFIRMED,5.05368985,135.11296,2.514,1.72E+02,1.21,11.5,5772,0.901,15.4
FALSE POSITIVE,4.39049637,134.12735,3.0112,1.14E+02,2.07,31.1,6429,1.908,13.33
CONFIRMED,13.1829329,141.82648,3.594,5.18E+02,1.84,13.8,5382,0.827,16.239
CONFIRMED,3.51575492,134.29974,1.381,2.37E+02,1.35,15.2,5094,0.901,14.897
CONFIRMED,87.5177787,201.15451,2.55,1.37E+02,1.85,12.2,5903,1.137,11.529
FALSE POSITIVE,14.0498182,140.50396,2.907,4.72E+02,1.45,14.5,4228,0.652,15.648
CONFIRMED,14.2563272,133.40971,4.796,2.06E+02,1.73,14.3,6140,1.027,15.192
CANDIDATE,4.21223579,132.9291,7.898,1.16E+02,1.04,12.8,5116,0.7,15.277
CONFIRMED,0.968980781,132.41921,1.517,1.19E+02,1.08,12.8,5866,1,15.415
FALSE POSITIVE,8.589562,132.0335,9.885,2.45E+02,15.95,14,5766,0.945,15.214
CONFIRMED,10.31282204,133.53528,2.0138,1.38E+02,0.59,22,3846,0.503,12.925
CONFIRMED,35.58349688,189.03562,3.9885,9.38E+02,2.03,90.8,4894,0.684,12.968
CONFIRMED,15.77111067,184.90347,5.0574,5.47E+02,2.62,123.2,5620,1.143,12.701
CONFIRMED,157.0659976,481.26942,8.1289,5.51E+02,2.63,50.9,5620,1.143,12.701
CONFIRMED,7.305706326,131.77905,1.4228,2.65E+02,2.11,43.6,5620,1.143,12.701
CONFIRMED,38.90787517,175.425847,4.5271,6.16E+03,7.98,366.1,5779,0.956,13.803
CANDIDATE,1.951082219,157.54316,1.6975,1.15E+03,10.35,30.1,5302,2.426,13.143
CONFIRMED,1.59295975,182.08924,1.9313,2.48E+02,1.48,48.9,5779,0.956,13.803
FALSE POSITIVE,4.94402197,173.75192,4.062,3.63E+02,32.92,33,6013,1.7,13.15
FALSE POSITIVE,6.71725648,170.99733,2.5207,2.73E+02,2.78,49.1,6078,1.683,13.319
CANDIDATE,23.1375919,152.17335,3.35,1.14E+02,1.83,12.9,6078,1.683,13.319
CONFIRMED,6.07032548,135.30933,1.341,3.12E+02,1.36,11.9,5076,0.763,15.489
FALSE POSITIVE,1.33256952,132.03835,2.915,1.64E+02,1.06,16.5,5547,0.82,15.983
CANDIDATE,18.9763286,134.83396,2.379,3.30E+02,2.24,11,5300,0.986,14.948
CANDIDATE,6.34724702,133.00398,3.097,1.60E+02,1.35,11.1,5300,0.986,14.948
FALSE POSITIVE,7.19552624,136.03008,4.095,2.15E+02,1.67,15.6,6242,1.093,15.614
CONFIRMED,7.36272124,136.86143,1.3287,4.29E+02,1.86,17.8,5868,0.894,14.941
CONFIRMED,10.6761592,140.59136,4.594,1.51E+02,1.79,14.1,6460,1.434,13.688
CONFIRMED,4.48494315,135.01836,2.752,1.35E+02,1.23,12.4,6217,1.051,14.879
CANDIDATE,10.76800074,138.50669,3.494,6.51E+01,0.92,14.2,5874,1.096,12.863
CANDIDATE,4.32848303,132.5128,2.955,3.55E+01,0.66,11.4,5874,1.096,12.863
CONFIRMED,49.3567907,134.29533,10.954,1.30E+02,1.91,35,5862,1.67,11.565
CONFIRMED,22.20809549,206.35965,7.3327,4.63E+02,3.02,92.7,6336,1.403,12.885
CONFIRMED,38.5833679,174.84868,12.391,1.39E+03,8.56,46.1,6273,1.927,12.211
CANDIDATE,46.15119482,176.626026,6.3427,1.82E+03,10.02,286,5877,1.963,12.711
FALSE POSITIVE,4.79179893,173.51679,2.9283,1.24E+02,26.26,46.3,6499,1.103,12.174
CONFIRMED,2.426304127,170.455517,2.6624,1.85E+02,1.41,97,5678,0.97,12.52
CANDIDATE,4.780327581,132.974086,2.0253,9.61E+02,7.14,380.8,5937,1.787,11.665
FALSE POSITIVE,3.741231778,171.70626,2.469,4.19E+02,1.55,66.6,5206,0.767,13.936
FALSE POSITIVE,1.168310132,170.604205,1.31,2.83E+02,1.43,64.7,5509,0.857,13.831
FALSE POSITIVE,25.9525478,174.84275,21.328,4.78E+02,74.69,57,5211,2.721,13.778
CONFIRMED,33.4160553,171.33696,8.605,2.76E+02,2.98,29.3,6007,1.42,13.954
CONFIRMED,12.6119685,138.1189,6.372,7.65E+01,1.33,12.2,6007,1.42,13.954
CANDIDATE,7.64809462,137.21737,2.216,1.96E+02,1.19,12.2,5641,0.85,15.267
CONFIRMED,0.636424848,131.68872,0.947,2.18E+02,1.31,18.1,5343,0.885,15.744
FALSE POSITIVE,8.55935323,137.22854,4.303,1.49E+02,1.21,20.4,6115,0.919,14.538
CANDIDATE,31.0209175,138.01479,2.012,8.60E+02,1.66,15.1,3720,0.48,15.572
FALSE POSITIVE,21.3419702,134.094,10.73,,,,,,13.87
CANDIDATE,2.118893997,132.8042,0.822,3.11E+02,1.41,11.3,5504,0.796,15.855
CONFIRMED,2.46050095,133.61605,1.861,2.77E+02,1.03,16.7,4811,0.634,15.245
CANDIDATE,7.49133777,135.31257,6.315,3.45E+01,1.01,14.4,6177,1.71,12.277
CONFIRMED,5.8660127,136.35647,3.985,1.83E+02,1.45,16.8,6020,1.04,15.273
CONFIRMED,23.9107056,150.5394,4.996,2.94E+02,1.91,12.9,6338,1.091,15.376
FALSE POSITIVE,23.83680888,173.7759431,6.02854,2.97E+04,59.31,2793.4,6095,1.94,13.722
CONFIRMED,4.62334491,132.37083,3.0189,6.20E+01,0.77,25.2,5678,0.97,12.52
FALSE POSITIVE,5.888835386,173.582863,3.7988,1.95E+04,584.67,208.2,5780,1,12.97
CONFIRMED,5.83599485,169.87446,2.062,5.53E+02,1.92,11.2,5423,0.828,12.465
FALSE POSITIVE,1.089077863,171.230501,2.4676,1.34E+02,1.96,104.8,6280,1.551,12.217
FALSE POSITIVE,7.86335883,171.00299,3.4303,4.67E+02,7.84,74.3,5731,1.913,12.94
FALSE POSITIVE,8.0970583,170.81044,5.699,6.81E+02,4.83,76.4,6573,1.455,13.11
FALSE POSITIVE,6.337614357,170.189414,1.742,1.81E+03,9.57,132.7,6581,1.536,13.406
FALSE POSITIVE,3.900140077,172.37193,3.77,5.43E+02,23.78,53.6,6407,0.955,13.561
CONFIRMED,5.0800579,174.42853,5.207,2.23E+02,3.95,56.7,6049,2.52,13.281
CONFIRMED,13.14496741,174.8467,3.6399,3.01E+02,1.59,44.1,5411,0.888,13.435
CONFIRMED,16.09196369,170.598832,2.8943,4.16E+02,2.13,84.9,5680,1.016,11.525
FALSE POSITIVE,161.239891,189.1791,24.472,1.08E+03,3.48,23,5514,0.826,15.648
CANDIDATE,5.4654174,133.58893,3.209,2.20E+02,1.23,14.2,5612,0.829,15.861
CONFIRMED,1.4951513,132.66025,3.43,5.20E+01,1.44,14.2,5635,1.452,14.22
CONFIRMED,20.3504704,142.7588,7.225,1.02E+02,1.01,16.6,5952,1.002,13.914
CANDIDATE,6.06664931,136.14365,1.962,6.53E+01,0.87,10.9,5569,0.892,13.163
CANDIDATE,2.184437698,133.67492,1.0422,1.55E+03,0.94,19.7,3421,0.25,16.946
CONFIRMED,4.13592927,133.53763,2.377,1.56E+02,1.43,15.2,5886,1.152,14.826
CONFIRMED,8.05337912,134.9588,5.382,3.83E+01,1.28,14.9,6231,2.062,12.086
CANDIDATE,15.2311195,143.73591,3.91,2.69E+02,1.94,13.1,5836,1.186,15.029
FALSE POSITIVE,23.6272223,173.65096,7.9,1.55E+02,3.84,65.8,8308,2.879,11.641
FALSE POSITIVE,8.97349999,171.03075,3.1408,9.35E+02,36,44.1,4751,11.536,12.96
FALSE POSITIVE,108.546946,151.1275,7.567,7.11E+02,29.67,15.3,4751,11.536,12.96
CONFIRMED,3.254277742,172.66256,2.9903,1.60E+02,1.38,58.6,5945,1.089,12.996
CONFIRMED,91.3514816,189.60082,8.707,2.10E+02,1.57,25.5,5945,1.089,12.996
FALSE POSITIVE,2.250826647,170.321819,1.536,5.34E+02,30.03,104.3,5779,1.119,12.82
CONFIRMED,31.1588249,173.90355,5.1803,9.59E+02,3.56,73.6,5951,1.155,13.838
FALSE POSITIVE,0.436282594,170.702041,1.3988,5.36E+02,83.25,218.3,8491,2.622,11.002
CONFIRMED,76.7324556,200.6722,6.243,6.86E+02,3.08,34.3,5951,1.155,13.838
CONFIRMED,13.89963233,182.864454,3.5791,1.12E+03,2.46,98.2,4538,0.663,13.577
CONFIRMED,6.14955931,169.55182,5.5694,3.34E+02,3.26,87.3,5687,1.775,13.644
CANDIDATE,4.8099878,133.00671,1.97,2.88E+02,1.59,13.6,5988,0.934,15.667
CANDIDATE,5.08288076,134.00557,2.515,1.08E+02,1.15,12.5,6217,1.083,14.207
CANDIDATE,31.0259489,158.5632,5.692,3.85E+02,1.91,12.7,6075,0.969,15.959
CANDIDATE,3.08942807,134.1999,3.214,8.53E+01,1.07,13.2,6137,1.103,14.829
CONFIRMED,44.8702042,141.11446,4.199,6.36E+02,2.56,16.4,6122,0.996,15.755
FALSE POSITIVE,4.8807805,133.705,9.4,7.90E+01,0.48,15.9,4763,0.516,14.203
CONFIRMED,4.45342418,133.09066,3.654,4.66E+01,0.9,16.3,6256,1.269,12.938
FALSE POSITIVE,2.21396685,132.56407,4.374,8.16E+01,0.84,19.1,5986,0.93,14.461
CONFIRMED,9.705693,140.3709,7.702,1.41E+02,2.07,14.2,5808,1.385,14.93
CANDIDATE,21.2360024,149.88083,4.019,1.04E+02,2.62,15.7,6035,2.559,13.371
CONFIRMED,8.31377304,175.99137,2.964,8.37E+02,2.74,19.6,5900,0.951,13.704
FALSE POSITIVE,8.58969597,174.9625,8.471,2.45E+02,20.8,45.9,6024,0.9,13.478
CONFIRMED,7.97420583,174.52718,5.3503,2.93E+02,1.85,55.1,5973,1.081,13.928
CONFIRMED,1.88899036,132.09517,3.486,5.90E+01,0.83,18.2,5973,1.081,13.928
CONFIRMED,18.68405716,170.83245,6.9329,3.82E+02,3.64,54.2,5548,1.614,13.497
CONFIRMED,21.41624083,176.24991,7.081,3.15E+02,2.09,42.7,6156,1.18,13.542
FALSE POSITIVE,12.28351275,174.36652,3.634,5.98E+02,74.76,23.4,6171,2.759,13.167
CONFIRMED,4.72674037,134.926396,2.9267,2.73E+02,1.56,287.8,5648,0.894,9.931
FALSE POSITIVE,6.77449545,171.0118,2.5416,4.82E+02,29.41,41.9,6517,1.342,13.889
CANDIDATE,14.59150445,180.851546,1.1295,1.49E+03,36.85,68,5940,1.312,13.311
FALSE POSITIVE,27.6776801,173.796579,2.1704,1.15E+04,14.41,431.6,6075,0.969,13.767
FALSE POSITIVE,0.605223042,131.75593,0.8986,2.32E+02,1.14,20.7,5089,0.757,15.248
CONFIRMED,25.5172744,154.4165,4.735,6.68E+01,0.83,13.5,5680,1.016,11.525
CONFIRMED,4.73292061,131.579,1.746,1.52E+02,0.97,15.5,5595,0.796,14.651
CONFIRMED,22.4765952,136.82336,3.437,4.81E+02,1.21,13.3,4563,0.567,15.037
CANDIDATE,1.242639742,131.88125,1.763,1.59E+02,1.02,16.1,5520,0.818,15.33
FALSE POSITIVE,25.503628,139.3578,3.913,2.04E+02,1.61,13.3,5815,0.877,14.746
CONFIRMED,14.8638496,142.95729,2.705,2.21E+02,2.9,12.3,5159,0.8,13.752
CONFIRMED,5.65245733,136.97891,2.062,1.21E+02,1.05,11.7,5159,0.8,13.752
CONFIRMED,10.9294815,141.5034,5.893,1.97E+02,1.21,14.3,5792,0.864,15.591
CANDIDATE,0.536650319,131.71106,2.383,4.19E+01,1.35,31,6020,2,12.649
CONFIRMED,5.45849914,172.08857,4.0448,2.56E+02,1.91,72,5914,1.135,13.046
CONFIRMED,13.28536452,169.86052,6.283,3.78E+02,4.03,26.8,6534,1.9,13.39
FALSE POSITIVE,8.4879444,176.92505,3.224,1.19E+02,1.23,19.5,6134,1.039,13.301
FALSE POSITIVE,46.56675437,196.31173,7.831,8.01E+02,5.25,111.3,6629,1.619,13.893
FALSE POSITIVE,19.5148412,132.60757,3.096,1.03E+02,2.8,13.1,7004,2.556,13.124
CONFIRMED,15.4130812,136.94324,6.6358,2.64E+02,2.59,55.2,6206,1.573,11.684
CONFIRMED,4.82051088,135.78541,3.588,4.09E+01,1.08,14.8,6046,1.396,12.861
CANDIDATE,6.09595681,134.59214,5.502,6.57E+01,1.26,18.1,6313,1.467,12.742
CANDIDATE,13.2511214,141.178,4.996,2.67E+02,1.98,15.2,5850,1.217,15.085
FALSE POSITIVE,5.76556718,134.96501,3.138,2.13E+02,1.66,17.6,6218,1.072,15.39
CANDIDATE,11.682369,134.8311,2.71,2.35E+02,1.45,11.2,6089,0.889,15.276
CANDIDATE,10.12956201,135.99804,3.044,8.13E+01,0.78,12.2,5383,0.842,13.573
CONFIRMED,15.6112238,144.8735,3.873,1.14E+02,0.91,15.7,5383,0.842,13.573
CONFIRMED,42.5217006,136.1274,5.723,6.86E+02,2.45,14.7,5911,0.914,15.761
FALSE POSITIVE,0.566805887,131.8203886,5.2317,1.70E+00,0.08,0.8,5000,0.549,14.648
CONFIRMED,6.69958851,134.1468,2.831,2.54E+02,1.24,13.6,5296,0.799,15.883
FALSE POSITIVE,14.17097278,175.60775,3.7316,1.35E+04,20.88,308.1,8347,1.715,11.054
FALSE POSITIVE,1.332562831,132.05088,6.24,2.98E+02,24.29,37.3,5718,0.863,15.846
CONFIRMED,2.39161966,133.07956,1.906,1.89E+02,0.93,13.6,4935,0.685,15.738
CONFIRMED,5.68879083,131.6672,2.55,2.42E+02,0.99,13.8,4234,0.639,15.561
CONFIRMED,2.31941571,131.93925,1.591,9.64E+01,1.24,11.7,5624,1.248,14.869
CONFIRMED,19.7830259,177.72013,5.4898,3.73E+02,2.1,41.8,5747,1.099,13.936
FALSE POSITIVE,10.43114677,133.936337,3.8853,2.94E+04,50.44,400.2,5780,1,13.761
CONFIRMED,7.0106324,174.57542,3.0688,3.27E+02,1.5,48.7,4908,0.782,13.448
CONFIRMED,3.10762684,132.63359,2.361,7.72E+01,0.73,15.6,4908,0.782,13.448
CONFIRMED,1.980356674,170.139601,2.4743,2.72E+02,2.1,71.9,6078,1.189,13.763
CONFIRMED,12.8344771,138.32626,3.846,2.81E+02,2.55,35,6078,1.189,13.763
FALSE POSITIVE,175.329014,230.9292,6.269,1.06E+03,27.03,16.7,6008,0.93,15.31
CANDIDATE,21.61313362,137.02689,1.52,8.18E+02,1.94,13.8,5267,0.632,15.862
CONFIRMED,2.7881793,131.84558,3.397,5.58E+01,1.02,17.7,5758,1.385,13.71
CONFIRMED,4.13827684,133.2285,3.449,6.38E+01,1.13,16.8,5758,1.385,13.71
FALSE POSITIVE,2.61846258,134.02945,3.505,2.75E+02,1.03,18.7,4266,0.643,15.593
CONFIRMED,29.72722,134.6581,3.45,1.01E+03,3.02,19.4,5815,0.877,15.855
CONFIRMED,18.01019956,179.42137,3.516,1.78E+02,1.93,43.4,5931,1.101,11.818
CONFIRMED,10.61368712,140.85316,3.498,5.60E+02,2.06,18.9,5815,0.877,15.855
FALSE POSITIVE,7.53887442,135.3319,3.147,3.42E+02,1.33,13.6,5318,0.667,15.504
FALSE POSITIVE,0.53633519,131.71447,1.0547,4.44E+02,1.81,29.9,5508,0.84,15.546
CANDIDATE,27.9430245,136.8697,6.125,3.09E+02,2.21,12.3,6468,1.25,15.243
CONFIRMED,8.07394097,540.04161,2.455,1.06E+03,1.59,16,3675,0.398,16.109
CONFIRMED,4.53702121,132.1846,1.813,5.04E+02,1.66,15.7,4805,0.688,15.689
CANDIDATE,0.977311489,131.70299,1.403,2.51E+02,1.06,14.8,4805,0.688,15.689
CONFIRMED,39.859505,154.7616,7.987,1.56E+02,1.62,13.9,5675,1.292,14.131
FALSE POSITIVE,23.6731242,160.628756,14.3948,2.31E+04,17.74,842.3,5769,1.177,13.057
CONFIRMED,7.170710381,176.666844,2.9225,8.63E+02,2.73,89.3,5497,0.941,13.338
CONFIRMED,4.699652821,177.61519,2.553,3.51E+02,1.74,41.6,5497,0.941,13.338
CONFIRMED,4.761705895,170.335759,3.3061,4.97E+02,2.75,138.5,5794,1.225,13.203
CONFIRMED,2.024143568,170.496204,2.5273,2.39E+02,1.94,88.4,5794,1.225,13.203
FALSE POSITIVE,1.371288853,131.93796,1.4528,6.62E+01,1.15,16.9,6220,1.108,13.328
CONFIRMED,11.87290814,180.895933,2.5342,3.33E+02,2.25,84.7,6147,1.04,11.072
CONFIRMED,1.638652525,132.29025,1.952,1.67E+02,1.29,16.4,6119,0.981,15.49
CONFIRMED,9.06687613,134.75185,3.381,3.67E+02,1.9,14.6,5142,0.789,15.737
CONFIRMED,4.0223109,135.17298,0.853,2.28E+02,1.37,11,5516,0.827,14.264
CONFIRMED,6.9131732,138.4219,4.73,3.91E+01,0.91,12.5,6296,1.444,12.788
CONFIRMED,7.32851947,132.12857,1.211,2.78E+02,2.33,14,5135,0.874,14.316
CONFIRMED,18.6052046,149.0376,6.829,2.43E+02,1.94,13.1,6572,1.238,15.665
FALSE POSITIVE,1.332562787,132.05138,6.28,1.11E+03,29.1,125.2,6091,0.967,15.952
CANDIDATE,0.896382269,132.29651,1.113,1.36E+02,1,11.7,5837,0.843,14.603
CONFIRMED,39.4420781,169.1411,7.029,1.72E+02,2.51,15.2,5430,1.902,14.268
CONFIRMED,10.27532513,177.27227,6.3093,2.10E+02,3.04,99.5,6150,2.086,11.02
FALSE POSITIVE,11.50528603,135.1016,2.098,2.60E+02,1.83,11.4,6355,1.108,15.191
CONFIRMED,26.62941953,191.99627,7.8709,4.93E+02,3.13,106.9,5866,1.417,12.747
CONFIRMED,296.6375817,403.672042,16.425,2.76E+03,7.56,250,5866,1.417,12.747
CONFIRMED,41.8085031,148.70814,7.797,1.90E+02,1.67,27.3,5794,1.225,13.203
FALSE POSITIVE,2.98786272,168.011233,2.5814,4.28E+04,17.82,98,5231,0.821,13.109
CONFIRMED,39.30944096,171.334861,5.77,1.13E+03,2.87,122.9,5607,0.863,13.4
CONFIRMED,29.88487723,173.194404,4.5612,1.28E+03,2.81,128.3,4883,0.749,13.34
CONFIRMED,12.92489803,170.78679,2.6811,9.59E+02,2.62,49.5,5103,0.768,13.524
CANDIDATE,11.45541896,136.32524,4.95,6.86E+01,1.12,15.8,6231,1.356,13.066
FALSE POSITIVE,0.575884418,132.00778,2.0734,2.72E+02,31.17,43.2,6290,1.044,15.024
FALSE POSITIVE,0.562555067,131.74958,1.7402,1.98E+02,1.21,21.7,5793,0.832,15.945
CANDIDATE,44.433726,162.9825,6.118,2.40E+02,1.85,8,5596,1.145,15.364
FALSE POSITIVE,0.993703494,132.142,0.7645,6.74E+01,2.32,14.5,6854,2.715,12.928
CONFIRMED,6.33125228,137.14149,2.688,3.07E+02,1.31,16.2,5383,0.759,15.411
CONFIRMED,24.2204192,146.42459,3.271,8.06E+02,2.1,14,5165,0.761,15.911
FALSE POSITIVE,30.9597053,139.43903,5.42,4.11E+02,16.63,13.7,4947,0.714,15.082
CONFIRMED,6.41491277,169.64044,3.3629,1.21E+02,1.4,51.1,5931,1.101,11.818
FALSE POSITIVE,93.881556,131.5771,20.644,1.89E+02,2.02,23.7,5676,1.487,13.29
CANDIDATE,3.91679553,133.60274,2.072,1.61E+02,0.85,13.2,4889,0.686,14.976
CANDIDATE,43.1024434,140.1394,7.124,3.00E+02,1.88,14.3,5741,1.097,14.914
FALSE POSITIVE,2.683395376,171.42605,1.8592,2.35E+02,2.55,52.9,6958,1.529,12.269
CONFIRMED,31.51779463,185.1533,7.634,3.58E+02,2.72,63.2,5611,1.4,12.848
CONFIRMED,8.12999858,134.10067,2.1492,1.48E+02,2.04,26.1,5611,1.4,12.848
CANDIDATE,31.4452709,154.58136,1.758,5.31E+02,4.55,12.7,6172,1.471,14.806
FALSE POSITIVE,66.46746217,160.47651,19.6638,1.26E+04,11.97,1049.3,5843,1.073,13.483
CONFIRMED,2.586639524,171.842572,2.253,2.18E+02,1.44,77.3,5780,0.966,12.872
FALSE POSITIVE,2.671942657,169.853908,1.9119,1.59E+04,22.36,97.5,6116,1.055,13.318
CONFIRMED,28.51117639,187.363955,4.5941,1.84E+03,3.27,145.5,4687,0.69,13.933
CONFIRMED,14.38682567,170.455049,2.1417,5.70E+02,2.54,61.7,5725,1.072,13.586
CANDIDATE,8.85686712,134.13633,0.606,3.19E+02,1.88,11.9,5017,0.797,14.589
CANDIDATE,12.99065074,177.23865,2.3748,3.92E+02,2.02,42.5,5787,1.027,13.387
CONFIRMED,331.5972732,140.498929,14.404,8.32E+03,10.89,355,5970,1.2,13.804
CONFIRMED,11.20058855,137.51003,4.562,2.20E+02,1.7,19.2,6038,0.898,14.982
FALSE POSITIVE,1.50179931,131.55611,3.275,1.00E+02,0.72,19.1,5024,0.736,14.762
CONFIRMED,17.83367834,181.233943,4.5112,3.27E+02,2.43,154.5,6407,1.337,9.364
CONFIRMED,19.55662003,189.04354,8.087,2.99E+02,2.45,111,5671,1.36,11.947
CANDIDATE,82.6595174,152.6726,3.48,1.27E+03,2.03,17.1,3952,0.553,15.995
CONFIRMED,2.03387483,131.91927,3.097,7.36E+01,1.6,15.7,5282,1.899,14.621
FALSE POSITIVE,5.07538255,133.92978,1.7,1.63E+02,1.74,16,5933,1.118,14.196
CONFIRMED,23.9553986,146.66221,3.204,2.29E+02,2.84,13.9,5011,1.781,14.553
CANDIDATE,24.3367026,154.3759,2.539,5.51E+02,1.95,13.4,5141,0.806,15.581
CANDIDATE,7.40985182,138.18222,1.131,2.01E+02,1.18,13.5,5462,0.836,14.449
FALSE POSITIVE,1.02425556,131.49437,2.6439,1.63E+03,29.83,40.6,5337,0.764,16.695
FALSE POSITIVE,4.63958598,172.21917,2.768,8.34E+01,1.52,28.1,6591,1.646,12.057
CANDIDATE,15.5943758,140.3138,7.367,9.54E+01,1.08,11.9,6249,1.076,14.456
CONFIRMED,34.4359387,193.038,5.82,4.25E+02,2.78,52.6,5929,1.363,12.674
CONFIRMED,5.317440164,171.875619,2.9331,2.93E+02,1.94,80.9,5923,1.054,12.324
CONFIRMED,10.10575764,135.50958,2.0138,1.17E+02,1.28,19.9,5923,1.054,12.324
CONFIRMED,28.86236571,178.48498,5.4033,4.49E+02,2.53,64.4,5725,1.088,12.935
CONFIRMED,210.6013843,147.056867,11.9922,4.16E+03,7.7,232.4,5970,1.2,13.804
CANDIDATE,75.731195,201.9685,4.859,2.50E+03,3.47,16.3,3891,0.564,16.279
CONFIRMED,59.7371443,158.95974,8.0006,5.66E+02,2.84,43.5,5970,1.2,13.804
FALSE POSITIVE,3.388887193,172.259054,2.4475,1.13E+04,10.72,162.9,5780,1,13.513
CONFIRMED,27.08239734,191.80728,5.0119,4.23E+02,3.25,40.9,5857,1.305,13.77
CANDIDATE,152.1060435,176.52741,7.4517,3.69E+03,11.58,116.3,6200,1.64,13.374
CONFIRMED,30.6528935,135.04211,4.99,2.70E+02,2.86,17.4,6200,1.64,13.374
FALSE POSITIVE,0.512869432,132.01554,4.015,2.31E+03,31.12,133.9,5853,0.895,16.095
CONFIRMED,5.19492747,131.62458,3.167,2.73E+02,2.03,16.5,6415,1.224,15.598
CONFIRMED,15.9314412,141.81212,2.435,5.57E+02,1.77,14.8,5380,0.721,15.688
FALSE POSITIVE,1.33251589,132.0842,4.216,1.41E+02,1.3,22.2,5701,1.068,15.255
CONFIRMED,28.227413,141.49504,5.782,1.11E+03,2.82,25.3,5858,0.849,15.873
FALSE POSITIVE,0.545544979,131.72408,1.954,9.26E+01,0.93,24.8,6050,0.92,14.914
FALSE POSITIVE,419.9750784,524.8465031,12.1687,2.75E+02,1.53,5.9,5316,0.872,14.427
CONFIRMED,4.76559056,133.50531,2.2,6.75E+01,0.92,15.2,5702,1.125,12.994
CONFIRMED,2.98618134,133.46926,2.969,1.23E+02,1.16,12,6173,1.041,15.33
FALSE POSITIVE,25.9200092,138.1757,5.609,3.31E+02,1.28,10.9,5517,0.704,15.406
CONFIRMED,6.17817366,168.8626,3.2601,1.02E+02,1.22,43.5,5931,1.101,11.818
FALSE POSITIVE,2.04516705,132.36168,3.625,1.55E+02,2.9,16.5,9206,2.157,14.978
CANDIDATE,7.25101997,138.1878,2.799,1.23E+02,0.91,12.2,5382,0.827,14.477
CONFIRMED,5.65178922,172.27915,3.0933,1.34E+02,2.03,39.5,6085,1.463,12.182
CONFIRMED,19.96367208,178.30806,2.6403,2.71E+02,1.5,36.3,5250,0.79,12.713
CANDIDATE,57.3840375,170.72723,4.336,2.42E+02,1.62,22.9,5250,0.79,12.713
CONFIRMED,1.541676547,170.543719,1.9118,2.97E+02,1.88,94.1,5533,1.089,12.899
FALSE POSITIVE,6.397185875,174.365353,5.8638,1.89E+04,15.02,394.7,5780,1,13.133
FALSE POSITIVE,2.976020742,171.65845,3.73,1.15E+02,2.07,60.6,5947,1.796,12.302
CONFIRMED,15.95995611,171.52098,4.3149,5.23E+02,2.27,70.9,5936,0.965,13.235
CONFIRMED,7.37867551,135.82271,3.349,1.25E+02,1.11,22.3,5936,0.965,13.235
CONFIRMED,4.903321801,172.900587,2.8887,3.35E+02,2.37,84.5,6045,1.298,13.174
CONFIRMED,1.82708193,170.52583,1.96401,1.16E+03,5.95,273.7,5311,1.769,13.807
FALSE POSITIVE,22.84524104,172.8026986,5.3007,4.57E+04,30.35,3845.4,5926,1.351,13.883
CANDIDATE,2.5738437,132.17126,1.92,4.66E+01,0.57,10.9,5115,0.854,13.632
FALSE POSITIVE,18.3980827,144.9175,4.438,1.45E+02,1.26,17.2,5605,1.015,14.168
CONFIRMED,11.62904159,132.82099,2.97,8.80E+01,1.31,13.7,5721,1.131,13.256
FALSE POSITIVE,13.6550963,137.52651,4.117,1.96E+02,1.35,14.6,6065,0.962,14.818
CONFIRMED,27.50871575,182.103494,5.9291,6.39E+02,2.98,190.3,5903,1.137,11.529
CONFIRMED,20.0708757,136.9462,6.354,4.06E+02,3.2,12.8,5902,1.513,14.935
CONFIRMED,98.353149,217.883,24.708,4.23E+02,4.13,30.5,6366,1.697,13.659
CANDIDATE,10.18318233,133.21404,3.137,5.15E+01,0.79,11.2,5843,1.084,12.857
CANDIDATE,6.2321233,135.2369,2.85,3.17E+01,0.61,8.5,5843,1.084,12.857
CANDIDATE,8.2942929,134.8478,3.976,3.68E+01,0.65,10.1,5843,1.084,12.857
FALSE POSITIVE,1.540411479,131.99239,1.703,1.07E+02,0.92,12.1,5769,0.812,14.991
FALSE POSITIVE,3.74785358,134.18012,3.713,9.82E+01,0.89,18.8,5706,0.886,14.323
CONFIRMED,25.75274977,136.43851,2.7678,7.39E+02,2.27,36.7,4963,0.826,14.55
CONFIRMED,10.16102353,172.000736,3.1627,1.65E+03,4.62,111.1,6032,1.06,14.633
CANDIDATE,12.82993461,169.944919,2.942,1.42E+03,3.31,79.6,5862,0.844,14.406
CONFIRMED,49.41121127,198.238709,5.278,3.18E+03,6.77,125.4,5768,1.015,15
CONFIRMED,36.8567758,138.90683,7.495,7.14E+02,2.68,43.8,5768,1.015,15
FALSE POSITIVE,35.080928,164.4576,6.92,1.01E+02,1.21,7.6,6007,1.126,14.089
CONFIRMED,10.39986173,141.51366,3.377,2.75E+02,1.5,22.8,4963,0.826,14.859
FALSE POSITIVE,0.828206212,135.722038,1.737,1.32E+02,3.88,68.1,5812,3.227,11.743
CONFIRMED,24.31574009,183.40875,4.1344,6.43E+02,2.8,42.5,6242,1.047,14.686
FALSE POSITIVE,199.443024,240.85148,7.409,4.04E+03,9.3,55.1,5646,1.153,14.546
CONFIRMED,39.6766071,178.55555,5.04,6.11E+02,2.29,24.9,5244,0.888,14.405
FALSE POSITIVE,358.66044,296.9516,16.732,1.34E+02,1.62,15.6,5619,1.406,11.443
CONFIRMED,4.454194254,172.8202233,2.3061,1.60E+04,11.76,1022.2,5359,0.915,14.995
CANDIDATE,809.0141881,250.634242,8.3017,1.63E+04,14.38,212.9,6230,1.047,14.74
CONFIRMED,21.0871953,202.858405,5.92691,8.89E+03,14.43,556.2,6266,1.522,14.327
FALSE POSITIVE,1.575631524,170.393276,2.59202,2.56E+04,28.66,465.4,6202,0.858,14.731
CONFIRMED,6.09855603,135.92906,2.9815,8.44E+01,0.84,24.8,5465,0.925,12.498
FALSE POSITIVE,203.250506,208.4914,9.81,2.39E+02,1.35,7,5600,0.872,15.204
CONFIRMED,16.54295261,169.65031,3.8516,7.26E+02,2.31,36.1,5215,0.867,14.687
CONFIRMED,11.0234748,171.114662,1.4814,1.80E+03,2.46,77.2,3744,0.537,14.273
CONFIRMED,34.18884323,193.38946,5.3278,1.06E+03,2.97,83.9,5515,0.925,14.106
CONFIRMED,4.30165843,172.311001,2.1055,7.39E+02,2.42,88.3,5480,0.865,14.332
CONFIRMED,7.650243513,171.972352,2.752,9.81E+02,2.3,98.8,5409,0.746,14.701
CANDIDATE,2.47240869,132.44084,1.87,4.75E+01,0.36,9,4729,0.525,13.831
CONFIRMED,4.592393816,172.004723,2.2748,1.03E+03,2.51,105.9,5351,0.796,14.868
CANDIDATE,11.53029332,173.726435,1.8385,1.21E+03,3.98,57.6,5770,1.152,14.539
CONFIRMED,5.859935955,132.040528,4.0185,3.23E+02,2.56,186.7,6181,1.424,11.018
CONFIRMED,2.104721971,171.044219,1.7547,9.06E+02,2.89,153.3,5703,0.975,14.427
FALSE POSITIVE,10.63624422,171.69616,5.055,2.32E+02,1.58,24.7,5834,0.774,14.433
CANDIDATE,7.9069765,138.427,4.634,1.26E+02,1.13,8.3,6347,0.996,15.372
CONFIRMED,6.412512953,169.879804,5.2677,1.16E+03,3.89,183.1,6026,1.108,14.684
CONFIRMED,2.019997006,170.07102,1.8073,3.33E+02,1.46,52.1,5103,0.787,14.137
CONFIRMED,3.763041531,132.59298,1.6011,3.55E+02,1.63,37.9,5103,0.787,14.137
CONFIRMED,6.521209629,175.7111,2.7975,7.60E+02,2.54,69.8,5822,0.898,14.856
CONFIRMED,6.996926239,175.914281,2.7374,1.32E+03,3.21,101.6,5713,0.893,14.807
CANDIDATE,13.9509565,144.287,5.231,3.57E+01,0.75,11.2,5888,1.227,12.4
FALSE POSITIVE,5.428344915,169.753676,1.8931,1.38E+04,14.88,140.2,5936,0.965,14.694
CANDIDATE,16.30141333,172.14753,3.5764,9.42E+02,3.84,62.4,6072,1.138,14.733
CONFIRMED,24.61480613,191.741225,2.6602,1.80E+03,4.2,68.4,5312,0.986,14.621
CONFIRMED,42.949522,153.73786,5.4154,9.59E+02,2.98,40.7,5312,0.986,14.621
CONFIRMED,117.033521,245.65151,6.822,7.70E+02,2.68,21.9,5312,0.986,14.621
FALSE POSITIVE,386.39833,365.94877,8.519,7.48E+02,2.2,4.9,5284,0.812,15.399
CONFIRMED,1.55400389,169.830304,1.7664,4.66E+02,1.59,82.1,5409,0.746,14.701
CONFIRMED,34.25951418,183.23718,4.7743,1.07E+03,2.41,66.1,5409,0.746,14.701
FALSE POSITIVE,23.8761144,143.07006,9.3113,1.61E+03,10.45,225.5,9974,2.533,11.409
FALSE POSITIVE,4.99270186,169.55323,3.1008,5.57E+02,26.6,42.3,5724,0.951,14.917
CONFIRMED,4.79860021,173.257466,3.0384,8.17E+02,2.51,88.1,5631,0.847,14.675
FALSE POSITIVE,7.7333361,133.58981,2.807,1.27E+02,0.57,9.3,3780,0.511,15.108
CONFIRMED,9.57665962,176.683759,3.3603,7.47E+02,2.88,82.6,5386,1.076,14.598
CONFIRMED,96.6781852,140.18339,5.6957,9.51E+02,3.29,44.7,5386,1.076,14.598
CONFIRMED,20.55280311,145.02837,2.2013,7.27E+02,2.99,42.4,5386,1.076,14.598
FALSE POSITIVE,2.023123903,170.513161,1.1829,1.29E+03,2.87,76,5559,0.803,14.977
CONFIRMED,10.94026745,170.30551,2.3494,5.39E+02,2.08,30.6,5749,0.864,14.909
CONFIRMED,19.5352551,148.20374,1.013,1.73E+03,0.53,5.9,2703,0.118,17.131
CANDIDATE,3.687469832,170.8803594,1.0668,5.06E+03,5.78,363.9,4004,0.606,14.418
CONFIRMED,151.863949,143.31451,8.577,7.47E+02,2.41,22.5,5713,0.893,14.807
CONFIRMED,5.945043548,170.472237,2.7004,8.00E+02,2.69,67.6,5105,0.868,14.808
CONFIRMED,65.7045275,137.44275,3.3104,6.36E+02,2.78,70.4,5918,1.043,11.667
CONFIRMED,17.73842886,148.99011,3.0049,6.06E+02,2.47,29.8,5105,0.868,14.808
CANDIDATE,84.799829,180.4426,15.21,5.61E+01,1.16,14.4,5619,1.406,11.443
CONFIRMED,9.93962361,131.58267,3.432,3.00E+02,1.93,21.5,5105,0.868,14.808
CONFIRMED,6.8731664,172.518826,6.8569,3.75E+03,13.44,535.5,6490,2.179,14.588
CONFIRMED,8.600099313,172.529281,4.0077,2.79E+03,4.17,209.2,5246,0.805,14.486
CONFIRMED,12.37646897,179.404945,2.7075,1.71E+03,2.53,81.2,4200,0.607,14.897
CANDIDATE,9.340538,135.12248,2.57,2.01E+02,0.84,11.1,4200,0.607,14.897
CONFIRMED,330.071558,340.9871,4.295,6.17E+02,2.94,10.6,5933,1.115,13.956
CONFIRMED,18.87022157,178.71167,3.1404,1.10E+03,2.82,72.7,5402,0.865,14.262
CONFIRMED,19.5776073,135.2032,3.382,9.81E+01,0.9,17.2,5465,0.925,12.498
CONFIRMED,17.20522898,175.05878,3.6688,1.08E+03,2.22,75.7,5211,0.689,14.472
FALSE POSITIVE,17.90766147,175.55977,5.396,1.09E+03,4.89,78.4,6153,0.993,14.162
CONFIRMED,22.18332255,169.49619,5.1364,7.48E+02,2.78,70.3,5565,1.03,14.118
FALSE POSITIVE,354.78194,175.7246,6.46,1.93E+02,30.53,7.7,5798,1.525,13.037
CONFIRMED,7.65880048,173.03964,3.0427,6.68E+02,2.19,57.6,5657,0.855,14.528
CONFIRMED,9.3789167,176.45197,3.3427,5.64E+02,2.03,42.6,5684,0.808,14.72
CONFIRMED,4.221626193,173.699895,3.0619,6.58E+02,2.87,83.7,6123,0.987,14.708
CONFIRMED,16.54967098,171.69398,4.3808,7.45E+02,2.95,46.8,5372,0.916,14.68
CONFIRMED,2.154911236,133.498613,3.1341,9.97E+01,1.42,83,6181,1.424,11.018
CANDIDATE,11.505879,136.2363,5.583,4.98E+01,0.99,12.5,6336,1.403,12.885
CONFIRMED,3.52467888,131.63994,2.484,1.30E+02,1.46,12.3,5372,0.916,14.68
CONFIRMED,6.400157105,174.02214,2.0004,7.43E+02,2.52,49.1,5299,0.766,14.613
CONFIRMED,2.437029217,170.73808,3.2005,2.44E+02,2.04,49,5573,1.329,14.573
CONFIRMED,9.9267215,175.68671,3.8428,7.26E+02,2.76,97.3,5475,0.982,14.129
CONFIRMED,21.22349325,170.37387,4.9416,5.83E+02,2.63,60.2,5475,0.982,14.129
CONFIRMED,6.47027706,136.50567,3.343,1.17E+02,1.15,18.3,5475,0.982,14.129
CONFIRMED,3.722158895,171.560055,1.9941,7.57E+02,2.33,70.3,5617,0.806,14.911
CONFIRMED,46.9026431,154.30327,3.9264,8.21E+02,2.6,40.6,5402,0.865,14.262
CONFIRMED,5.263415218,174.351207,2.1446,1.03E+03,3.77,117,6099,1.028,14.279
CONFIRMED,4.030466786,171.092308,2.7734,2.91E+03,4.48,227.4,5234,0.854,14.924
FALSE POSITIVE,9.27989,133.7457,3.33,1.64E+02,1.29,8.6,6052,0.967,15.28
CONFIRMED,328.240201,199.203375,12.2726,1.39E+04,10.99,287.6,5234,0.854,14.924
FALSE POSITIVE,22.26480657,173.103028,8.7941,1.94E+04,12.34,873.4,5681,0.813,14.626
FALSE POSITIVE,2.217038096,171.69587,1.8575,5.44E+02,3.23,49.5,6521,1.276,14.613
FALSE POSITIVE,8.874603,140.2954,2.88,9.33E+01,1.24,5.4,6517,1.278,14.613
CONFIRMED,4.393157678,172.867528,2.4455,4.47E+02,1.41,63,4799,0.692,14.023
FALSE POSITIVE,251.7512,271.06864,4.314,1.14E+02,1.25,7.5,5640,0.921,12.623
CONFIRMED,16.14567193,134.754877,3.7236,9.41E+02,2.48,242.7,4900,0.741,11.492
CONFIRMED,1071.232624,420.286557,16.1784,1.90E+04,9.27,544.2,4799,0.692,14.023
CONFIRMED,2.735900074,171.0964,1.9359,4.29E+02,1.56,44.5,5299,0.766,14.613
CONFIRMED,5.852968845,171.181624,4.5973,1.15E+03,3.46,152.4,6050,1.013,14.434
CONFIRMED,81.1701587,178.58702,8.358,1.18E+03,4.71,51,5460,1.165,14.499
FALSE POSITIVE,371.17573,458.7146,8.2,1.34E+02,4.07,12.1,9030,3.218,11.471
CONFIRMED,2.820190603,170.787705,2.554,4.68E+02,2.53,64.2,5831,1.121,14.665
CONFIRMED,21.21712312,171.64936,5.89,6.36E+02,2.97,56.2,6191,1.007,14.56
FALSE POSITIVE,200,171.27413,7.27,,,,,,14.133
CONFIRMED,15.77980122,175.96934,4.0369,5.41E+02,2.11,39.4,5941,0.911,14.608
CONFIRMED,14.03490255,171.60491,3.638,8.52E+02,2.41,60.9,5258,0.785,14.574
CONFIRMED,10.35586478,175.68106,2.8431,6.61E+02,1.92,49.5,4646,0.778,14.337
CONFIRMED,22.34296483,132.741641,6.66405,5.61E+03,9.99,1118.9,6181,1.331,12.205
CONFIRMED,11.38840217,174.55377,3.6949,4.38E+02,3.04,34.7,5876,1.456,14.615
CONFIRMED,20.5498184,178.946396,5.5484,1.56E+03,4.04,123.1,5688,0.971,14.534
CANDIDATE,934.0941846,657.26877,17.489,8.71E+03,7.89,135.5,5937,0.832,14.534
CANDIDATE,199.8392053,225.35896,4.378,4.45E+04,21.48,590.6,5457,0.869,14.74
FALSE POSITIVE,17.4217322,145.9011,4.718,2.08E+02,1.42,9.3,6052,0.967,15.28
CANDIDATE,15.84132627,177.142109,1.8215,3.11E+04,16.84,135.8,5119,0.702,14.497
CONFIRMED,5.931196562,174.796908,2.4999,1.01E+03,2.01,90.5,3984,0.539,14.258
CONFIRMED,0.837491225,131.574858,1.796,1.90E+02,1.43,189.5,5676,1.044,10.961
CONFIRMED,7.40611676,134.07481,2.8826,4.18E+02,1.37,49.6,4799,0.692,14.023
CONFIRMED,21.803708,139.07199,3.369,2.46E+02,1.11,18.5,4799,0.692,14.023
FALSE POSITIVE,4.66229074,169.65558,3.73,3.45E+02,24.12,29.8,6191,1.025,14.367
CONFIRMED,29.9111886,194.71129,6.6436,9.42E+02,2.9,50.8,5275,0.969,14.424
FALSE POSITIVE,2.908453928,170.12474,2.5363,4.28E+02,19.44,40.4,5786,0.824,14.722
CONFIRMED,25.69581456,188.78889,4.0251,1.13E+03,1.7,45.1,3787,0.477,14.885
FALSE POSITIVE,25.70280003,194.82512,3.1644,5.62E+03,33.1,67.9,5532,0.835,14.917
CONFIRMED,13.64617478,180.34991,3.4098,6.33E+02,2.06,43.4,5569,0.829,14.748
CONFIRMED,3.213668926,123.611878,3.98235,7.28E+02,4.13,346.9,5795,1.545,12.211
CONFIRMED,8.13121389,137.99254,4.2386,1.12E+02,1.58,55.3,6181,1.424,11.018
CONFIRMED,41.8854433,178.6919,6.763,6.87E+02,3.28,47,5735,1.028,14.35
CONFIRMED,13.81733587,135.03413,4.261,2.23E+02,2.04,20.4,5735,1.028,14.35
CONFIRMED,52.8148051,164.90456,7.309,5.54E+02,3.33,27.4,5565,1.439,14.915
CONFIRMED,8.30783912,171.17201,3.1516,7.78E+02,2.15,66.4,5320,0.786,14.813
CONFIRMED,34.0963441,153.82654,3.896,4.73E+02,1.71,21.5,5320,0.786,14.813
CONFIRMED,6.45442931,173.21478,2.6772,5.86E+02,2.48,45.3,6092,0.943,14.854
CONFIRMED,3.595769013,170.36915,3.1569,3.84E+02,2.39,45.9,5762,1.196,14.827
CONFIRMED,52.6615266,183.52054,3.1592,1.08E+03,1.87,38.4,3984,0.539,14.258
CONFIRMED,1.902208647,170.449657,2.19877,2.34E+03,4.45,363.2,5400,0.937,14.313
CANDIDATE,20.605501,146.5069,3.793,3.71E+01,0.85,11.1,6099,1.308,11.049
CONFIRMED,15.90688891,177.9305,3.9879,9.25E+02,2.35,75,5097,0.797,14.172
CONFIRMED,4.973455252,170.885791,1.6519,7.42E+02,2.46,65.4,5097,0.797,14.172
FALSE POSITIVE,30.5528972,173.90269,5.269,8.65E+02,30.74,35.6,6284,1.138,14.532
FALSE POSITIVE,4.804469031,169.63529,3.4587,7.44E+02,3.35,67.3,5470,0.809,14.873
CONFIRMED,1.616883373,169.80396,1.6325,4.37E+02,4.47,43.9,4868,1.816,14.411
CANDIDATE,9.5539134,135.5281,5.261,2.68E+01,0.68,13.1,6175,1.307,11.714
CONFIRMED,13.19322809,175.6096,5.0036,5.86E+02,2.94,50.9,5946,1.223,14.606
CONFIRMED,10.31174786,134.07991,3.1818,2.76E+02,1.34,81.7,4900,0.741,11.492
CONFIRMED,4.42535097,134.56312,3.504,1.79E+02,1.63,22.1,5946,1.223,14.606
CONFIRMED,4.302139338,173.438922,2.0289,7.47E+02,2.46,65.5,5041,0.857,14.707
CONFIRMED,3.137845914,133.55689,1.91,3.06E+02,1.5,30.8,5041,0.857,14.707
CANDIDATE,6.77067637,133.34914,5.982,6.58E+01,1.9,19.6,6337,2.335,11.915
FALSE POSITIVE,3.74782314,171.66634,5.133,4.23E+02,25.59,53.8,6161,1.053,14.763
FALSE POSITIVE,1.09173174,170.37724,1.9719,1.87E+02,1.07,32.2,5354,0.788,14.689
CONFIRMED,20.68420772,170.19034,6.4415,8.59E+02,3.28,59.6,6246,1.092,14.896
CONFIRMED,50.6985408,141.31813,5.972,6.11E+02,3.58,30.1,5876,1.456,14.615
FALSE POSITIVE,2.9926465,170.80128,1.81,1.06E+02,0.89,16.1,5718,0.863,14.396
CANDIDATE,0.589376952,131.8694,1.71,8.07E+01,0.93,11.4,5714,1.015,15.367
CONFIRMED,39.7529915,175.46244,4.9641,5.49E+02,2.37,40.9,6072,1.01,14.292
CONFIRMED,9.99760285,171.78828,3.4423,6.39E+02,2.82,39,6004,0.977,14.957
CONFIRMED,90.4117992,208.5028,7.106,1.27E+03,3.96,35.4,6004,0.977,14.957
CONFIRMED,13.54057461,171.67762,4.4673,4.61E+02,2.17,53.3,5767,1.014,14.002
CONFIRMED,1.732346403,134.53123,2.2139,1.82E+02,1.37,41.2,5767,1.014,14.002
CANDIDATE,1.74610057,131.7921,1.299,5.42E+01,1.24,9.2,4854,1.749,13.884
CONFIRMED,7.0257409,133.62713,2.245,1.91E+02,1.56,21.2,5767,1.014,14.002
CONFIRMED,16.21774917,180.0425,4.9274,7.58E+02,2.22,80.3,5837,0.798,14.2
CONFIRMED,11.72291212,177.3196,4.2064,4.92E+02,2.08,58.8,5550,0.953,14.112
FALSE POSITIVE,8.661374,177.5427,2.972,1.60E+02,1.32,4.7,6250,0.986,14.66
CONFIRMED,9.66857386,174.53483,2.4656,4.12E+02,1.9,36.9,5288,0.836,14.272
CONFIRMED,7.053527145,176.474146,2.3982,1.48E+03,2.16,92.3,4041,0.567,14.804
CONFIRMED,9.521644639,177.484839,2.3569,1.49E+03,2.16,79.2,4041,0.567,14.804
CONFIRMED,3.072146607,134.030017,1.8732,5.39E+02,1.3,44.9,4041,0.567,14.804
CONFIRMED,4.645382149,134.58939,2.0271,5.66E+02,1.33,40.4,4041,0.567,14.804
CONFIRMED,9.82578495,131.42495,5.2498,4.33E+02,2.66,38.1,6246,1.092,14.896
CONFIRMED,25.30291816,188.060148,4.4903,2.11E+03,3.95,117.7,5121,0.888,14.773
CONFIRMED,21.30020491,189.70595,4.0852,6.60E+02,2.99,58.1,6008,1.168,14.02
CONFIRMED,289.864067,133.69719,7.565,5.29E+02,2.34,57.4,5516,0.886,11.664
FALSE POSITIVE,10.29767658,131.73374,6.649,6.56E+02,39.14,57,5671,1.608,14.565
CONFIRMED,51.0674355,147.60941,4.374,5.98E+02,2.44,18.7,6004,0.977,14.957
FALSE POSITIVE,199.9976349,250.97231,3.43,,,,,,14.949
CONFIRMED,1.682695938,170.453117,1.3867,7.04E+02,1.23,75.4,3669,0.47,14.818
CONFIRMED,17.30795548,176.94326,5.1126,6.33E+02,3.56,46.4,5565,1.439,14.915
CONFIRMED,10.42367744,138.009041,5.2257,7.77E+02,3.72,204.4,6181,1.331,12.205
CONFIRMED,2.09227115,133.06258,2.4062,2.08E+02,2.06,30,5565,1.439,14.915
CONFIRMED,45.29422297,138.678725,6.83,4.77E+02,2.26,134.8,5676,1.044,10.961
FALSE POSITIVE,260.2071733,258.34887,6.59,,,,,,14.707
CONFIRMED,16.70920628,174.75417,2.7052,8.40E+02,2.27,40.4,4621,0.668,14.427
CONFIRMED,28.55158187,185.47672,4.1502,8.08E+02,1.97,36,4621,0.668,14.427
FALSE POSITIVE,4.045057186,172.68365,2.9954,7.53E+02,30.33,62.2,5906,0.87,14.865
CONFIRMED,10.13958818,178.45074,2.6446,1.16E+03,1.68,40.3,3893,0.5,14.902
CONFIRMED,43.5859419,194.6107,4.6814,1.71E+03,2.05,38.9,3893,0.5,14.902
CONFIRMED,0.986785834,133.171292,1.1879,4.50E+02,1.19,51.5,4041,0.567,14.804
CANDIDATE,24.7962801,170.32595,8.33,5.74E+02,2.7,43.6,5770,1.141,14.612
FALSE POSITIVE,5.91037674,171.15166,3.421,2.57E+02,1.38,34.5,5515,0.867,14.276
CONFIRMED,27.4536146,145.02866,3.747,1.36E+02,0.95,27.5,4900,0.741,11.492
CONFIRMED,8.22241355,172.95657,2.71,1.47E+03,2.28,67,4213,0.615,15
FALSE POSITIVE,0.635587392,133.41665,4.7,1.48E+02,28.58,40.9,5671,1.608,14.565
CONFIRMED,13.02363236,178.52482,3.9734,6.07E+02,2.3,50.5,5627,0.945,14.07
CONFIRMED,11.6370303,178.84448,3.3372,6.04E+02,2.9,36.4,5576,1.198,14.943
CANDIDATE,6.93650854,133.98309,3.674,8.87E+01,1.51,11.3,6615,1.574,12.209
CONFIRMED,5.68798675,133.95607,2.2682,4.76E+02,2.76,33,5576,1.198,14.943
FALSE POSITIVE,3.055171082,171.099046,1.6798,8.67E+03,35.24,143.2,6237,0.987,14.741
CONFIRMED,5.40426917,172.18553,2.5315,8.61E+02,2.85,40.5,6122,0.964,14.697
CONFIRMED,11.67894236,131.5119,1.2641,1.19E+03,4.17,23.1,6122,0.964,14.697
CONFIRMED,1.208462378,133.67712,1.544,2.27E+02,1.64,17.4,6122,0.964,14.697
CONFIRMED,2.85188338,132.1455,2.666,1.15E+02,1.23,10.1,6123,1.107,15.649
CONFIRMED,12.91385906,177.27535,5.3685,4.88E+02,2.49,40.5,6253,0.997,14.647
CONFIRMED,54.31996151,161.239869,8.5858,1.98E+03,6.07,291.3,6181,1.331,12.205
FALSE POSITIVE,252.0792347,240.234923,3.9808,5.58E+03,41.07,104.1,6348,1.014,14.183
FALSE POSITIVE,27.04627886,171.95525,2.666,9.01E+02,3.54,48.8,6332,0.915,14.173
FALSE POSITIVE,3.723560726,172.17977,3.435,5.40E+02,3.46,58.9,6535,1.181,14.93
CANDIDATE,18.3848331,135.4745,3.545,1.52E+02,1.15,10.3,5083,0.872,14.685
CONFIRMED,3.705991661,169.94286,5.1658,5.01E+02,2.43,100.3,6187,1.034,14.641
FALSE POSITIVE,5.188671659,125.879388,5.0534,5.49E+02,5.2,331.6,9523,1.941,10.96
FALSE POSITIVE,2.236100588,169.64852,1.8643,2.72E+04,55.59,43,5708,0.795,14.549
CONFIRMED,40.606895,199.25748,5.756,6.58E+02,2.67,36.3,5538,1.027,14.56
CONFIRMED,13.76710058,174.81089,2.9105,6.85E+02,2.24,41.6,5001,0.76,14.194
CANDIDATE,2.2165905,131.5607,1,2.87E+01,0.48,2.8,5397,0.831,11.799
CONFIRMED,6.1954595,134.71507,2.952,2.96E+02,1.37,27.1,5001,0.76,14.194
CONFIRMED,3.25058201,133.69472,2.2537,2.18E+02,1.19,24,5001,0.76,14.194
CONFIRMED,8.34819209,136.84111,2.835,2.89E+02,1.45,22.1,5001,0.76,14.194
FALSE POSITIVE,2.399069173,171.45413,3.2576,2.87E+02,1.78,37.8,5654,1.001,14.888
CANDIDATE,3.65849707,170.54381,2.573,4.40E+03,14.61,47,5857,1.822,14.545
FALSE POSITIVE,91.172033,154.9657,6.676,3.69E+02,1.58,7.3,5552,0.836,15.927
CONFIRMED,3.701765401,172.44778,2.6061,2.88E+02,1.63,35.9,5252,0.898,14.759
CONFIRMED,86.4943704,181.88967,7.471,9.95E+02,3.07,42.6,5252,0.898,14.759
FALSE POSITIVE,5.17968868,136.46144,3.7256,1.22E+02,18.91,48.4,5761,0.815,11.871
CONFIRMED,51.84688984,170.08076,4.7769,9.64E+03,8.73,257.2,5227,0.838,15.342
CONFIRMED,4.180048081,173.719249,2.4479,1.77E+03,3.44,124.3,5227,0.838,15.342
FALSE POSITIVE,68.832195,172.12379,3.31,6.78E+02,2.35,8.2,5687,0.86,15.762
CONFIRMED,1.729367077,133.81929,1.7442,4.84E+02,1.82,44.7,5227,0.838,15.342
FALSE POSITIVE,5.26640614,173.833637,3.6163,5.93E+04,38.05,339.9,5916,1.175,12.947
FALSE POSITIVE,44.18938922,209.98968,6.8151,4.29E+03,14,102,6061,0.968,14.882
CONFIRMED,29.00789166,170.55349,5.0274,9.06E+02,2.64,44.1,5295,0.801,14.805
FALSE POSITIVE,47.878243,193.20518,4.066,9.10E+02,8.15,30.9,4254,0.624,14.261
CANDIDATE,2.433703498,133.83759,0.975,2.58E+02,1.66,10.2,5251,0.778,15.409
CONFIRMED,13.69942266,171.48036,4.3409,1.29E+03,3.85,120,5541,1.089,14.619
CONFIRMED,4.309381978,134.03552,2.8977,3.11E+02,1.89,42.3,5541,1.089,14.619
CONFIRMED,4.9213639,174.299322,1.8806,7.61E+02,2.14,77.7,5076,0.799,14.196
CONFIRMED,87.0912594,187.31231,7,1.13E+03,2.95,41.8,5001,0.76,14.194
FALSE POSITIVE,1.583160478,169.965242,1.1935,7.33E+02,3.27,97.7,6063,1.012,14.731
CANDIDATE,7.9788198,132.2596,2.874,8.38E+01,0.99,8.3,5553,1.098,14.754
CONFIRMED,18.49234792,173.49816,3.4744,1.66E+03,3.34,61.4,5289,0.838,14.915
CONFIRMED,7.930583519,169.516944,3.6083,8.26E+02,3.05,89.9,5674,1.032,14.387
CONFIRMED,7.07136119,139.98763,2.757,6.57E+01,0.63,22.4,4900,0.741,11.492
FALSE POSITIVE,9.50150926,175.67002,6.852,5.10E+02,25.77,34.8,5938,0.908,14.799
CONFIRMED,15.65563866,170.78358,3.9305,9.56E+02,2.55,53.2,5185,0.837,14.97
CANDIDATE,10.52286678,137.78844,1.911,1.30E+02,23.26,10.1,5548,1.614,13.497
CONFIRMED,9.17858526,173.08746,2.1945,7.97E+02,2.3,50.6,5506,0.788,14.874
FALSE POSITIVE,4.33144839,173.69466,2.58,2.16E+02,1.07,17.3,5344,0.728,14.791
CONFIRMED,23.67513153,179.27676,4.647,9.80E+02,2.76,32.6,5309,0.781,14.721
CONFIRMED,29.19899219,185.440631,5.1227,2.05E+03,4.15,171,5376,0.94,14.001
CONFIRMED,160.0191598,251.28261,5.472,1.55E+03,4.28,49.6,5376,0.94,14.001
FALSE POSITIVE,7.05185637,133.3669015,3.69,,,,,,11.665
CONFIRMED,10.85409593,138.608031,3.7768,1.03E+03,2.99,252.8,5465,0.925,12.498
CONFIRMED,55.3291399,186.31545,6.918,3.26E+02,1.67,21.8,5376,0.94,14.001
FALSE POSITIVE,17.17732821,170.54643,7.6702,2.44E+04,15.29,1357.5,6032,0.973,14.923
CONFIRMED,7.064252021,135.379512,1.3867,7.29E+02,2.37,52.5,5076,0.799,14.196
CANDIDATE,53.71798494,208.08042,4.104,3.15E+03,155.12,103,4959,21.449,14.708
FALSE POSITIVE,43.501748,164.2859,10.755,1.67E+02,10.1,9.5,4604,6.221,12.495
CONFIRMED,19.44639139,170.10238,3.6227,9.26E+02,3.24,82.4,5815,0.954,14.248
CONFIRMED,6.91986988,134.11594,3.4253,1.70E+02,1.39,25.6,5815,0.954,14.248
CANDIDATE,105.8817667,156.97935,18.044,1.56E+03,10.16,301.8,5903,2.499,10.775
CONFIRMED,16.6658994,180.20215,4.1934,7.54E+02,2.85,60.8,5674,1.032,14.387
CONFIRMED,4.16696628,169.715517,2.7535,8.78E+02,2.74,80.1,5456,0.943,14.883
FALSE POSITIVE,0.535224793,131.73629,3.3402,2.29E+02,1.09,48.8,5044,0.738,14.937
CONFIRMED,11.46347165,137.38521,2.599,1.05E+03,3,56.5,5456,0.943,14.883
CONFIRMED,39.6034,168.07114,6.487,5.73E+02,2.22,25.8,5456,0.943,14.883
CONFIRMED,2.940304817,169.90496,2.7226,4.72E+02,2.59,51.8,5527,1.054,14.532
CONFIRMED,5.378868001,169.61512,2.7222,4.83E+02,1.86,60.6,5077,0.774,14.005
CONFIRMED,15.28467725,175.62345,6.0768,3.21E+02,2.7,38.1,5763,1.374,14.519
FALSE POSITIVE,73.506021,163.5692,5.734,4.86E+02,2.37,11.3,6215,1.052,15.42
CONFIRMED,21.05349939,171.92457,7.1605,4.97E+02,2.75,39.1,5751,1.247,14.854
CONFIRMED,127.905412,246.46401,14.475,4.02E+03,8.03,171,5751,1.247,14.854
CONFIRMED,6.21716039,131.71857,4.4289,2.11E+02,1.81,25,5751,1.247,14.854
FALSE POSITIVE,21.05647572,171.133613,1.238,1.29E+03,5.05,52.1,6156,1.118,14.169
FALSE POSITIVE,31.80514278,186.38905,7.6213,4.68E+03,34.82,161.3,5931,0.863,14.517
CANDIDATE,4.57797412,135.63058,2.862,1.25E+02,0.96,9.6,5795,0.848,15.302
FALSE POSITIVE,37.60936976,190.724991,6.8615,2.76E+04,15.8,971.1,5600,0.896,14.026
FALSE POSITIVE,49.26678528,191.187887,5.5692,8.49E+03,929.36,309,5988,1.143,14.385
FALSE POSITIVE,3.613757526,171.422542,5.9128,4.87E+03,7.05,591.2,5986,0.906,14.915
CONFIRMED,7.381980206,173.072659,3.1152,1.43E+03,3.42,101.6,5559,0.914,14.985
CONFIRMED,17.58751692,176.077382,4.3773,1.38E+03,4.03,109.4,5433,1.107,14.743
CANDIDATE,3.01609637,131.55327,1.57,1.96E+02,0.96,8.1,4245,0.637,15.673
FALSE POSITIVE,11.34436822,172.84392,5.558,5.86E+02,17.21,52.2,5594,0.752,14.41
FALSE POSITIVE,1.576341127,170.88145,3.1232,3.35E+02,2.96,88.7,5087,1.666,14.111
CONFIRMED,18.47762694,185.269061,1.94,2.60E+03,1.55,75.7,3395,0.283,14.708
CONFIRMED,58.36205791,196.555405,6.3363,5.37E+03,7.02,286.6,5592,0.953,14.361
CONFIRMED,5.350156114,195.761347,2.2647,7.65E+02,2.6,87.1,5592,0.953,14.361
CANDIDATE,21.9424316,143.8807,7.447,7.27E+01,1.23,10.7,6052,1.424,13.716
CONFIRMED,6.38899658,175.4761,3.5032,5.43E+02,2.89,45.8,5527,1.054,14.532
CONFIRMED,14.62709685,136.23467,4.097,3.96E+02,2.7,22.7,5527,1.054,14.532
CONFIRMED,35.1184432,152.12282,4.59,5.42E+02,3.26,20.4,5527,1.054,14.532
CONFIRMED,8.00579096,170.50325,3.0549,6.30E+02,2.36,69.2,6032,0.935,14.209
CONFIRMED,4.26374378,133.72073,2.2725,1.82E+02,1.28,23.8,6032,0.935,14.209
CANDIDATE,330.025002,364.8075,6.659,2.59E+02,5.92,12.2,6126,3.466,12.668
CONFIRMED,84.6877524,150.57084,10.0248,3.48E+02,3.37,95.1,6688,1.79,11.642
FALSE POSITIVE,2.340523247,170.19754,3.156,1.75E+02,1.4,37.2,6056,0.981,14.3
CONFIRMED,25.85499978,192.57484,3.8737,6.11E+02,2.4,31.7,6122,0.964,14.718
CONFIRMED,10.68758211,169.93115,3.3812,7.78E+02,2.64,78.9,5788,0.848,14.338
CONFIRMED,20.30303506,176.8028,4.5038,5.33E+02,2.16,44.7,5788,0.848,14.338
FALSE POSITIVE,39.0930875,147.6774,5.687,4.76E+02,2.99,10.1,6072,1.193,15.514
CONFIRMED,12.56096618,166.79483,3.7647,9.23E+02,2.74,55.1,5559,0.914,14.985
CONFIRMED,30.8261043,153.01503,5.914,7.42E+02,3.18,32.3,5559,0.914,14.985
CONFIRMED,3.696121272,134.5014,2.463,3.83E+02,1.78,130,5465,0.925,12.498
CONFIRMED,3.42806306,132.36268,2.417,1.78E+02,1.21,16.6,5559,0.914,14.985
CONFIRMED,13.24931848,179.52171,4.4859,6.48E+02,2.86,87.8,5799,1.078,14.15
FALSE POSITIVE,22.4098677,147.38366,2.271,6.98E+01,0.73,11.9,4900,0.741,11.492
FALSE POSITIVE,363.706662,204.02069,8.553,1.62E+03,5.26,43.7,6240,1.064,14.188
CANDIDATE,9.391039263,170.539799,2.8386,2.90E+03,11.73,141,5944,1.498,14.663
CONFIRMED,18.00932214,182.441015,4.9611,3.00E+03,4.96,245.2,5815,0.877,14.794
CONFIRMED,22.18431824,174.597325,3.0397,1.59E+03,3.18,87.6,5157,0.818,14.767
CANDIDATE,77.4794704,154.70734,10.1151,1.24E+03,10.33,72.6,6711,2.909,10.143
FALSE POSITIVE,0.80489537,132.0521644,0.92,,,,,,11.427
FALSE POSITIVE,276.3236015,162.1955353,9.8964,8.13E+01,1.21,4.6,6528,1.26,12.431
CONFIRMED,5.28691996,135.85427,2.579,4.15E+01,0.51,15.8,4900,0.741,11.492
CONFIRMED,6.51003001,172.91588,3.3095,6.03E+02,2.78,48.1,5638,1.153,14.825
CONFIRMED,35.18105723,170.09969,7.545,9.88E+02,4.17,63.1,6520,1.215,14.856
FALSE POSITIVE,11.75560012,176.07519,4.7,6.49E+02,22.39,46.3,5644,0.806,14.356
FALSE POSITIVE,17.79421914,169.605214,4.1918,1.55E+03,25.27,111.5,5485,0.805,14.427
FALSE POSITIVE,6.12601169,134.83637,1.733,4.02E+01,0.83,7,5679,1.286,12.975
CONFIRMED,29.02235217,198.37025,4.0263,6.38E+02,2.55,41.4,5788,0.848,14.338
CONFIRMED,3.383540239,169.63859,1.403,2.56E+02,1.65,36.2,5300,0.986,14.14
CONFIRMED,2.358952404,132.68957,1.593,9.41E+01,0.96,17.3,5300,0.986,14.14
CONFIRMED,20.72904234,185.43113,2.8066,5.62E+02,1.94,31.6,4979,0.803,14.458
CONFIRMED,1.632916419,134.54956,1.5599,2.09E+02,1.13,31,4979,0.803,14.458
CANDIDATE,11.1438086,131.725,7.905,4.17E+01,0.75,10.9,6095,1.11,13.556
FALSE POSITIVE,7.216951388,176.283024,1.89082,4.28E+03,41.57,312.2,6266,1.056,14.454
FALSE POSITIVE,15.85238672,174.22654,5.179,9.29E+02,32.21,36.5,5903,1.005,14.508
CONFIRMED,4.147021189,170.325835,2.8997,3.68E+03,7.31,421.2,5818,1.205,14.288
CONFIRMED,15.22895514,176.56001,2.5967,1.12E+03,3,63.8,5456,0.812,14.769
CONFIRMED,24.67458244,146.77261,3.2648,6.51E+02,2.33,31.9,5456,0.812,14.769
CANDIDATE,32.526674,137.3054,6.842,2.05E+02,1.26,9.7,5668,0.868,15.23
CANDIDATE,10.32906563,174.608213,1.44,2.31E+03,6.17,114.8,6228,1.049,14.711
CONFIRMED,3.750832927,171.151696,1.9457,2.40E+03,4.61,212.5,5776,0.95,14.749
CONFIRMED,21.34736612,171.73531,4.184,6.31E+02,3.2,53.1,5395,1.071,14.415
CONFIRMED,7.81100952,132.30566,3.231,1.27E+02,1.36,15.8,5395,1.071,14.415
CONFIRMED,4.243748097,173.563074,3.3603,1.41E+03,3.16,139.8,5873,0.843,15
FALSE POSITIVE,2.404483552,133.170974,0.2961,8.00E-01,0.48,0,6050,2.345,13.173
FALSE POSITIVE,13.54204116,171.09767,3.334,3.39E+02,2.01,26.4,5891,1.015,14.53
CONFIRMED,2.752359689,171.259808,2.0722,7.92E+02,2.54,115.7,5461,0.897,14.034
CONFIRMED,13.98177862,181.975114,2.958,1.02E+03,2.09,95.6,4859,0.651,14.287
CONFIRMED,44.0003975,210.76222,5.1115,6.00E+02,1.56,43.3,4859,0.651,14.287
CONFIRMED,247.354914,364.15832,8.677,1.29E+03,2.29,49,4859,0.651,14.287
FALSE POSITIVE,462.12069,307.6255,10.42,6.34E+02,2.46,9.9,6079,0.974,14.936
FALSE POSITIVE,12.39894005,172.78184,4.262,7.03E+02,4.06,50.7,6355,1.108,14.755
CONFIRMED,207.5829306,289.88311,7.0686,5.05E+02,4.52,70,6688,1.79,11.642
CONFIRMED,7.26731094,174.31292,2.2691,6.59E+02,1.14,47.8,3751,0.443,14.625
CONFIRMED,13.3430025,176.90387,2.7399,8.00E+02,1.29,47.1,3751,0.443,14.625
CONFIRMED,3.886795001,133.32959,1.7574,4.71E+02,0.97,41.8,3751,0.443,14.625
CONFIRMED,22.40777833,153.79858,3.2881,6.61E+02,1.15,33.9,3751,0.443,14.625
FALSE POSITIVE,20.35509657,175.3437299,5.33265,2.51E+04,17.53,1703.2,6081,1.077,14.557
FALSE POSITIVE,5.92240377,173.81802,3.691,4.13E+02,2.77,44.4,6081,1.077,14.557
CANDIDATE,166.7876551,245.143036,5.8676,4.76E+03,7.03,183.8,5663,1.031,14.11
CONFIRMED,77.6114427,164.7292,7.1786,8.15E+02,2.59,100.5,5465,0.925,12.498
CONFIRMED,18.20795835,185.84306,3.7965,1.60E+03,3.08,157.3,5176,0.738,14.29
CANDIDATE,49.537365,172.1948,9.862,2.02E+02,1.48,10.1,6118,1.023,15.451
CONFIRMED,12.70636123,180.63164,2.395,8.72E+02,2.75,54,5573,0.839,14.673
CONFIRMED,10.94577783,176.71834,3.0937,5.33E+02,2.84,52.5,5888,1.097,14.282
CONFIRMED,28.9869016,134.7812,3.6233,4.72E+02,2.7,31.5,5888,1.097,14.282
CONFIRMED,94.886902,214.82879,6.923,6.42E+02,4.24,25.5,5888,1.097,14.282
CONFIRMED,5.03505665,132.65597,1.804,1.52E+02,1.63,16.6,5888,1.097,14.282
FALSE POSITIVE,24.7222403,146.4611,4.53,2.90E+02,1.31,9.3,5481,0.778,15.857
CONFIRMED,11.90352088,178.34161,4.297,6.33E+02,2.56,47.2,6063,1.001,14.939
CONFIRMED,9.286964466,135.9945,3.3649,6.92E+02,2.1,251.9,5546,0.81,11.898
CONFIRMED,34.0350605,134.42752,6.695,7.28E+02,2.76,41.3,6063,1.001,14.939
CONFIRMED,12.75934489,170.32152,3.5889,8.82E+02,2.58,70.4,4963,0.826,14.55
CONFIRMED,5.433132902,138.36644,2.4012,3.28E+02,1.61,33.1,4963,0.826,14.55
FALSE POSITIVE,0.967427812,132.258305,5.8883,9.13E+03,29.01,323.4,5066,0.709,15.826
CONFIRMED,10.64021008,179.77776,5.4381,4.55E+02,2.87,58.6,6112,1.233,14.173
CONFIRMED,4.93883135,135.95465,4.388,1.24E+02,1.44,21.3,6112,1.233,14.173
CONFIRMED,5.996533443,172.50558,3.3129,7.11E+02,2.96,70.5,5622,1.089,14.674
CONFIRMED,2.06190864,133.19888,1.9743,2.14E+02,1.63,27.9,5622,1.089,14.674
CONFIRMED,20.13490007,171.36734,3.7962,1.04E+03,2.98,64.7,4963,0.826,14.859
CANDIDATE,24.0721647,148.9637,3.171,1.77E+02,1.1,6.7,4352,0.613,15.073
CONFIRMED,88.2553729,153.77974,4.539,1.13E+03,2.96,54.2,5176,0.738,14.29
CANDIDATE,19.19310355,176.966757,2.5425,6.81E+03,12.23,258.5,5883,0.892,14.847
FALSE POSITIVE,22.41831984,172.797099,5.349,1.19E+04,9.94,944.4,5324,0.813,14.479
FALSE POSITIVE,20.13147772,189.390784,3.2806,8.24E+03,39.89,427.5,6003,0.932,14.519
CONFIRMED,6.010383339,174.084883,2.1939,2.65E+03,3.8,276.1,4882,0.738,14.247
CANDIDATE,80.881757,136.6708,12.568,1.43E+02,2.27,12.2,5934,1.885,13.698
FALSE POSITIVE,1.334101467,133.703081,2.1033,1.21E+02,1.74,43,6178,1.58,12.161
CANDIDATE,9.250572762,135.407531,3.6373,1.04E+03,96.08,351.4,8133,3.294,11.31
CONFIRMED,8.1808949,176.69885,2.7546,7.24E+02,2.1,48.7,5081,0.77,14.802
CONFIRMED,15.31296388,171.79412,3.0935,8.65E+02,2.34,45.3,5081,0.77,14.802
CONFIRMED,18.42794957,178.43963,2.9264,7.07E+02,2.24,36,4768,0.779,14.958
FALSE POSITIVE,8.8249556,131.7064,2.976,1.21E+02,1.1,8.6,6078,0.994,15.154
FALSE POSITIVE,7.30497811,169.64592,4.5414,1.09E+04,10.86,69.6,5247,0.744,15.765
FALSE POSITIVE,5.115750935,173.26599,2.5378,1.06E+03,60.74,51.8,6398,1.101,15.132
FALSE POSITIVE,1.213745575,170.582782,5.5835,2.01E+03,21.69,213.7,4820,0.661,15.825
CANDIDATE,7.189379172,170.117783,2.0351,8.13E+03,11.94,288.5,6214,1.076,15.356
FALSE POSITIVE,1.423799421,169.67436,1.4866,2.01E+03,4.69,125.3,5962,1.019,15.623
CANDIDATE,1.8134378,132.6703,7.776,9.74E+01,0.69,19.1,5094,0.7,13.961
CONFIRMED,14.78767172,176.79399,6.1191,7.82E+02,3.46,39.4,5814,1.248,15.344
CONFIRMED,4.16536757,132.04068,3.2935,1.20E+02,1,30.4,5604,0.912,13.307
CONFIRMED,14.48584765,175.00624,3.1365,4.57E+02,2.88,52.2,5784,1.085,13.946
CONFIRMED,40.6992062,172.57123,7.074,4.30E+02,3.2,38.5,6419,1.362,13.949
FALSE POSITIVE,4.532402495,171.92667,3.12,3.39E+02,3.69,43.1,5575,1.173,13.932
FALSE POSITIVE,25.273355,134.5501,34.48,4.96E+02,24.74,16.9,5313,0.976,14.5
CONFIRMED,15.45805668,173.782454,8.79536,4.25E+03,9.11,1055.9,5868,1.407,13.398
CANDIDATE,562.1725914,185.968547,9.8841,5.88E+03,10.9,208.4,5589,1.289,13.916
CANDIDATE,278.1243979,177.51831,3.978,2.30E+03,5.86,58.5,5799,1.05,13.714
CANDIDATE,4.034914368,172.257813,1.7874,8.00E+02,6.95,92.6,5548,1.793,13.831
CONFIRMED,3.173914037,170.92525,3.6069,3.03E+02,3.07,76.1,6432,1.584,13.949
FALSE POSITIVE,379.11996,267.6893,7.22,1.11E+03,2.74,9.2,5546,0.81,15.496
CANDIDATE,52.51354873,171.6745959,3.2743,1.43E+04,12.43,825,5589,0.98,13.579
CANDIDATE,4.17838675,171.98866,2.123,3.16E+02,3.13,15.1,5746,1.687,13.813
CONFIRMED,9.84824649,138.38845,5.7471,4.37E+02,2.68,25.3,5814,1.248,15.344
CONFIRMED,19.7243672,135.05923,7.202,5.78E+02,3.57,26,5814,1.248,15.344
CONFIRMED,51.75530504,271.08808,7.4355,6.09E+02,2.61,116.9,5979,1.005,12.596
CANDIDATE,16.2982201,134.7404,2.558,1.99E+02,0.78,7.9,3905,0.521,14.709
CONFIRMED,7.38443269,137.47412,5.7351,3.50E+02,2.42,23.7,5814,1.248,15.344
FALSE POSITIVE,7.06115081,169.86425,3.547,1.53E+03,171.85,60.4,5795,0.848,15.592
CANDIDATE,2190.701035,140.04806,19.891,1.87E+03,3.12,94.8,4965,0.736,12.96
CONFIRMED,7.23858162,171.21912,3.1199,2.68E+02,1.34,41.6,5411,0.831,13.359
CONFIRMED,161.4746786,170.60338,10.572,8.28E+02,3.25,47.8,5761,1.044,13.871
FALSE POSITIVE,6.277827312,172.5786,8.6841,1.86E+03,4.87,191.3,6077,0.891,13.851
CONFIRMED,16.71987303,171.40143,3.317,5.23E+02,2.52,19.2,6020,1.085,13.034
FALSE POSITIVE,12.01166109,176.6358115,3.77516,1.43E+04,55.2,1898.4,6753,2.396,13.252
CONFIRMED,3.275821982,170.25357,3.0427,2.75E+02,3.54,64.4,6185,1.972,13.992
CONFIRMED,15.87360981,182.40408,3.5246,4.16E+02,1.53,38.4,5656,0.737,13.766
CONFIRMED,12.3860474,132.8175,2.604,1.51E+02,1.11,9.1,5121,0.888,14.773
FALSE POSITIVE,1.360834768,169.709729,1.4886,1.57E+03,7.24,169.8,6215,0.872,13.591
CONFIRMED,7.256962446,134.023923,4.9402,4.63E+02,3.53,168.3,5858,1.549,12.702
CONFIRMED,29.66631669,189.36948,8.412,6.68E+02,2.83,95.3,5956,1.098,13.965
CONFIRMED,16.2254975,144.02673,6.471,1.20E+02,1.21,20.3,5956,1.098,13.965
CONFIRMED,1.260258822,170.408984,1.8594,1.13E+03,3.57,128.2,5550,0.954,15.342
CANDIDATE,3.29534567,132.48799,1.902,1.42E+02,1.23,10.4,5550,0.954,15.342
FALSE POSITIVE,0.542122617,131.98408,1.283,8.83E+01,0.94,16.3,5875,0.998,14.661
CONFIRMED,5.25449393,132.55624,3.078,1.69E+02,1.41,12.6,5550,0.954,15.342
CONFIRMED,5.924993927,169.71629,2.8874,1.61E+03,3.15,68.5,5016,0.679,15.644
CONFIRMED,11.34934848,134.31805,3.1101,1.25E+03,2.39,41.7,5016,0.679,15.644
FALSE POSITIVE,26.94927489,177.968689,10.6977,2.00E+04,7.37,415.7,4723,0.512,13.771
CONFIRMED,23.6421965,172.58844,5.018,1.10E+03,2.9,97.2,5750,0.882,13.595
CONFIRMED,67.0930642,146.57047,7.334,1.25E+03,3.51,73.7,5750,0.882,13.595
CONFIRMED,17.97979816,182.24179,5.5828,4.59E+02,2.89,43.9,6141,1.352,13.5
CONFIRMED,30.99664113,191.78502,2.9182,6.55E+02,2.43,59.9,5324,0.853,13.332
CONFIRMED,2.462344253,171.84315,1.8113,1.80E+02,1.33,42.1,5736,1.008,13.648
CONFIRMED,4.822969318,134.43535,0.8752,3.32E+02,2.22,36,5736,1.008,13.648
CANDIDATE,6.0799457,136.444,2.706,5.51E+01,0.86,7.3,6008,1.168,14.02
CONFIRMED,28.7796446,193.30374,8.349,2.53E+02,1.95,36.5,6000,1.044,13.949
CONFIRMED,15.66057688,146.3487,7.012,3.84E+02,2.05,67.5,6000,1.044,13.949
CONFIRMED,17.42115972,184.245906,4.9974,9.28E+02,3.11,114.3,5679,0.972,13.939
CONFIRMED,3.13295351,135.67494,2.2207,4.35E+02,1.39,23.9,5016,0.679,15.644
CONFIRMED,18.64349986,141.62687,1.8491,8.13E+02,2.14,16.1,5016,0.679,15.644
FALSE POSITIVE,93.803766,170.55916,2.946,4.60E+02,2.05,8.6,5559,0.914,14.985
CONFIRMED,24.5434566,187.92215,7.2518,1.15E+03,3.08,64.5,5955,0.91,15.344
CONFIRMED,51.07926451,185.18087,6.3729,7.37E+02,2.75,126.8,5833,1.022,12.772
CANDIDATE,70.2780911,151.32941,2.466,7.82E+02,2.54,14.9,5955,0.91,15.344
CANDIDATE,9.9664004,141.15324,5.0127,1.62E+03,16.89,125.9,6638,3.079,12.598
CANDIDATE,14.85185526,177.9987,3.5263,1.34E+03,2.73,58.3,4129,0.652,13.583
FALSE POSITIVE,4.350413063,171.43565,1.7694,1.93E+02,1.26,37.8,5978,0.876,13.211
FALSE POSITIVE,1.376384817,169.72919,1.745,3.66E+02,1.47,47.8,5278,0.746,13.992
FALSE POSITIVE,45.97786182,240.597609,7.4493,2.39E+04,17.09,1283.6,5761,1.096,13.725
CONFIRMED,29.90721859,175.29337,4.8475,5.88E+02,2.16,79.8,5739,0.896,13.437
FALSE POSITIVE,7.03380109,174.15772,6.4185,1.39E+02,2.61,46.7,6122,1.934,13.357
CANDIDATE,56.391062,167.579,5.7,2.04E+03,3.58,11.4,4406,0.628,16.324
CONFIRMED,3.032147946,171.734281,3.8627,4.89E+02,3.62,103.1,5827,1.447,13.684
CONFIRMED,15.96532718,142.178033,4.5837,4.82E+02,3.33,144.2,5880,1.433,12.287
FALSE POSITIVE,12.71871149,172.995345,2.48998,8.38E+03,120.02,550.2,6120,1.596,13.816
CANDIDATE,22.34213536,171.55939,6.461,2.26E+03,5.19,51.9,5237,0.707,15.637
CONFIRMED,18.79418506,177.79426,3.2906,1.53E+03,2.33,40.2,4126,0.602,15.962
CONFIRMED,6.73893544,135.28218,2.813,6.01E+02,1.44,24.2,4126,0.602,15.962
FALSE POSITIVE,14.49839316,182.679596,3.7343,3.27E+03,5.16,125.6,5268,0.735,15.684
CONFIRMED,10.3392408,170.38549,3.075,1.18E+03,2.98,51.4,5730,0.87,15.282
CONFIRMED,8.50339249,170.86894,2.9569,1.89E+02,1.95,28.5,5877,1.265,13.716
CONFIRMED,23.7832097,179.75013,7.939,2.57E+02,2.01,38.3,5877,1.265,13.716
FALSE POSITIVE,3.041547148,170.4878722,3.22798,2.07E+04,60.05,1670.6,6431,1.295,13.705
CONFIRMED,5.16949729,170.31339,4.5122,2.11E+02,2.06,66.2,6011,1.409,13.55
CANDIDATE,10.47490332,171.99906,33.7939,1.17E+03,15.45,150.5,6526,3.232,13.22
FALSE POSITIVE,5.41460536,174.65563,33.787,4.08E+03,116.93,294.4,6033,2.943,13.633
CONFIRMED,30.86436512,172.93477,2.9557,5.51E+02,2.23,51.8,5677,0.828,13.58
CONFIRMED,9.36059705,171.97292,3.2069,2.37E+02,1.42,42,5677,0.828,13.58
CONFIRMED,14.6672293,145.42058,3.742,1.98E+02,1.21,30.5,5677,0.828,13.58
CONFIRMED,68.1609897,187.03346,5.662,2.96E+02,1.45,25,5677,0.828,13.58
CONFIRMED,13.28689997,172.11932,3.2825,1.04E+03,2.78,41.3,5730,0.87,15.282
CONFIRMED,1.287076693,169.815491,1.4942,7.29E+02,1.39,65.2,3736,0.525,15.488
CANDIDATE,61.858947,191.9736,21.32,7.08E+01,2.47,9.1,5529,2.817,12.045
CONFIRMED,17.6717714,186.3704,3.4202,9.19E+02,2.44,36.2,4869,0.687,15.556
FALSE POSITIVE,23.35534139,169.8339432,4.60672,3.85E+04,21.55,1144.3,5754,0.905,15.278
CONFIRMED,23.44970494,182.92295,8.6567,3.16E+02,2.71,67.9,6188,1.524,13.31
CONFIRMED,1.73513619,135.060047,2.2741,9.53E+02,3.27,473.2,5751,1.071,12.566
CONFIRMED,11.95474513,178.721694,2.1433,9.03E+02,5.15,96.3,5059,1.657,13.594
FALSE POSITIVE,42.55930625,204.130006,3.0148,2.30E+03,5.45,60.9,6032,0.924,13.909
CONFIRMED,16.08065726,182.7601,2.8701,3.08E+03,4.43,195.9,5303,0.817,13.653
CONFIRMED,18.16407304,180.812425,2.9355,9.43E+02,1.98,99.7,4926,0.662,13.725
FALSE POSITIVE,7.334073405,137.1334748,2.7308,3.27E+02,1.42,2.6,5985,0.758,13.265
CONFIRMED,5.71489692,170.921904,2.3572,4.26E+02,1.33,73,4926,0.662,13.725
CONFIRMED,122.3858681,150.41158,7.123,7.11E+02,1.72,46.3,4926,0.662,13.725
FALSE POSITIVE,1.274840187,169.86973,14.833,2.29E+02,66.76,79.3,5365,2.872,13.759
CONFIRMED,179.609803,295.330361,13.755,1.27E+03,5.47,184.6,5880,1.433,12.287
FALSE POSITIVE,1.368617188,169.95175,1.6235,1.27E+02,1.84,44.4,6561,1.584,13.361
FALSE POSITIVE,1.125963085,169.634,1.5034,1.46E+02,1.41,43.1,6225,1.116,13.858
CONFIRMED,8.59481851,171.62781,3.254,3.37E+02,1.75,37.5,5675,0.915,13.984
CONFIRMED,10.22215697,135.89017,1.1939,2.38E+02,1.72,13.6,5675,0.915,13.984
CONFIRMED,25.6721559,192.09679,5.9629,3.87E+02,2.68,78.4,6034,1.179,13.004
CONFIRMED,151.8851881,176.41272,12.091,3.61E+02,2.47,46.3,6034,1.179,13.004
FALSE POSITIVE,1.065731229,132.039287,1.7499,3.64E+03,384.26,109.2,6244,10.105,13.151
CONFIRMED,18.39629744,185.13946,2.7838,6.80E+02,2.47,58.4,5316,0.804,13.704
FALSE POSITIVE,1.012672041,170.189232,3.0512,1.20E+03,5.89,237.4,6663,1.338,13.788
FALSE POSITIVE,28.71421614,182.608668,6.0624,4.37E+04,42.19,1230.7,6706,1.417,13.765
CONFIRMED,21.77568158,189.63828,7.9588,7.98E+02,4.76,117.3,5900,1.694,13.988
CONFIRMED,41.0283424,172.57481,9.8052,5.41E+02,3.92,66.5,5900,1.694,13.988
FALSE POSITIVE,0.83442282,131.7827,1.873,5.09E+01,0.64,8.8,5838,0.897,15.271
FALSE POSITIVE,1.906633332,170.064102,3.0825,2.68E+02,2.72,83.3,6736,1.243,13.429
CONFIRMED,4.069425638,171.017743,2.0396,5.49E+02,1.53,68,4671,0.68,13.872
CONFIRMED,4.06844957,132.27614,2.8349,7.98E+01,0.98,29.3,5751,1.071,12.566
CONFIRMED,16.28247625,180.79815,2.9227,7.93E+02,1.88,60,4671,0.68,13.872
CONFIRMED,3.162692075,169.64186,1.9529,5.04E+02,2.61,75.4,5821,1.085,13.989
CONFIRMED,31.7848157,135.87105,8.8077,4.45E+02,3.55,57.6,5900,1.694,13.988
CONFIRMED,13.17555999,143.6789,6.6677,2.80E+02,2.82,48.8,5900,1.694,13.988
CONFIRMED,5.66815821,131.88743,4.9064,1.20E+02,1.85,27.3,5900,1.694,13.988
CONFIRMED,17.40665216,171.00688,6.864,5.87E+02,2.95,85.7,6086,1.216,13.998
CANDIDATE,3.07365139,134.17117,2.102,9.05E+01,0.79,9.6,6068,0.831,14.894
FALSE POSITIVE,6.41496453,132.86482,3.9015,2.01E+02,25.79,53.1,6170,1.183,12.385
CONFIRMED,5.370639542,172.23815,2.1121,4.91E+02,2.54,58.8,5821,1.085,13.989
CONFIRMED,11.32977062,133.96755,3.845,1.62E+02,1.37,18.5,5821,1.085,13.989
CONFIRMED,23.20579353,180.7628,4.3243,3.43E+02,5.86,46.9,5460,3.231,13.413
CONFIRMED,6.07972016,170.58389,7.1228,2.91E+02,2.32,77.9,5460,1.346,13.532
CANDIDATE,275.07365,315.2486,3.37,2.29E+02,1.86,7.5,5604,1.187,10.15
CONFIRMED,14.40090414,174.98964,4.1682,3.80E+02,2.71,41.1,5815,1.198,13.909
CONFIRMED,7.69363627,176.5035,5.0324,2.95E+02,2.12,55.1,6086,1.216,13.998
CONFIRMED,21.3851584,178.78285,4.0819,6.64E+02,2.17,67.3,5376,0.825,13.94
CONFIRMED,5.37493289,170.93379,3.9567,1.56E+02,2.12,49,6167,1.689,13.294
CONFIRMED,8.58600968,137.95984,3.3443,1.02E+02,1.84,23.2,6167,1.689,13.294
CANDIDATE,4.50158249,134.1153,1.855,1.76E+02,0.73,9.7,4339,0.553,15.142
CONFIRMED,3.88688862,132.4955,3.683,5.83E+01,1.29,20.8,6167,1.689,13.294
FALSE POSITIVE,2.192009479,171.671953,2.9453,1.48E+03,35.9,131.2,5499,1.125,14.687
FALSE POSITIVE,8.254912972,174.43554,6.8822,1.92E+04,11.86,438.2,5366,0.835,14.034
CONFIRMED,2.628117322,169.718913,1.8289,9.37E+02,1.77,98.1,3939,0.557,14.915
CANDIDATE,5.06546874,131.94499,2.203,1.21E+02,0.62,10.4,3939,0.557,14.915
FALSE POSITIVE,3.170626881,172.047171,2.7189,1.46E+04,14.37,113.2,6068,1.034,14.333
CANDIDATE,5.89399142,173.485973,1.2737,1.10E+04,11.16,252.5,5713,0.893,14.377
CONFIRMED,25.6613816,155.13806,4.459,1.67E+02,1.78,14.6,5815,1.198,13.909
CONFIRMED,10.21418792,170.70466,5.8201,3.04E+02,2.29,78.6,5843,1.332,13.336
CONFIRMED,2.755637216,170.845854,1.8559,5.37E+02,1.37,99.8,4121,0.553,13.506
FALSE POSITIVE,36.2671673,155.0813,2.065,6.27E+02,1.5,10,4264,0.62,15.544
CONFIRMED,14.91095177,141.336726,3.325,8.65E+02,2.62,116.9,5650,0.899,12.593
CONFIRMED,20.30652862,172.6581,2.8014,7.15E+02,1.58,60.8,4121,0.553,13.506
CONFIRMED,44.6996563,174.82144,6.2289,8.38E+02,3.05,71.3,5497,1.046,13.967
CONFIRMED,3.619309734,135.44164,3.0504,2.07E+02,1.47,47.4,5497,1.046,13.967
CONFIRMED,124.5245224,254.17788,9.654,6.90E+02,2.69,47.5,5497,1.046,13.967
CANDIDATE,7.6720844,134.1756,3.451,7.51E+01,0.72,8.4,5972,0.807,14.766
FALSE POSITIVE,2.178150857,171.2325,1.931,1.63E+02,1.11,37.4,5691,0.836,13.72
FALSE POSITIVE,2.178150567,171.232233,3.5065,5.11E+02,34.19,131.4,6820,1.254,13.835
FALSE POSITIVE,25.33709016,192.91451,9.664,2.28E+03,3.47,120.3,4469,0.635,14.716
FALSE POSITIVE,4.396999852,172.023406,1.875,4.58E+03,13.57,63.3,5949,1.156,14.491
CONFIRMED,14.28228147,180.84677,2.6588,9.83E+02,1.82,44.7,4102,0.595,14.672
CANDIDATE,3.251659087,171.0604906,1.5286,4.75E+03,9.83,466.2,6367,1.087,14.022
FALSE POSITIVE,1.16015259,121.704645,1.3433,1.70E+02,1.4,48.4,5842,0.985,12.45
CONFIRMED,3.743166733,131.61967,3.6888,1.26E+02,1.5,47.2,6181,1.331,12.205
CONFIRMED,13.13747785,170.22786,4.8655,2.13E+02,1.85,43.1,5762,1.143,13.484
CONFIRMED,7.78199862,133.58871,3.947,1.07E+02,1.32,25.6,5762,1.143,13.484
FALSE POSITIVE,2.2227289,131.895,2.617,2.79E+02,34.14,10.5,4996,20.848,12.552
CONFIRMED,23.4433748,152.00588,5.768,8.50E+01,1.29,14.1,5762,1.143,13.484
CONFIRMED,5.868066282,170.324046,4.1246,4.37E+02,3.6,97.6,5918,1.555,13.182
CONFIRMED,1.61189046,133.5704,3.0792,1.01E+02,1.72,38,5918,1.555,13.182
CONFIRMED,9.940666412,135.21559,3.9092,5.20E+02,2.87,161.4,6215,1.259,12.663
CONFIRMED,4.182001885,172.789576,2.2209,8.47E+02,2.46,160.3,5328,0.865,13.393
CANDIDATE,66.47762,184.2673,4.487,5.54E+02,1.83,9.1,5515,0.775,15.972
FALSE POSITIVE,1.621668852,170.358337,1.7517,7.66E+03,32.76,67.8,6106,0.966,13.9
CANDIDATE,26.89316101,179.95245,2.3266,2.19E+03,6.78,119.6,6096,0.908,13.754
CONFIRMED,14.70749512,175.79267,3.1506,2.62E+02,2.04,36.3,5676,1.28,13.387
CONFIRMED,20.73989406,173.21912,3.1505,6.16E+02,2.11,44.2,5132,0.77,14.157
CONFIRMED,47.4277116,216.55737,5.2679,8.20E+02,2.33,49.9,5132,0.77,14.157
FALSE POSITIVE,5.07442951,171.55916,4.064,2.50E+02,1.38,26.7,5448,0.857,14.789
CONFIRMED,12.87471243,170.022499,2.2491,3.86E+03,11.26,218.5,5963,1.424,14.517
FALSE POSITIVE,176.2432946,192.50359,5.0423,4.98E+03,48.15,86.6,5559,1.231,14.468
CONFIRMED,3.07155284,133.30255,4.0935,8.60E+01,1.65,27.2,5918,1.555,13.182
CONFIRMED,22.24814617,174.13676,4.1483,6.14E+02,2.72,74.2,5629,0.943,13.721
CANDIDATE,0.702739679,131.533,1.379,6.51E+01,0.73,9.5,5269,0.836,14.99
FALSE POSITIVE,4.305219002,170.453154,2.6845,9.74E+03,10.34,205.8,5780,1,13.826
FALSE POSITIVE,13.77971135,178.6879965,7.63871,2.55E+04,47.58,2013.6,6444,2.947,13.21
CONFIRMED,2.508057497,135.000657,1.1134,1.51E+03,3.25,312.7,4780,0.761,12.895
FALSE POSITIVE,5.07437786,171.56544,5.942,6.06E+02,23.71,86.6,5661,0.919,13.842
CONFIRMED,0.900375925,133.11787,1.257,4.14E+01,0.82,14.6,5676,1.28,13.387
CONFIRMED,4.585466941,169.86095,3.4437,3.84E+02,3.29,84.8,5788,1.495,13.764
CONFIRMED,22.71443351,147.29684,6.0875,5.75E+02,4.01,74.4,5788,1.495,13.764
CONFIRMED,47.903427,141.98347,6.191,3.79E+02,3.55,34.1,5788,1.495,13.764
CONFIRMED,9.034190783,171.015329,1.5501,5.78E+02,1.8,82.1,4499,0.639,13.177
FALSE POSITIVE,1.433339604,169.85606,1.3665,3.05E+02,2.08,39.6,6077,0.999,14.811
FALSE POSITIVE,37.86511904,198.599331,2.9799,6.94E+03,40.36,222.3,5858,0.963,14.608
CONFIRMED,9.07098164,178.3435,2.6903,1.03E+03,2.94,59.1,5672,0.929,14.959
FALSE POSITIVE,2.879243323,170.710636,2.6273,4.81E+04,21.02,200.5,5941,0.885,14.371
CONFIRMED,45.15535633,159.10544,5.7845,6.21E+03,7.65,285.1,6046,0.972,14.669
CONFIRMED,9.48965527,171.92604,3.587,2.62E+02,2.16,42.5,5672,1.204,13.774
CONFIRMED,4.22865217,170.74053,3.3275,1.50E+02,1.83,41.5,5966,1.499,13.749
FALSE POSITIVE,2.85889907,134.16649,1.465,5.57E+01,0.73,6.9,4973,0.754,13.514
CONFIRMED,7.46662068,132.7755,3.87,1.21E+02,1.65,27.4,5966,1.499,13.749
CONFIRMED,16.25951967,144.53203,3.854,1.30E+02,1.72,19.6,5966,1.499,13.749
CONFIRMED,11.1317901,134.42272,4.051,9.55E+01,1.47,18.2,5966,1.499,13.749
CONFIRMED,28.1224393,146.91763,4.174,1.94E+02,0.9,26.9,4499,0.639,13.177
CONFIRMED,11.42755098,137.613711,4.6074,5.01E+02,2.35,165.5,5979,1.005,12.596
FALSE POSITIVE,0.983304511,132.48478,1.78,7.99E+01,1.1,10.1,6363,1.198,14.981
CONFIRMED,45.9029768,166.55667,5.0041,3.62E+02,1.18,42.9,4499,0.639,13.177
CONFIRMED,4.159816554,133.78616,1.6261,1.60E+02,0.86,35.6,4499,0.639,13.177
CONFIRMED,5.69059163,174.04885,2.557,1.38E+03,3.1,45.5,5244,0.81,13.749
CONFIRMED,4.885488596,134.2768785,5.16165,7.46E+03,16.66,2590.1,6036,1.909,12.885
CONFIRMED,130.1780296,212.032638,8.4534,1.16E+04,10.44,365.2,6046,0.972,14.669
CONFIRMED,85.3162004,295.31588,2.7441,1.90E+03,6.34,32.6,6046,0.972,14.669
CANDIDATE,17.76199841,174.1831018,2.4644,2.42E+04,14.25,731.7,5088,0.669,14.762
CANDIDATE,155.042265,213.49978,9.848,4.88E+03,26.44,117.9,4994,3.322,14.932
CONFIRMED,10.34973276,174.06193,4.4859,1.19E+02,1.44,44.5,6003,1.109,11.811
CONFIRMED,16.08786246,172.81384,3.095,6.13E+02,2.56,63.7,5506,0.914,13.998
CANDIDATE,25.0032023,140.90106,5.498,6.41E+01,1.47,12.6,6148,1.685,12.55
CONFIRMED,41.74938613,153.84636,5.6098,1.06E+03,2.94,95,5506,0.914,13.998
FALSE POSITIVE,0.56680081,131.81737,3.6116,1.28E+02,1.02,71.5,5506,0.914,13.998
CONFIRMED,4.41746257,170.79073,2.965,2.91E+02,3.95,22.6,6570,2.297,13.343
CONFIRMED,8.981014925,136.649307,1.8478,1.06E+03,3.14,198.3,5666,0.967,12.87
CONFIRMED,16.33888067,177.917586,9.3599,1.72E+03,10.47,201.9,4877,2.595,13.781
FALSE POSITIVE,39.1307086,165.7408,2.295,2.01E+02,1.54,7.4,6295,1.08,14.372
CONFIRMED,10.04157214,137.08442,2.6577,1.11E+03,2.97,28.1,5244,0.81,13.749
CONFIRMED,18.36974658,131.86573,2.939,1.14E+03,3.58,20.1,5244,0.81,13.749
CONFIRMED,2.79590004,132.72971,2.056,3.84E+02,1.66,16.3,5244,0.81,13.749
CONFIRMED,13.72462702,180.64807,6.9758,2.82E+02,2.13,50.1,5817,1.171,13.645
CONFIRMED,46.40626,192.99633,7.0281,4.69E+02,2.66,51.2,6086,1.227,13.489
CANDIDATE,80.84069,177.3473,8.567,9.33E+03,15.11,21.6,5511,1.597,17.187
CONFIRMED,15.67750191,179.47311,5.5082,1.16E+02,1.42,39.6,6003,1.109,11.811
CONFIRMED,5.59931543,171.47391,3.8944,8.48E+01,1.22,41.4,6003,1.109,11.811
CONFIRMED,25.2100146,154.41122,6.553,6.21E+01,0.95,18.8,6003,1.109,11.811
CONFIRMED,17.79001678,182.43745,4.4116,8.71E+02,2.7,67.2,5569,0.927,13.597
CONFIRMED,49.5674085,169.54227,4.002,7.30E+02,2.91,31.2,5569,0.927,13.597
CONFIRMED,6.790120801,138.088199,6.0437,2.30E+03,9.86,526.1,6372,2.001,12.128
FALSE POSITIVE,1.655467295,169.54872,3.2424,1.06E+03,2.17,98.7,4583,0.695,13.841
CONFIRMED,7.972510087,171.585057,2.9754,3.14E+03,3.22,206.7,3912,0.533,13.822
CONFIRMED,2.453236139,170.892059,1.6691,1.72E+03,2.26,158,3912,0.533,13.822
FALSE POSITIVE,11.9710626,171.08425,2.7607,4.22E+02,5.84,42.6,6312,1.464,13.768
CONFIRMED,6.0404622,172.59327,1.98,2.41E+02,1.3,14.9,5297,0.825,13.283
CONFIRMED,4.13852825,132.01882,2.281,2.57E+02,1.3,20.5,5297,0.825,13.283
CONFIRMED,3.936993144,169.650592,1.887,1.27E+03,3.36,59.3,5431,0.843,15.063
CONFIRMED,28.08185982,194.91696,4.5288,1.84E+03,3.63,50.8,5431,0.843,15.063
CONFIRMED,23.66834635,132.71421,5.8297,4.49E+02,2.32,112.8,5979,1.005,12.596
CONFIRMED,10.08881066,173.083353,1.7726,2.00E+03,4.71,51.4,5431,0.843,15.063
CANDIDATE,60.458443,136.3553,8.43,1.75E+02,1.59,9.7,5865,1.181,14.544
FALSE POSITIVE,6.97106919,174.70305,3.9125,4.53E+02,2.07,41.7,5871,0.983,15.04
CONFIRMED,1.311842968,133.11058,1.7876,2.45E+02,1.43,44.2,5569,0.927,13.597
FALSE POSITIVE,38.13853099,180.43748,3.8617,1.23E+03,68.75,58.9,6481,2.343,13.592
CONFIRMED,14.58649856,172.22185,4.0249,3.79E+02,2.45,53,6063,1.191,13.49
CANDIDATE,8.0292018,132.8283,3.462,6.56E+01,0.99,11.7,6063,1.191,13.49
FALSE POSITIVE,1.05569286,131.5576,1.289,3.75E+01,0.45,7.1,4955,0.751,13.203
CONFIRMED,7.75192755,176.17197,3.5413,4.07E+02,1.89,77.3,5604,0.912,13.307
CONFIRMED,31.80475991,190.25413,8.699,3.61E+02,2.99,73.4,5867,1.356,13.178
CONFIRMED,16.2580276,139.6381,6.375,4.70E+01,0.92,11.5,5867,1.356,13.178
CONFIRMED,8.600153929,177.642421,9.0015,4.51E+03,26.52,1208.1,6093,3.913,13.643
FALSE POSITIVE,3.719809197,135.068298,3.5317,2.96E+03,87.21,373.9,6284,2.348,13.123
FALSE POSITIVE,0.73975345,131.81739,4.2,4.82E+02,2.09,86.2,5271,0.935,15.141
FALSE POSITIVE,1.612249049,131.85204,4.235,1.54E+02,50.98,45.4,6732,2.569,12.775
FALSE POSITIVE,44.25817308,188.495537,7.58264,2.05E+04,37.38,1282.3,6544,2.326,13.204
FALSE POSITIVE,3.05933906,131.7541,1.7332,1.17E+03,36,37.7,6238,1.116,14.077
FALSE POSITIVE,0.624677585,131.8663,2.411,3.73E+01,1.28,31,9653,1.996,12.789
FALSE POSITIVE,0.759763198,131.78816,3.083,2.03E+02,1.2,30.8,5520,0.818,15.916
FALSE POSITIVE,372.37369,138.0835,12.33,6.66E+02,2.68,15.6,6109,1.029,15.423
CONFIRMED,126.55719,145.69736,8.079,3.66E+02,4.59,24.8,6501,1.854,13.666
FALSE POSITIVE,12.43519054,140.8323906,3.8305,7.19E+01,0.52,4.8,4756,0.62,14.844
CONFIRMED,20.0983676,207.57757,5.207,1.58E+02,1.58,20.9,6053,1.26,13.358
FALSE POSITIVE,85.112898,171.8254,2.503,5.14E+02,2.21,8,6018,0.975,15.681
CANDIDATE,2.41750021,133.80584,4.33,5.82E+01,1.19,15.2,5575,1.308,13.955
CANDIDATE,4.03357434,134.23275,5.886,6.62E+01,1.23,15.5,5575,1.308,13.955
FALSE POSITIVE,0.504426087,131.894825,1.6276,6.15E+02,33.96,81.7,6043,0.901,15.213
CANDIDATE,7.66462913,137.38342,3.614,1.14E+02,1.6,13.2,5640,1.515,14.686
CONFIRMED,9.6887216,131.8295,2,6.56E+02,3.09,18.1,6457,1.196,14.158
CONFIRMED,19.597317,135.26526,4.508,1.01E+03,3.78,23.7,5569,1.019,15.412
CONFIRMED,13.06243545,144.18426,3.244,4.64E+02,1.36,21.4,4522,0.655,14.885
FALSE POSITIVE,0.793663156,131.79065,0.8244,1.86E+02,1.14,23.7,5077,0.825,14.549
FALSE POSITIVE,2.81401302,133.0785,5.801,5.57E+01,1.51,33.8,5541,1.967,12.511
CONFIRMED,3.74031708,134.70305,2.394,1.66E+02,1.38,15.6,6260,1.063,15.331
FALSE POSITIVE,0.851678507,131.62317,2.028,6.79E+01,0.85,9.1,5403,1.029,15.25
FALSE POSITIVE,205.30627,186.434,7.86,6.71E+02,2.48,6.4,6045,0.955,15.971
FALSE POSITIVE,0.978046982,131.68639,2.6137,8.39E+02,129.67,105.2,5100,4.569,13.211
FALSE POSITIVE,1.332566763,132.04547,4.001,3.85E+02,1.49,18.2,5134,0.752,16.49
FALSE POSITIVE,1.89131005,132.66204,5.687,1.56E+02,6.4,18.7,5706,1.12,15.157
CONFIRMED,0.692978457,131.80142,1.1366,6.10E+01,2.24,20.9,6105,2.304,13.447
FALSE POSITIVE,87.140633,169.262,18.11,,,,,,15.149
FALSE POSITIVE,185.53285,310.2503,31.46,8.77E+02,28.39,19.9,5817,0.87,15.692
FALSE POSITIVE,0.885131111,131.8742,3.377,9.32E+01,0.9,23.4,5904,0.867,14.549
FALSE POSITIVE,1.85447373,132.50369,2.665,3.07E+02,1.33,18.9,5341,0.743,15.699
CANDIDATE,0.487656278,132.16692,1.0129,1.10E+02,0.99,25.1,5957,0.937,14.374
FALSE POSITIVE,0.502622858,131.61123,3.085,1.46E+02,1.41,41.1,6029,1.098,14.564
CONFIRMED,31.8055128,150.6791,3.979,1.42E+02,0.63,10.9,4729,0.525,13.831
CANDIDATE,3.25424652,133.5121,5.378,8.21E+01,0.96,18.3,5692,1.004,14.359
CONFIRMED,3.50472344,133.72225,1.9464,9.07E+01,0.8,18.4,5115,0.854,13.632
CONFIRMED,124.827797,208.79191,6.479,6.48E+02,2.57,17.1,5349,1.032,15.259
CANDIDATE,11.9294568,133.74078,3.193,1.32E+02,1.05,11.7,5975,0.9,14.686
FALSE POSITIVE,0.786260569,132.166816,4.556,8.77E+02,15.72,246,4223,0.557,14.04
FALSE POSITIVE,0.597934463,131.95507,3.1225,5.15E+02,23.2,72.2,6052,0.863,15.248
FALSE POSITIVE,360.76458,148.5386,21.22,3.84E+02,60.3,10,5513,0.724,14.659
FALSE POSITIVE,2.15292788,132.36514,3.043,4.14E+01,1.02,21.5,5851,1.555,12.643
FALSE POSITIVE,2.61585431,132.42844,6.519,1.70E+02,1.28,26.9,6131,0.945,15.181
CANDIDATE,9.54699216,140.15819,5.063,1.43E+02,1.71,17.4,6274,1.232,14.718
CANDIDATE,14.708641,133.85125,5.394,1.31E+02,1.82,12.8,6274,1.232,14.718
CONFIRMED,31.3351094,136.97538,6.071,2.65E+02,1.99,16.7,6404,1.142,14.681
FALSE POSITIVE,1.061002863,132.52463,1.962,1.42E+02,1.06,15.7,5767,0.881,15.213
FALSE POSITIVE,363.35755,135.9933,19.85,3.95E+02,3.45,13.9,5086,1.783,14.661
FALSE POSITIVE,0.924821319,132.09187,2.594,1.22E+02,1.1,24.3,6135,0.974,15.293
FALSE POSITIVE,4.4697452,133.00892,5.33,2.42E+02,2.43,33.8,6102,1.125,13.726
CONFIRMED,214.881456,213.4044,9.581,7.59E+02,2.68,16.1,5323,0.995,15.188
FALSE POSITIVE,122.906853,195.9104,15.97,8.20E+02,3.55,19.9,5692,0.866,15.593
FALSE POSITIVE,12.42221675,141.8461927,6.5533,5.45E+01,0.8,11,6231,1.084,13.598
CONFIRMED,4.85018974,135.31157,5.676,6.45E+01,1.1,15.8,6032,0.973,13.809
FALSE POSITIVE,383.43595,483.2484,11.059,1.23E+03,2.53,14.1,5576,0.729,15.27
CONFIRMED,3.82315697,133.06936,2.388,4.72E+01,0.77,8.9,6202,1.122,12.692
FALSE POSITIVE,0.842336445,131.73901,1.519,8.01E+01,0.9,8.8,5765,0.998,13.319
FALSE POSITIVE,339.4293408,187.5194914,7.5,,,,,,13.113
CANDIDATE,13.6032081,140.3975,2.592,1.81E+02,0.75,9.4,3780,0.511,15.108
FALSE POSITIVE,0.914468919,132.120912,2.695,3.43E+03,36.84,189,5762,0.989,14.582
FALSE POSITIVE,1.54039744,131.99974,1.787,1.28E+02,1.08,7,5649,0.884,14.608
CONFIRMED,8.45805119,137.06123,2.998,2.59E+02,2.52,18.3,6172,1.471,14.806
CONFIRMED,101.1107014,215.5204,8.029,8.78E+02,1.61,24.1,4133,0.561,15.134
FALSE POSITIVE,0.907943645,132.133484,1.9144,1.03E+03,49.37,53.7,6434,1.166,13.819
FALSE POSITIVE,94.446856,166.1513,7.502,4.36E+02,7.13,20,5780,2.478,13.939
FALSE POSITIVE,0.92565941,132.11002,1.488,3.00E+01,0.88,11.2,6058,1.612,12.6
FALSE POSITIVE,0.537110149,131.55982,1.7976,9.20E+01,32.19,41.1,5395,2.537,13.078
CONFIRMED,9.84262076,134.02155,1.6018,6.26E+02,2.41,16.8,5585,0.972,15.308
FALSE POSITIVE,2.99194823,134.1641,4.39,9.96E+01,0.78,18.2,5269,0.727,14.395
CONFIRMED,62.3026877,179.09948,7.509,8.59E+02,3.05,45,5688,0.971,14.534
CONFIRMED,72.3826983,179.49813,8.279,3.66E+02,4.21,29.5,5508,1.988,12.848
FALSE POSITIVE,360.33012,159.4314,15.16,1.02E+03,2.34,12.2,5054,0.74,15.892
FALSE POSITIVE,0.566803149,131.79596,1.643,2.46E+02,1.93,52.6,6147,1.096,14.65
FALSE POSITIVE,15.3466028,143.8142,4.966,2.39E+02,3.64,13,6771,2.259,14.335
CANDIDATE,7.23531329,133.12054,3.338,1.12E+02,1.53,14,6422,1.421,13.166
FALSE POSITIVE,0.531106622,131.906467,3.0293,5.13E+03,7.54,286.2,4978,0.762,15.169
FALSE POSITIVE,1.332547503,132.05767,4.521,1.30E+02,1.23,25.5,6077,0.999,15.164
CONFIRMED,225.585245,272.79566,11.166,7.55E+02,3.71,18.6,5929,1.363,14.9
CONFIRMED,24.4972683,133.92177,5.43,4.49E+02,2.74,19.5,6392,1.162,15.152
FALSE POSITIVE,4.20253859,132.3097,5.389,3.15E+01,0.71,8.8,5596,1.015,13.598
FALSE POSITIVE,0.535578808,131.80805,1.7973,1.94E+02,33.97,38.3,6610,1.313,13.94
FALSE POSITIVE,0.89486317,132.21767,2.657,1.72E+02,1.19,16.1,5764,0.863,15.863
CANDIDATE,64.1862264,191.65639,8.485,5.07E+02,8,18.6,6951,2.758,12.972
CONFIRMED,4.62602867,134.68092,0.643,3.47E+02,1.65,14.7,5834,0.797,14.667
CONFIRMED,8.93484887,133.39108,2.579,1.36E+02,1.83,9.7,6688,1.347,13.827
FALSE POSITIVE,7.04716175,132.7504,2.693,1.51E+02,1.1,9.4,5496,0.776,15.13
FALSE POSITIVE,368.71479,318.8424,16.46,1.21E+03,91.06,10.9,5716,0.872,15.593
CANDIDATE,4.93211932,132.4538,3.144,5.05E+01,1.02,7.5,6422,1.421,13.166
CANDIDATE,4.85819429,135.14503,5.356,7.63E+01,2.04,25.2,6109,2.326,13.269
FALSE POSITIVE,119.0192648,341.26197,8.1,1.98E+03,4.44,31.1,5754,0.905,15.644
CONFIRMED,8.40693068,133.42739,1.866,1.67E+02,1.95,6.8,5365,1.533,13.801
CANDIDATE,3.39904814,134.6684,2.922,6.96E+01,0.81,8.1,5766,0.929,14.803
FALSE POSITIVE,0.974479091,132.37246,1.866,2.21E+02,1.19,25.3,5043,0.819,14.655
FALSE POSITIVE,3.57017774,134.4442,4.473,7.96E+01,57.36,8.9,3812,69.001,13.334
FALSE POSITIVE,1.10601182,131.83599,2.577,5.29E+01,0.77,15.5,6241,1.031,14.363
FALSE POSITIVE,6.873655305,132.4527832,3.5415,1.81E+02,1.21,3.4,5668,0.912,14.046
CONFIRMED,0.626281766,131.90594,1.1812,4.33E+02,1.76,31,4922,0.823,15.622
CANDIDATE,1.183505016,131.75303,1.275,1.17E+02,0.8,10,4832,0.746,15.424
CONFIRMED,2.790643481,133.1555,0.6871,2.02E+02,0.99,20.2,4353,0.603,13.435
CONFIRMED,0.971915957,132.16504,1.6023,7.37E+01,0.79,16.7,5196,0.889,14.5
CONFIRMED,3.03196812,133.98825,1.723,8.15E+01,0.9,15.8,5755,0.993,13.421
FALSE POSITIVE,1.2940561,131.861,0.97,5.12E+01,5.27,6.4,6635,7.146,12.855
FALSE POSITIVE,0.53936593,131.97457,5.434,1.45E+02,9.19,57.6,6341,5.302,12.915
FALSE POSITIVE,0.643703667,131.984908,0.801,1.72E+02,1.48,40.3,6161,1.114,13.791
CANDIDATE,15.9042402,131.50051,2.093,4.45E+02,3.79,13.3,5583,1.53,15.61
FALSE POSITIVE,0.735146413,131.49953,5.053,2.75E+02,168.34,78,6611,7.435,12.855
FALSE POSITIVE,0.827351796,131.92381,2.1885,4.47E+01,0.9,30.6,5609,1.31,12.9
CANDIDATE,4.16288745,131.67875,0.678,3.92E+02,1.32,12,4478,0.651,15.658
FALSE POSITIVE,0.618952198,131.590434,2.8244,8.32E+03,4.96,259.3,2661,0.116,13.593
FALSE POSITIVE,1.31723412,132.13735,7.284,4.23E+02,125.56,78.4,6740,12.08,13.449
CANDIDATE,4.44902309,131.75425,1.373,8.89E+01,0.55,10.4,4353,0.603,13.435
CANDIDATE,1.121733366,131.56919,1.032,8.43E+01,2.39,13.6,5023,2.571,13.875
CONFIRMED,4.95060632,132.80914,1.719,3.10E+02,1.28,17.4,5431,0.717,15.309
FALSE POSITIVE,379.08202,287.504,33.87,1.61E+03,23.99,23.2,5982,0.96,15.813
FALSE POSITIVE,366.31509,312.1401,12.41,3.36E+02,2.87,13,6705,1.524,13.974
FALSE POSITIVE,0.536544193,132.03219,2.918,1.60E+02,0.9,25.3,5041,0.728,15.89
CONFIRMED,1.005205893,132.45541,1.63,9.75E+01,0.85,15,5718,0.863,14.658
FALSE POSITIVE,43.796785,158.9316,18.84,2.56E+02,20.79,21.2,6109,0.941,14.372
FALSE POSITIVE,0.952371227,132.34095,3.926,3.53E+02,21.96,42.6,6086,0.921,15.868
FALSE POSITIVE,1.089088292,132.0149343,1.8599,1.42E+02,1.28,1.8,6194,1.069,15.693
FALSE POSITIVE,1.1518407,132.6197092,2.53,,,,,,15.206
FALSE POSITIVE,7.7553808,134.5191,22.321,8.40E+02,22.2,55.9,5607,0.766,15.553
FALSE POSITIVE,0.730949487,132.22503,2.367,8.73E+01,1.27,15.8,6238,1.191,14.184
CONFIRMED,3.95116635,134.22411,2.566,6.09E+01,0.83,20.4,5574,1.065,12.639
CONFIRMED,2.89223998,132.86232,2.521,4.43E+01,0.7,17.3,5574,1.065,12.639
FALSE POSITIVE,0.991552822,131.90235,1.135,6.07E+02,37.93,17.3,5908,1.862,11.968
FALSE POSITIVE,1.89124187,132.7082,4.415,1.06E+02,0.93,20.8,5285,0.927,14.486
CANDIDATE,3.79437277,132.1265,2.289,8.32E+01,1.36,7.7,5455,1.507,14.816
CONFIRMED,184.77271,217.3573,9.568,9.51E+02,2.41,21,5273,0.801,14.838
FALSE POSITIVE,392.49728,203.1308,10.53,1.06E+03,2.82,14.5,5737,0.872,15.814
CANDIDATE,363.41165,404.2733,14.79,9.62E+02,3.14,17.4,6025,0.999,15.445
CONFIRMED,59.284064,148.75407,5.42,4.24E+02,1.81,13.1,5225,0.859,15.48
CONFIRMED,6.96704926,138.24776,3.73,2.14E+02,6.14,18.6,6303,3.53,13.487
FALSE POSITIVE,8.8109721,136.4718,4.822,2.40E+04,47.94,26,5780,1,18.533
CONFIRMED,168.81133,211.43982,6.582,6.14E+02,1.69,15.3,4798,0.707,14.061
CONFIRMED,67.968656,163.55972,7.948,3.22E+02,1.71,27.3,5670,0.95,13.865
CANDIDATE,215.956008,271.3671,10.425,3.93E+02,3.36,23.3,6163,1.313,12.853
FALSE POSITIVE,2.15681538,133.27151,5.115,1.07E+02,1.06,22.6,6084,0.983,14.758
FALSE POSITIVE,0.708563091,132.10298,6.347,4.15E+02,15.38,90.8,5271,0.648,15.017
CANDIDATE,2.00870696,131.51,4.87,5.35E+01,0.55,12.2,5341,0.759,12.334
FALSE POSITIVE,366.24282,307.2714,15.76,7.34E+02,2.4,18.2,5713,0.893,15.501
FALSE POSITIVE,1.33256418,132.0473,4.701,1.62E+02,0.81,20.7,5157,0.62,15.86
CANDIDATE,0.655939788,132.09997,1.318,7.30E+01,1.48,18.7,4968,1.755,14.511
FALSE POSITIVE,12.4258833,141.5008,24.83,9.36E+01,2.19,34.4,5611,1.632,13.369
FALSE POSITIVE,1.387838134,132.11351,2.252,1.37E+02,1.24,20.4,6273,1.044,15.167
FALSE POSITIVE,0.678349364,132.16318,3.092,4.86E+02,19.06,12,5569,0.829,14.261
FALSE POSITIVE,1.022028468,132.3717,8.866,1.34E+03,26.91,184.5,5445,0.855,14.592
FALSE POSITIVE,0.72359699,131.57754,1.326,4.96E+02,6.73,14.8,8855,2.858,14.338
FALSE POSITIVE,1.6156052,131.4952,14.55,1.58E+03,34.69,253.1,6770,1.623,13.391
FALSE POSITIVE,1.8913182,132.66252,4.374,2.02E+02,0.9,17.6,4476,0.633,15.171
FALSE POSITIVE,494.165759,472.0427,2.239,1.44E+03,4.5,7.4,6392,1.162,15.404
FALSE POSITIVE,2.43585046,132.89661,2.088,6.05E+01,2.6,14.9,6501,3.247,13.464
FALSE POSITIVE,1.33255441,132.05269,3.828,1.07E+02,1.12,15.1,6099,1.028,15.708
FALSE POSITIVE,359.1015,415.3142,11.461,4.97E+02,2.37,12.9,6373,1.047,14.821
FALSE POSITIVE,0.941840589,131.80464,5.06,3.88E+02,27.05,23,6419,1.142,13.956
FALSE POSITIVE,1.728521892,131.81736,3.361,9.22E+01,1.19,30.2,5872,1.157,12.861
FALSE POSITIVE,1.89125855,132.6891,5.415,6.79E+01,0.81,24.8,6569,0.927,13.517
FALSE POSITIVE,8.65312868,136.65308,3.376,5.09E+02,20.38,22.6,5880,0.893,15.534
CONFIRMED,30.0899459,149.06413,6.654,2.43E+02,2.25,16.6,6056,1.209,14.881
FALSE POSITIVE,1.39862757,132.65615,9.625,4.55E+01,2.39,59.6,7872,3.367,11.915
CONFIRMED,9.91937693,136.87361,4.326,1.87E+02,1.32,18.8,5688,0.971,14.534
FALSE POSITIVE,0.918510251,131.82791,2.587,5.26E+01,1.77,20.3,5837,2.338,13.815
CONFIRMED,9.47850818,140.16526,6.154,1.85E+02,1.47,26.7,6249,1.076,14.456
FALSE POSITIVE,0.783258387,131.74358,2.2926,3.29E+02,1.28,28.5,5067,0.715,15.729
CONFIRMED,4.24263096,135.0304,2.582,1.88E+02,1.1,15.9,5072,0.825,14.955
FALSE POSITIVE,1.231363214,131.80615,5.8101,4.77E+03,10.75,112.7,5780,1,17.661
FALSE POSITIVE,0.755101928,131.81199,3.044,1.20E+02,0.91,18.1,5465,0.819,15.443
FALSE POSITIVE,4.56447463,133.0783,6.415,2.08E+02,1.13,42.6,5270,0.77,14.34
FALSE POSITIVE,1.027904857,132.444316,1.6381,2.38E+03,30.48,117.8,5432,0.872,15.32
FALSE POSITIVE,367.95566,236.4537,21.877,1.41E+03,3.62,13.7,4723,0.696,15.964
CONFIRMED,163.692336,238.76817,6.853,1.14E+03,2.75,21,4999,0.843,15.031
FALSE POSITIVE,1.106529843,132.30528,6.258,3.20E+02,1.91,69.2,5932,0.798,15.144
FALSE POSITIVE,111.741576,166.3408,3.83,2.39E+02,6.88,9.9,5267,4.525,13.075
CANDIDATE,110.461746,147.5465,12.46,3.31E+02,1.93,15.8,6321,1.058,15.092
CONFIRMED,198.088873,319.73002,7.955,1.03E+03,3.24,18,5275,0.969,15.717
FALSE POSITIVE,1.08193721,131.5344,4.788,1.15E+02,0.77,14.4,4965,0.736,15.471
CANDIDATE,44.6226725,137.942,12.974,1.32E+02,1.73,20.6,6198,1.239,13.519
FALSE POSITIVE,2.43142974,133.83385,2.713,1.47E+02,1.17,10.7,5750,0.965,14.539
CONFIRMED,1.41975831,132.92,1.429,6.09E+01,0.85,8.1,5925,1.035,12.801
CONFIRMED,169.135056,201.8055,8.931,6.41E+02,2.21,24.5,5171,0.801,14.566
FALSE POSITIVE,0.73095491,132.2174,2.206,2.96E+01,0.88,7.5,6454,1.587,12.028
CONFIRMED,3.951383138,132.06462,1.0582,4.06E+02,23.51,23.9,5570,0.899,14.368
CONFIRMED,6.84978728,134.66167,4.919,1.39E+02,1.83,17,6056,1.209,14.881
CANDIDATE,80.769893,188.5556,4.2,1.29E+02,1.87,6.7,4965,1.708,13.026
FALSE POSITIVE,1.111362442,132.30056,6.24,1.34E+02,2.86,36.8,6486,2.308,12.845
CONFIRMED,28.9060526,158.82431,3.099,9.90E+01,0.79,13.3,4657,0.67,12.485
CONFIRMED,8.10503551,135.88389,4.459,2.10E+02,1.45,16.5,6201,0.989,15.353
CONFIRMED,8.82715783,139.73416,2.019,3.69E+02,1.67,11.1,5550,0.878,15.247
FALSE POSITIVE,143.196381,227.3054,10.424,6.18E+02,6.64,17.4,6007,1.06,14.034
FALSE POSITIVE,9.089151782,132.0565248,3.1886,1.10E+02,4.35,7.1,6729,4.099,12.972
FALSE POSITIVE,1.87886973,133.07604,3.876,1.82E+02,1.04,23.9,5448,0.734,13.907
FALSE POSITIVE,0.979161676,132.21831,2.942,1.60E+02,1.03,20.2,5390,0.78,15.278
CANDIDATE,225.26213,224.9887,14.459,3.89E+02,2.36,24.6,5799,1.191,13.841
FALSE POSITIVE,0.855922327,131.64426,1.514,1.31E+02,0.87,21.1,5437,0.759,14.663
FALSE POSITIVE,25.9528725,154.8736,12.434,1.64E+02,1.53,16.9,6370,1.106,13.812
CANDIDATE,2.31482311,133.04857,2.127,5.86E+01,0.69,14.2,5240,0.923,13.506
FALSE POSITIVE,0.952374508,132.33436,3.006,2.05E+02,1.13,33,4754,0.821,15.611
FALSE POSITIVE,0.936751792,132.2026,5.658,2.64E+01,2.07,23,7843,2.909,13.205
FALSE POSITIVE,393.34331,264.7706,9.481,1.75E+03,2.27,21.2,3994,0.554,15.646
FALSE POSITIVE,0.621361411,131.67283,1.0628,4.50E+01,1.12,24.6,6234,1.66,12.696
FALSE POSITIVE,250.2376074,260.3057733,16.58,,,,,,15.974
CANDIDATE,10.778313,136.6142,5.256,9.07E+01,1.25,12.5,6726,1.258,13.264
FALSE POSITIVE,0.594310785,131.7595,0.9994,1.13E+02,0.91,15.7,5931,0.845,15.349
CONFIRMED,27.2106807,132.3793,10.515,9.94E+01,1.73,16.9,5973,1.305,13.694
FALSE POSITIVE,4.31978105,134.1491,7.204,6.58E+01,3.87,23.5,5519,4.368,12.846
CANDIDATE,4.32710895,133.40886,1.387,1.09E+02,26.6,12.9,5776,1.455,13.404
CANDIDATE,2.90512019,132.56693,2.293,6.12E+01,0.57,13.2,5374,0.721,13.851
CONFIRMED,14.2651545,143.22024,3.601,6.63E+01,1.06,13.9,5825,1.291,12.515
CANDIDATE,5.04404366,136.00785,1.682,2.37E+02,1.47,11.6,6039,0.951,15.744
CONFIRMED,11.17931581,131.64123,3.103,9.06E+01,1.81,12,6292,1.873,13.352
FALSE POSITIVE,1.284991846,132.74087,2.274,2.91E+01,1.17,15.3,6060,2.106,12.923
CANDIDATE,1.166960319,131.64332,1.6823,9.78E+01,0.88,17.9,5632,0.904,14.391
FALSE POSITIVE,324.18028,445.8295,18.15,8.79E+01,2.2,10.9,5792,2.183,12.092
FALSE POSITIVE,0.530959357,131.73991,2.417,8.44E+01,0.69,22,5325,0.75,15.049
CANDIDATE,0.701944362,132.00161,0.641,2.11E+02,0.8,17.1,4236,0.539,15.397
CANDIDATE,3.05772668,133.06692,1.819,3.11E+02,1.23,13.7,4483,0.731,15.745
CANDIDATE,9.9092109,133.092,2.552,9.42E+02,2.35,6.4,5396,0.702,15.96
FALSE POSITIVE,0.996864568,132.09898,1.098,8.67E+01,0.77,21.4,5418,0.782,13.681
FALSE POSITIVE,0.673684895,131.61938,1.161,5.11E+01,0.7,7,5645,0.951,14.42
CONFIRMED,56.644452,138.762,16.551,1.05E+02,2.44,21.8,6237,2.295,12.561
FALSE POSITIVE,1.710319812,131.60513,2.983,4.36E+01,0.56,19.1,5774,0.825,13.388
FALSE POSITIVE,5.62978034,136.8349,5.847,3.79E+02,1.61,19.1,5497,0.839,15.993
FALSE POSITIVE,1.050852976,132.138232,1.6788,4.17E+04,45.89,143,5780,1,17.172
CANDIDATE,6.39269778,135.6101,2.138,1.74E+02,1.21,11.3,5248,0.943,14.93
FALSE POSITIVE,1.540398683,131.99063,1.5676,7.30E+01,12.65,4.8,4971,14.678,13.254
CONFIRMED,3.0570982,134.50122,3.571,1.44E+02,0.99,15.7,6021,0.819,14.803
FALSE POSITIVE,365.25921,236.672,13.74,5.29E+02,2.39,12.8,5993,1.042,15.413
CANDIDATE,7.87845756,138.58644,3.912,4.41E+01,0.78,10.5,5767,1.135,13.455
FALSE POSITIVE,372.72688,175.6195,12.751,3.32E+02,3.52,17,6148,1.615,13.473
FALSE POSITIVE,9.9398272,140.8334549,4.1198,4.79E+02,101.71,4.3,5798,0.941,15.579
FALSE POSITIVE,0.866346,131.6286,2.011,1.16E+02,1.24,13.9,6241,1.131,13.789
FALSE POSITIVE,0.885129679,131.88274,3.156,1.77E+02,1.21,21.2,5792,0.864,15.766
FALSE POSITIVE,56.898749,160.0479,3.522,5.14E+02,6.33,6.2,9189,2.692,11.96
FALSE POSITIVE,0.438153876,131.5167,1.3885,1.65E+02,14,33.4,6032,0.929,14.84
FALSE POSITIVE,398.40957,178.4393,11.486,8.80E+02,3.33,11,6251,1.119,15.244
FALSE POSITIVE,0.696286519,131.87824,3.194,1.21E+02,1.34,19.7,5904,0.867,15.034
CONFIRMED,5.79179934,133.35814,3.474,1.19E+02,1.69,17.7,6174,1.318,13.96
CONFIRMED,129.945392,176.82285,5.786,5.00E+02,1.18,13.1,3751,0.443,14.625
CANDIDATE,27.9040511,154.9434,5.346,3.00E+02,2.19,12.8,6325,1.112,15.212
FALSE POSITIVE,1.39772545,132.3377,4.129,1.81E+02,1.58,17.9,6006,1.114,15.012
FALSE POSITIVE,12.4246697,134.0396,44.07,4.24E+02,168.91,116.9,6550,1.59,13.398
FALSE POSITIVE,383.00806,281.6723,9.71,6.32E+02,2.2,7.6,5750,0.882,15.371
FALSE POSITIVE,0.847588864,131.55971,2.246,6.71E+01,0.91,21.3,6335,1.072,14.263
FALSE POSITIVE,331.81534,347.0408,10.56,3.70E+02,1.84,7.8,6029,0.956,15.027
FALSE POSITIVE,1.75649346,132.01087,3.429,2.75E+01,1.62,13.3,6619,3.05,13.306
CANDIDATE,0.644322147,131.954907,0.893,1.08E+03,24.39,79.6,5136,0.612,14.999
FALSE POSITIVE,1.8912501,132.6923,7.648,7.31E+02,23.5,31.6,4883,0.794,16.159
CANDIDATE,17.8075656,146.88323,1.643,1.51E+03,3.92,11.8,6194,0.981,15.574
FALSE POSITIVE,0.996023763,132.16613,5.412,9.83E+01,18.36,21.3,6110,1.077,14.705
FALSE POSITIVE,36.616669,156.001,8.62,2.37E+02,1.68,3.4,5780,1,13.482
CANDIDATE,333.03842,220.9235,5.948,1.26E+03,3.19,7,5743,0.903,15.954
CANDIDATE,3.75030469,134.80628,3.246,3.55E+01,0.87,10.3,5866,1.339,13.313
CANDIDATE,0.259819659,131.85061,0.6513,2.32E+02,1.22,24.1,3939,0.526,15.174
FALSE POSITIVE,0.566795467,131.84,4.712,3.82E+01,0.67,25.8,5642,1.056,13.867
CANDIDATE,4.72693131,135.2927,4.036,2.62E+01,0.61,11.5,5950,1.196,12.788
CANDIDATE,10.0989634,132.3351,6.428,5.70E+01,1.03,8.9,6174,1.318,13.96
FALSE POSITIVE,3.67515329,131.681,7.083,5.60E+01,0.71,16.7,5968,0.881,13.997
FALSE POSITIVE,0.715825886,132.06428,1.212,4.06E+01,0.58,11,5640,0.909,13.467
CONFIRMED,26.5487294,137.24401,7.968,1.42E+02,2.54,15.3,5456,2.154,13.961
FALSE POSITIVE,0.492291661,132.393012,0.894,1.11E+03,3.42,62,4971,0.718,15.986
FALSE POSITIVE,1.6911935,132.93323,9.479,2.80E+03,6.36,26.7,5780,1,12.95
FALSE POSITIVE,2.42803503,133.5931,3.045,7.38E+01,0.85,8.8,6609,0.974,14.049
FALSE POSITIVE,372.94844,217.8357,13.879,2.54E+02,1.34,17.1,5763,0.827,13.962
FALSE POSITIVE,0.787120016,131.73939,3.1648,2.66E+02,23.81,43.3,6112,0.787,14.964
CANDIDATE,13.12297275,136.08882,2.234,4.37E+01,1.29,12.9,6134,1.665,11.265
CONFIRMED,6.28384079,133.20513,4.291,3.57E+01,0.73,14.9,5888,1.227,12.4
FALSE POSITIVE,21.131609,139.7493,13.66,7.35E+01,0.94,6.5,5780,1,13.482
FALSE POSITIVE,81.675841,158.9694,11.53,1.43E+02,1.31,7,5780,1,13.482
FALSE POSITIVE,28.5463574,159.2763,9.29,1.53E+02,1.35,10.1,5780,1,13.482
CANDIDATE,22.7909233,134.4333,9.565,5.36E+01,1.38,19.4,6311,1.642,11.638
FALSE POSITIVE,72.563291,202.0235,3.088,3.32E+02,1.99,6.4,5780,1,13.482
CONFIRMED,174.510276,201.47056,6.689,1.53E+03,1.74,14.8,4367,0.452,15.873
CANDIDATE,0.681180633,131.63459,0.8844,1.56E+02,2.97,16.6,4939,2.377,15.069
FALSE POSITIVE,15.705388,135.0768,4.871,2.84E+02,3.3,10.6,7454,1.853,13.362
FALSE POSITIVE,7.65270746,134.46038,79.8969,6.41E+02,3.21,254.3,6328,0.963,13.099
CONFIRMED,2.27164952,131.82601,4.054,8.24E+01,0.97,12.7,6274,1.062,15.332
FALSE POSITIVE,3.84835742,133.25649,10.18,8.42E+01,0.77,32.8,5709,0.798,13.656
CANDIDATE,369.13236,235.5195,10.34,2.16E+02,2.14,11.9,6282,1.449,13.665
FALSE POSITIVE,1.0388961,132.37849,4.755,6.01E+02,114.1,14.7,7043,1.45,12.114
FALSE POSITIVE,293.76887,257.9779,4.68,4.62E+02,1.97,4,6074,0.847,15.099
FALSE POSITIVE,1.87885327,133.08861,3.302,1.21E+02,0.97,12.1,5851,0.863,13.689
FALSE POSITIVE,0.785473311,131.861548,1.3911,3.40E+02,1.61,57,5356,0.871,14.333
FALSE POSITIVE,5.2438982,132.6882,7.881,1.62E+02,1.24,18.7,5804,0.927,15.563
CANDIDATE,9.08745206,139.99222,3.786,3.51E+01,0.73,11.7,5888,1.227,12.4
FALSE POSITIVE,441.877824,251.778,6.647,1.30E+03,39.55,15.2,4437,0.635,15.05
FALSE POSITIVE,2.9761504,132.9276,6.079,2.60E+02,1.02,8.3,4236,0.664,15.104
CONFIRMED,64.0019669,132.61779,4.724,1.11E+03,2.48,14.2,4652,0.697,15.856
CONFIRMED,4.83809469,135.1562,1.096,1.54E+03,0.79,11.3,3187,0.2,17.058
FALSE POSITIVE,361.91436,241.7138,8.68,2.28E+02,1.84,13,6247,1.147,13.971
CONFIRMED,9.3281912,132.85459,3.991,4.52E+01,0.59,13.7,5525,0.888,12.897
CANDIDATE,106.957467,224.9874,7.006,5.40E+02,2.4,11.7,6075,0.969,15.716
FALSE POSITIVE,0.629001455,131.55662,1.263,1.47E+01,0.81,9.4,6739,2.059,11.283
CONFIRMED,2.71603664,132.35962,1.744,9.85E+01,1.05,13.1,6011,1.041,14.801
CANDIDATE,75.8781344,194.67762,1.383,1.05E+03,3.39,11.9,5579,0.972,15.183
FALSE POSITIVE,374.59003,303.4857,15.19,2.68E+02,1.34,6.6,5497,0.827,14.878
CANDIDATE,147.661729,243.95262,6.207,1.09E+03,1.59,13.2,3788,0.49,15.645
CANDIDATE,13.00291716,132.02306,3.058,2.25E+02,1.28,14,5796,0.8,14.634
FALSE POSITIVE,319.30633,221.3106,6.74,1.55E+02,1.26,7.2,6095,1.014,13.327
CANDIDATE,42.0292298,138.8086,8.499,3.74E+02,2.33,14.5,5850,1.217,15.085
FALSE POSITIVE,1.75254087,132.73775,4.098,4.25E+01,1.41,17.7,6660,2.074,12.58
CANDIDATE,0.505111993,131.51614,0.4053,2.13E+02,1.58,18.7,5262,0.783,15.544
FALSE POSITIVE,0.646745436,132.02582,1.188,1.16E+02,1.49,14.3,6325,1.112,15.212
CONFIRMED,3.38557445,133.97411,1.879,1.22E+02,1.63,13.1,5718,1.48,13.767
FALSE POSITIVE,2.754024,133.731,4.15,1.72E+02,1.68,13.8,6419,1.188,14.059
FALSE POSITIVE,1.975208831,131.63127,1.513,7.63E+01,1.59,15.1,6401,1.744,13.609
FALSE POSITIVE,0.960843605,131.7739,3.22,1.42E+02,19.15,25.5,5708,1.129,14.92
FALSE POSITIVE,4.206109,132.2382,5.16,1.20E+02,0.91,11.9,5480,0.802,15.316
FALSE POSITIVE,0.962590772,132.421278,1.2569,1.02E+03,31.51,90.4,6274,1.062,14.843
CONFIRMED,13.3997555,131.84235,3.534,1.67E+02,1.51,13.6,6401,1.15,14.924
CANDIDATE,2.49385348,133.15177,1.414,4.69E+01,0.59,12.3,5615,0.85,13.03
FALSE POSITIVE,0.776950288,132.0396,1.288,3.96E+02,1.72,25.8,5861,0.865,15.832
FALSE POSITIVE,5.93725628,135.9371,3.639,1.16E+02,0.86,17.1,5428,0.799,14.702
CANDIDATE,18.22211768,553.06646,2.044,2.32E+03,7.45,15.2,5162,0.958,16.084
CONFIRMED,4.56383697,132.26068,2.271,2.02E+02,1.22,9.9,5408,0.861,15.448
CANDIDATE,16.5340022,135.409,4.063,8.92E+01,1.17,9.3,6052,1.202,13.268
FALSE POSITIVE,55.119831,153.6508,4.703,1.15E+02,1.68,8.2,6297,1.506,12.211
FALSE POSITIVE,25.6416117,152.9007,5.5,1.26E+02,1.76,4.9,6297,1.506,12.211
FALSE POSITIVE,1.33258455,132.0268,5.77,1.53E+02,15.89,8.1,6039,0.951,15.556
FALSE POSITIVE,350.81029,147.6369,11.29,5.38E+02,2.86,15.1,5841,1.226,14.982
CONFIRMED,0.341842017,131.660336,1.1554,2.86E+02,1.72,70.1,5016,0.747,14.915
CANDIDATE,13.9482197,132.7505,7.686,1.19E+02,2.53,14.5,5529,2.346,14.305
CANDIDATE,5.67577999,134.91027,3.554,5.12E+01,1.22,11.2,6681,1.438,13.802
FALSE POSITIVE,0.570953851,131.5725,0.998,7.61E+01,1.01,8.9,6238,1.145,15.212
CANDIDATE,49.564693,170.6973,8.54,1.14E+02,1.63,15,5907,1.442,12.83
FALSE POSITIVE,4.29258258,131.77675,3.069,3.70E+02,1.87,16.1,6137,0.963,15.888
FALSE POSITIVE,0.960842633,131.777663,2.6441,2.02E+03,67.53,176.1,7381,1.597,13.402
FALSE POSITIVE,14.5893928,136.1407,15.54,,,,,,12.616
CONFIRMED,5.49548533,133.63966,2.461,8.58E+01,1.3,14.2,6157,1.392,13.95
CANDIDATE,2.89494709,132.62547,3.254,4.58E+01,1.16,14.3,7087,1.684,13.458
FALSE POSITIVE,0.980505042,132.097771,1.4068,4.27E+02,26.35,51.5,5794,1.059,15.198
CONFIRMED,20.4853893,146.9183,10.229,8.95E+01,3.6,17.9,4938,3.324,13.007
CONFIRMED,3.58273837,134.95108,1.523,3.61E+02,1.64,11.6,5448,0.872,15.965
CONFIRMED,15.604841,131.9989,4.543,7.34E+01,1.57,15.3,6254,1.706,13.096
FALSE POSITIVE,75.681309,167.6921,11.62,1.08E+02,1.64,9.1,6297,1.506,12.211
CANDIDATE,0.762950224,131.9157,1.133,1.87E+02,1,15.8,5385,0.731,15.556
FALSE POSITIVE,62.060783,134.4944,28.203,4.73E+02,2.11,19.9,5526,0.784,15.745
CANDIDATE,170.995748,163.95737,3.88,4.77E+02,4.9,15.5,6127,1.983,13.985
FALSE POSITIVE,12.4252735,141.5658,20.756,8.47E+01,2.37,36.6,6156,2.557,13.046
FALSE POSITIVE,39.2820405,139.9224,3.344,1.58E+02,58.67,6.9,6143,2.136,13.046
FALSE POSITIVE,361.5456125,190.4475347,25.28,,,,,,15.894
CANDIDATE,19.5650801,136.28555,4.242,6.17E+01,0.97,13.8,6180,1.235,12.674
FALSE POSITIVE,355.79978,346.7189,5.972,1.72E+02,1.87,10.5,6350,1.394,12.674
FALSE POSITIVE,410.99389,190.8191,12.01,5.50E+02,2.09,8.7,5471,0.898,15.46
FALSE POSITIVE,2.17823752,132.00513,2.259,4.40E+01,0.64,10.1,6052,0.969,14.102
FALSE POSITIVE,1.404674486,131.55621,5.056,1.56E+02,0.86,20.7,4716,0.609,14.962
FALSE POSITIVE,24.9097436,143.0403,3.856,1.50E+02,2.24,9.7,6596,1.757,13.073
CONFIRMED,12.3101351,141.8765,3.797,2.64E+02,1.51,12.9,5009,0.84,15.629
CONFIRMED,2.61576515,131.97896,2.777,1.20E+02,1.06,15.1,6088,0.958,15.18
FALSE POSITIVE,409.2452,265.2465,13.06,5.31E+02,2.1,12.8,5910,0.911,15.42
CONFIRMED,6.94245216,135.95819,3.491,1.61E+02,1.34,14.7,6108,1.03,15.158
CANDIDATE,5.53312006,132.1648,3.486,5.31E+01,1.05,13.4,6170,1.425,13.591
CANDIDATE,200.721168,280.0733,9.91,8.23E+02,3.32,13.1,5566,1.17,15.511
CONFIRMED,9.4061364,137.7073,4.882,7.95E+01,1.14,13.2,5855,1.268,14.09
FALSE POSITIVE,0.935086665,131.52593,1.12,7.12E+01,1.18,13.1,6762,1.348,13.993
FALSE POSITIVE,1.489457454,131.99809,3.028,5.63E+01,1.58,29.7,6316,2.087,13.09
FALSE POSITIVE,1.181165291,132.42522,1.013,3.70E+02,1.52,14.1,5203,0.747,15.971
CONFIRMED,66.373298,174.01595,8.559,4.15E+02,1.99,13.7,6143,0.976,15.37
CONFIRMED,13.61165024,144.16808,7.617,9.55E+01,1.46,31.6,6170,1.499,12.805
CONFIRMED,6.24564633,137.16241,2.459,2.12E+02,1.06,11.9,4858,0.707,15.485
FALSE POSITIVE,0.945829261,132.09286,1.715,9.82E+01,0.86,15.1,5959,0.859,15.263
CANDIDATE,10.8614163,136.8213,6.02,6.48E+01,1.01,12.9,6339,1.017,13.517
FALSE POSITIVE,0.973160836,132.25412,0.864,1.38E+02,1.22,9.8,6108,1.03,15.238
FALSE POSITIVE,4.05943749,133.1883,3.245,1.05E+02,2.11,18.1,5051,1.655,13.514
CANDIDATE,7.03965141,137.41892,3.141,2.69E+02,2.72,9.8,5902,1.513,14.935
CANDIDATE,4.72519164,131.9997,3.751,9.88E+01,3.98,10,6655,3.831,12.358
FALSE POSITIVE,6.39903778,134.7133,3.15,1.87E+02,6.54,24.1,5178,4.856,13.507
CANDIDATE,66.6434565,170.08058,2.385,2.77E+02,2.99,14.8,5751,1.164,13.224
FALSE POSITIVE,0.739761008,131.80913,7.589,2.92E+02,9.67,34.7,3417,0.35,15.049
FALSE POSITIVE,0.950735805,131.7794,1.1434,1.75E+02,1.39,17.1,6039,1.005,15.156
FALSE POSITIVE,369.819993,179.3674,20.232,1.60E+03,4.25,42.1,4806,0.839,15.089
FALSE POSITIVE,2.17815935,132.02414,1.839,1.16E+02,1.22,14.1,6258,1.098,14.975
CANDIDATE,160.850075,144.5039,9.427,4.28E+02,3.41,16.1,5999,1.507,14.218
FALSE POSITIVE,0.720460644,132.012909,1.7846,2.11E+03,37.33,117.2,6304,1.058,14.828
FALSE POSITIVE,3.7948721,134.40039,1.713,3.05E+02,16.1,11.3,5883,0.793,15.302
CONFIRMED,122.0804953,155.02532,4.054,8.00E+02,2.92,23.3,5132,0.77,14.157
CANDIDATE,6.2614227,133.2299,4.779,5.14E+01,0.81,10.6,6384,1.121,13.973
CANDIDATE,3.70386741,132.69596,1.41,1.26E+02,0.86,13.1,5496,0.776,14.108
FALSE POSITIVE,0.638437699,131.592552,0.3028,2.87E+02,2.48,25.8,5073,0.824,15.23
FALSE POSITIVE,1.8912851,132.676,6.182,1.22E+03,19.96,25.7,4700,0.707,16.851
CANDIDATE,19.8751355,148.3935,8.041,1.09E+02,2.49,15.2,6918,2.004,13.543
FALSE POSITIVE,343.42046,327.4112,11.11,4.83E+02,2.15,10,6115,0.967,15.223
FALSE POSITIVE,3.47148164,133.7138,4.679,1.23E+02,0.85,9.5,5297,0.716,15.795
CONFIRMED,5.94373492,135.25897,1.847,3.01E+02,1.14,13.2,4391,0.682,15.583
FALSE POSITIVE,244.60373,230.282,10.87,7.70E+02,2.1,17.7,5166,0.771,15.319
CONFIRMED,85.7567919,162.71914,5.695,1.59E+02,2.99,16.9,5037,2.213,12.429
CONFIRMED,2.18660188,131.94832,1.585,1.22E+02,0.98,14.2,4904,0.772,14.793
CANDIDATE,7.2929891,135.6364,4.053,7.25E+01,0.73,7.1,5959,0.856,14.829
FALSE POSITIVE,3.1339356,133.5458,4.477,2.04E+02,1.58,21.4,6137,1.018,15.725
CONFIRMED,2.55315031,132.44849,1.849,1.85E+02,1.25,15.4,5970,0.908,15.424
CONFIRMED,2.936587946,133.03618,1.8952,2.80E+02,1.77,20.1,5455,0.909,15.404
CANDIDATE,145.786556,215.0441,4.891,3.78E+02,1.82,13.9,5578,0.95,14.41
FALSE POSITIVE,1.33254212,132.0554,3.848,3.74E+01,1.45,10.6,6613,2.237,13
CONFIRMED,10.7769944,140.2902,2.616,1.86E+02,1.15,11.3,5455,0.852,14.587
CANDIDATE,2.5093344,133.1123,1.833,1.84E+02,1.47,8.4,6278,1.081,15.588
FALSE POSITIVE,0.918921494,131.68016,0.9425,3.21E+02,1.49,23.7,5655,0.833,15.606
CONFIRMED,7.84931877,134.8747,3.747,6.82E+01,0.81,12.6,5678,0.99,13.858
FALSE POSITIVE,67.7125988,149.82165,1.538,5.42E+02,82.63,13.4,6309,0.847,14.213
FALSE POSITIVE,12.4285576,133.7175,13.98,6.20E+02,2.22,13.2,5492,0.752,15.663
FALSE POSITIVE,1.275511306,132.44654,1.889,6.93E+01,0.84,10.3,5921,1.015,15.083
FALSE POSITIVE,5.78159956,136.77178,2.222,7.28E+01,1.7,16.4,6443,1.884,13.384
FALSE POSITIVE,8.4805019,135.8339,8.345,1.65E+02,1.26,11,5555,0.737,15.313
CANDIDATE,24.5607107,146.7938,8.679,5.52E+01,1.13,14.9,6170,1.499,12.805
CONFIRMED,2.94648935,132.42208,3.155,5.70E+01,0.89,12.7,6481,1.171,14.144
FALSE POSITIVE,1.227986164,131.84491,1.551,1.51E+02,1.17,14.8,5746,0.931,14.966
FALSE POSITIVE,2.11548883,132.00942,4.008,1.70E+02,1.29,17.6,5952,0.971,15.627
FALSE POSITIVE,358.96247,295.9933,23.49,6.71E+02,2.37,12.1,5743,0.904,15.389
FALSE POSITIVE,2.17815196,132.02208,2.445,2.45E+02,1.09,17.9,5357,0.7,15.916
FALSE POSITIVE,342.315407,157.0157,12.476,7.20E+02,3.15,13.3,6425,1.164,15.091
FALSE POSITIVE,1.089077224,132.02477,2.705,1.53E+02,1,18.7,5118,0.83,15.472
FALSE POSITIVE,1.288066288,133.273187,6.4616,1.01E+04,34.84,230.7,5233,0.639,15.313
CANDIDATE,24.6683831,136.633,8.556,1.09E+02,1.76,15.3,6059,1.554,13.572
FALSE POSITIVE,2.31894284,132.9696,5.321,6.65E+01,0.87,13.6,5780,1,13.232
CONFIRMED,6.98472143,135.99731,2.724,9.07E+01,1.19,11.7,5839,1.227,13.382
CANDIDATE,349.41047,241.4685,15.02,6.53E+02,2.41,17.7,5878,0.945,15.346
FALSE POSITIVE,0.562563871,131.73458,1.591,3.46E+01,0.69,16.4,6577,1.145,13.54
FALSE POSITIVE,0.93373458,131.53478,4.364,1.28E+02,0.93,27.8,5335,0.804,14.76
FALSE POSITIVE,1.33251948,132.0885,3.733,2.34E+02,1.64,17.7,5926,1.058,16.334
FALSE POSITIVE,168.84663,231.2295,9.75,2.15E+02,1.45,9.3,5897,0.992,13.859
CANDIDATE,14.8162925,138.3761,4.973,1.08E+02,1.57,12.5,6356,1.325,12.583
FALSE POSITIVE,160.4122022,262.40022,4.92,2.54E+03,4.45,24.4,5269,0.727,15.407
CANDIDATE,3.98167088,134.9767,3.609,4.47E+01,0.79,10.3,6484,1.173,14.144
CONFIRMED,4.34195312,134.18767,2.598,7.33E+01,0.94,10.6,6164,1.09,13.874
CONFIRMED,122.358116,134.3477,10.768,3.53E+02,2.15,12.2,5998,1.139,14.945
CONFIRMED,7.298142,137.85674,3.024,3.71E+02,1.6,13.6,5119,0.834,15.825
CONFIRMED,18.5010898,149.17569,3.179,4.21E+02,1.62,14.7,5242,0.734,15.789
CANDIDATE,7.016016,133.9561,3.8,1.69E+02,1.72,6.3,6642,1.136,14.404
FALSE POSITIVE,0.569961046,131.80273,1.446,4.42E+01,1.04,18.9,5814,1.549,13.333
CANDIDATE,42.068554,165.0211,5.723,1.86E+02,1.32,9.8,6122,0.964,14.718
FALSE POSITIVE,1.121634781,132.31311,1.155,7.15E+01,0.6,14.8,4518,0.72,13.958
FALSE POSITIVE,1.33256979,132.05279,3.293,1.04E+02,0.97,18.4,6089,0.95,15.377
FALSE POSITIVE,0.536650896,131.709931,4.702,2.73E+02,18.45,117.8,5819,0.881,13.956
FALSE POSITIVE,397.73699,222.0316,11.76,1.13E+03,3.05,15.3,5313,0.768,15.086
FALSE POSITIVE,2.17818699,132.00477,2.686,1.16E+02,1.03,15.4,5584,0.932,15.123
CANDIDATE,6.23968392,133.72124,0.668,1.56E+02,1.55,9,5751,1.143,13.795
CONFIRMED,3.60082855,134.037,1.938,2.96E+02,1.36,17.9,4838,0.796,15.311
CONFIRMED,15.5714121,136.58529,2.294,1.74E+02,0.72,13,3872,0.557,13.977
CONFIRMED,3.59645081,132.77209,2.661,1.50E+02,1.66,16.2,5887,1.235,15.147
CONFIRMED,20.6579443,145.6348,8.798,9.82E+01,1.27,14.1,5468,1.306,14.216
FALSE POSITIVE,0.760941405,131.62978,1.773,1.87E+02,1.18,15.2,5629,0.87,15.855
FALSE POSITIVE,137.665706,240.44616,3.732,5.37E+02,15.41,11.7,4832,6.897,13.199
FALSE POSITIVE,370.90237,205.0559,10.558,5.46E+02,1.97,14.7,5835,0.847,14.83
FALSE POSITIVE,321.55087,241.849,5.863,3.97E+02,1.68,8.2,5835,0.847,14.83
FALSE POSITIVE,1.54038914,132.00494,1.683,7.18E+01,0.84,9.1,5974,0.989,14.753
FALSE POSITIVE,71.76236302,170.095082,29.435,8.59E+03,25.76,1134.3,5529,2.817,12.045
CANDIDATE,16.3368863,132.20816,3.597,2.26E+02,1.27,12.1,5410,0.859,15.05
CANDIDATE,1.63668262,131.64586,1.907,9.22E+02,103.99,12.9,5234,3.739,16.494
CANDIDATE,11.615625,131.96843,2.233,1.91E+02,2.84,8.8,5332,1.453,15.162
CONFIRMED,110.978266,147.0226,11.312,1.50E+02,1.86,14,5883,1.529,13.848
FALSE POSITIVE,0.952378454,131.85999,3.892,4.38E+01,1.46,17.4,6963,1.375,13.541
CONFIRMED,6.08003714,136.88262,1.308,1.84E+02,1.07,17.7,4991,0.804,13.473
CONFIRMED,3.035206175,132.3291,0.6182,6.97E+02,3.59,19.1,5505,0.873,15.556
FALSE POSITIVE,358.96844,295.8289,21.71,8.08E+02,2.7,13.3,6117,0.947,15.36
FALSE POSITIVE,2.21316437,132.71281,3.874,1.16E+02,0.95,27.9,5921,0.83,14.4
CANDIDATE,173.2578372,194.4584,2.027,6.87E+02,117.29,13.5,6392,1.162,14.201
FALSE POSITIVE,0.530967987,131.72336,1.812,2.69E+01,1.08,24.1,8473,2.052,12.717
CONFIRMED,6.30558387,131.53058,2.619,1.93E+02,2.52,9.5,4934,1.756,15.056
FALSE POSITIVE,4.2058608,132.2913,7.39,1.82E+02,1.14,13.3,5590,0.839,15.892
CANDIDATE,41.6757509,169.791,10.848,1.42E+02,2.1,22.6,5745,1.763,13.34
CANDIDATE,11.49589567,139.38053,2.256,1.08E+02,1.59,13.2,6290,1.506,13.582
FALSE POSITIVE,8.4803326,135.8598,5.918,3.56E+01,1.35,11,6245,2.179,12.797
CANDIDATE,0.609926502,131.80347,1.2529,1.34E+02,1.12,15.3,5936,0.965,15.682
FALSE POSITIVE,0.750744255,132.18261,1.7921,1.71E+02,17.07,50.4,6187,0.937,13.941
CONFIRMED,0.991659646,131.53686,2.215,7.73E+01,1.19,13.5,6117,1.244,14.978
CANDIDATE,8.4795266,138.1276,6.052,1.63E+02,1.18,8,5841,0.931,15.994
CANDIDATE,49.4746966,166.142,10.46,2.91E+02,1.62,17.2,5952,0.928,14.955
FALSE POSITIVE,118.609553,172.0788,22.74,3.81E+02,2.86,13.1,5017,0.792,15.133
CANDIDATE,1.62888267,132.33899,1.72,1.31E+02,0.92,12.5,5398,0.811,15.295
FALSE POSITIVE,0.616386349,131.64315,0.8136,7.94E+01,2.94,21.9,5665,3.266,12.985
CANDIDATE,1.920062587,131.72678,1.437,2.27E+02,1.12,12.6,5266,0.741,15.686
FALSE POSITIVE,88.91323139,145.6230854,2.92,,,,,,12.981
FALSE POSITIVE,7.07162308,136.46253,2.587,1.23E+02,1.42,16.9,6313,1.259,13.722
CONFIRMED,6.96352699,133.01717,3.192,6.81E+01,1.4,17.4,6040,1.686,13.128
CONFIRMED,64.2729088,186.7353,12.136,1.21E+03,5.38,27.4,6341,1.299,15.589
CONFIRMED,3.4327371,132.92055,4.001,6.32E+01,0.75,15.3,5757,0.881,13.583
FALSE POSITIVE,13.8452726,136.9596,2.555,9.32E+01,2.34,10.4,6845,2.324,12.632
FALSE POSITIVE,0.687506554,131.85964,1.441,1.30E+02,8.73,14.4,4643,7.906,12.467
FALSE POSITIVE,0.566801617,131.80435,2.75,2.49E+01,0.88,26.4,6287,1.693,12.528
CANDIDATE,0.909127736,132.40471,1.431,9.87E+01,0.98,13.9,5486,0.996,15.195
FALSE POSITIVE,371.63327,296.9495,14.92,1.07E+02,1.83,15.2,5802,1.59,11.443
CONFIRMED,1.450889836,132.2306,1.753,1.36E+02,1.21,15.7,6046,1.023,15.369
CONFIRMED,5.72716067,133.96409,2.23,3.11E+02,1.4,16,4838,0.796,15.311
FALSE POSITIVE,407.59415,273.5955,7.3,4.62E+02,2.11,7.7,6198,0.974,14.854
CANDIDATE,10.30148508,134.88185,3.903,1.63E+02,1.6,12.6,5887,1.235,15.147
CANDIDATE,17.8007815,134.3839,6.547,4.45E+01,1.02,14.2,6240,1.252,12.018
FALSE POSITIVE,358.101884,425.6837,6.393,1.14E+02,0.95,12.8,5786,0.856,11.678
CANDIDATE,1.717859841,132.92612,0.908,6.63E+01,1.45,9.5,6694,1.732,13.228
FALSE POSITIVE,46.0771501,143.6839655,3.03,,,,,,12.981
FALSE POSITIVE,42.62423329,156.1855401,1.47,,,,,,12.981
FALSE POSITIVE,0.447861451,131.9752,0.8541,2.65E+02,1.42,20.3,5901,0.848,15.497
CANDIDATE,7.3422467,131.55382,2.029,3.67E+02,1.6,11.8,5573,0.839,15.486
CANDIDATE,8.1134681,132.8253,4.961,4.05E+01,0.92,10.5,6011,1.409,13.55
CONFIRMED,3.036208739,134.06146,0.9324,1.82E+03,1.4,26,3464,0.328,16.257
CONFIRMED,18.0541469,147.7943,4.587,2.83E+02,1.51,19.3,5505,0.909,15.004
CANDIDATE,5.4675514,133.42478,3.283,8.72E+01,1.07,10.4,5557,1.151,14.746
FALSE POSITIVE,1.01530474,131.517946,8.7622,1.64E+04,64.77,1823,6428,1.44,13.647
FALSE POSITIVE,94.180473,200.2662,7.345,1.10E+03,4.17,15.6,6997,1,14.848
CONFIRMED,1.538185321,132.49067,1.683,2.77E+02,1.29,15.2,5107,0.723,15.329
FALSE POSITIVE,1.332567643,132.04299,4.284,5.67E+01,0.62,24,5687,0.79,14.15
FALSE POSITIVE,1.089076495,132.02703,2.274,4.37E+01,0.75,15.3,6444,1.079,13.938
FALSE POSITIVE,1.662710314,132.44469,1.83,8.59E+01,2.16,23.8,6028,2.244,13.97
FALSE POSITIVE,472.071079,310.7718,5.759,2.53E+02,2.01,6.4,6186,1.253,14.002
CANDIDATE,0.888478095,131.86943,1.5312,3.40E+02,1.51,24.6,5553,0.806,15.85
FALSE POSITIVE,2.18242002,132.39594,4.103,6.97E+01,0.7,13.8,5808,0.786,14.897
FALSE POSITIVE,0.503999678,131.631544,0.5421,9.76E+02,2.97,96.8,4898,0.568,15.498
FALSE POSITIVE,2.66588544,131.6037,5.004,1.67E+02,0.98,17.2,4965,0.771,15.382
CANDIDATE,309.25581,136.2248,10.72,4.21E+02,2.18,9.9,6060,1.057,14.205
CANDIDATE,2.44232399,133.53724,1.921,2.29E+02,1.1,14.1,4849,0.738,15.849
CONFIRMED,7.61758198,137.50008,3.545,8.54E+01,1,13.4,6202,1.072,14.11
FALSE POSITIVE,41.477908,144.9193,10.45,2.99E+01,1.09,9.6,6935,1.918,10.83
CANDIDATE,42.1003351,143.02827,1.0834,2.14E+02,1.42,13.9,5595,0.82,11.965
CONFIRMED,2.20923119,131.90288,2.392,5.98E+01,0.84,14.3,5991,1.092,13.764
FALSE POSITIVE,260.54832,218.5525,15.52,1.62E+02,1.35,10.2,6412,1.04,13.533
FALSE POSITIVE,370.47678,307.4992,15.69,6.56E+02,2.37,11.8,6050,0.896,15.359
CONFIRMED,5.88350251,136.9451,2.556,2.18E+02,1.27,11.9,5840,0.849,15.741
FALSE POSITIVE,0.662457501,131.90556,1.527,6.41E+01,8.3,13.5,6425,2.16,12.721
FALSE POSITIVE,1.33258458,132.03624,3.222,1.27E+02,1.25,14.4,6384,1.086,15.865
CANDIDATE,1.182862515,131.97137,2.928,2.23E+01,1.26,16.5,6017,2.639,12.638
CONFIRMED,0.539915033,131.55207,1.1466,9.70E+01,0.82,17.6,5102,0.837,14.311
FALSE POSITIVE,372.54353,137.9147,21.83,1.11E+03,74.14,11.9,5561,0.836,15.662
CONFIRMED,2.20829637,131.63091,2.841,8.79E+01,1.36,12,6028,1.454,15.201
CONFIRMED,0.849906734,131.6741,1.141,1.24E+02,0.59,12,4296,0.505,15.22
CONFIRMED,26.6565737,131.59433,4.954,1.63E+02,4.15,18.8,5159,3.062,13.263
CANDIDATE,4.4408541,135.2744,8.083,3.39E+01,1.74,12,5159,3.062,13.263
FALSE POSITIVE,373.72257,178.1825,14.21,4.71E+02,67.13,9.6,6004,1.008,14.808
CONFIRMED,8.18504859,134.554,4.673,9.76E+01,0.93,12.5,5984,0.906,14.686
FALSE POSITIVE,10.78438513,141.40685,1.408,2.34E+02,75.04,15.6,5575,3.515,13.638
CONFIRMED,10.42317343,135.15208,2.341,7.12E+01,1.07,11.2,5767,1.135,13.455
FALSE POSITIVE,0.566804221,131.82656,4.639,1.66E+02,0.85,31,5277,0.64,15.776
FALSE POSITIVE,2.022658,131.838,3.343,1.36E+02,1.15,17.4,6091,0.967,15.572
FALSE POSITIVE,316.57747,236.5015,14.64,2.69E+02,1.47,10.2,5822,0.898,15.246
CANDIDATE,1.8679943,133.22986,1.087,7.34E+01,0.7,10,5487,0.815,14.185
CANDIDATE,8.9172863,139.6051,4.468,1.96E+02,1.39,7.2,6210,0.986,14.671
FALSE POSITIVE,0.519437968,131.78909,2.129,2.26E+02,20.48,25.4,6181,1.006,15.421
CANDIDATE,1.33807075,132.34756,1.425,2.02E+01,0.6,8.5,6355,1.319,11.179
FALSE POSITIVE,1.105095798,132.55178,2.624,1.42E+02,0.89,17.4,5296,0.752,15.815
FALSE POSITIVE,245.01902,268.1105,8.56,3.76E+02,1.98,10.1,6167,1.01,14.881
CONFIRMED,153.979362,165.491,9.028,7.93E+02,2.53,16.1,5858,0.903,15.672
FALSE POSITIVE,10.2239787,135.4415,1.814,2.14E+02,24.43,6.5,4673,16.823,13.188
CONFIRMED,56.4148314,163.128,8.075,4.80E+02,2.9,16.4,6325,1.112,15.212
FALSE POSITIVE,2.18079098,132.39262,12.13,8.32E+01,3.29,69.3,6911,3.339,10.008
CONFIRMED,20.9254083,134.8986,6.783,1.09E+02,1.26,15.5,5821,1.21,13.966
CONFIRMED,13.0600399,144.33107,2.851,1.07E+02,0.8,12.5,5168,0.769,13.942
FALSE POSITIVE,0.641069613,132.14101,1.033,7.86E+01,0.86,10.5,6077,0.961,14.098
FALSE POSITIVE,2.2430415,133.4408,3.63,1.01E+02,0.89,8.1,5897,0.891,15.596
FALSE POSITIVE,1.21475168,131.7581,6.93,2.66E+02,5.5,7.9,6732,3.276,11.464
CANDIDATE,17.3731821,138.28747,3.36,7.17E+01,1.31,14,6180,1.54,12.677
CANDIDATE,1.97507424,132.3567,2.61,1.31E+02,1.08,15,6065,0.947,15.276
CONFIRMED,27.4784659,148.6101,7.5,8.32E+01,1.52,12.3,5432,1.707,13.63
FALSE POSITIVE,244.86662,141.9596,10.56,2.90E+02,1.46,9.7,5821,0.848,14.462
FALSE POSITIVE,1.30627214,132.0858,5.144,9.54E+01,0.87,10.3,5513,0.862,15.762
FALSE POSITIVE,62.366706,142.3899,4.32,9.54E+01,1.88,7.1,6749,1.9,11.208
FALSE POSITIVE,0.933732791,131.53707,3.056,9.69E+01,0.9,13.8,5496,0.927,14.812
FALSE POSITIVE,53.106597,145.2776,2.914,8.24E+01,2.2,7.3,7217,2.343,11.159
FALSE POSITIVE,360.15417,188.796,12.806,7.91E+02,2.99,11.1,6065,1.061,15.435
CANDIDATE,3.3879165,133.93645,1.818,7.86E+01,1.09,10.4,5702,1.245,14.491
FALSE POSITIVE,1.42856815,132.81461,2.132,5.95E+01,0.64,11.8,5979,0.822,14.766
FALSE POSITIVE,381.850599,296.4969,4.772,1.70E+03,3.59,13.8,5485,0.867,15.403
FALSE POSITIVE,10.81315417,131.65931,1.275,8.03E+01,1.46,16.6,6380,1.46,11.487
FALSE POSITIVE,359.08368,415.3834,15.67,6.19E+02,29.15,10.8,6256,0.932,15.145
CANDIDATE,58.7488629,172.65025,3.191,4.74E+02,1.75,13.6,5574,0.805,14.122
FALSE POSITIVE,3.74784374,134.19157,3.658,1.17E+02,1.08,12.8,6122,0.996,15.13
CANDIDATE,64.740274,149.9922,15.082,1.13E+02,1.35,16.4,5999,1.177,13.219
CANDIDATE,5.38299284,136.239,3.336,3.51E+01,0.78,10.7,6256,1.293,12.642
FALSE POSITIVE,1.71028117,131.62619,2.61,1.12E+02,0.91,13.8,5910,0.855,15.422
CANDIDATE,2.0481582,132.17679,1.899,1.83E+02,1.16,11.7,5799,0.86,15.98
CONFIRMED,140.251943,175.137,6.576,5.68E+02,1.84,11.9,4821,0.788,15.429
CANDIDATE,14.7179342,135.6498,5.844,1.32E+02,1.25,12.7,6102,1.018,14.654
FALSE POSITIVE,0.570828503,131.58958,0.915,1.74E+02,0.54,13.9,3585,0.388,15.068
FALSE POSITIVE,134.4665,265.424,5.27,1.03E+03,2.48,6.7,4891,0.791,15.126
FALSE POSITIVE,0.909314811,131.72281,2.2053,4.05E+01,0.99,30.2,6508,1.447,12.73
CONFIRMED,207.24785,213.03458,6.159,8.09E+02,1.56,13.2,4339,0.553,15.142
FALSE POSITIVE,186.55347,173.0531,13.57,3.35E+02,1.86,11,6187,1.006,14.905
CONFIRMED,5.99078221,134.53899,1.699,6.99E+01,1.03,8.6,5721,0.972,10.884
FALSE POSITIVE,14.0801852,137.3331,3.402,9.07E+01,1.04,6.9,5984,1.089,12.966
CONFIRMED,2.440839436,133.8407,0.968,5.10E+02,21.29,14.4,4803,0.698,15.877
CONFIRMED,23.6223571,146.9643,6.852,5.70E+01,1.07,11.4,6144,1.393,13.341
CANDIDATE,19.2527652,144.2659,4.862,1.39E+02,1.24,10.8,6258,1.046,14.851
FALSE POSITIVE,3.28931936,133.90141,1.921,1.66E+02,50.51,11.1,6335,1.072,14.806
FALSE POSITIVE,1.08195208,131.5252,4.807,3.36E+01,0.47,12.4,5233,0.824,13.881
FALSE POSITIVE,0.512583041,131.77571,1.498,1.14E+02,1.07,17.1,6077,0.999,15.484
CANDIDATE,219.20579,327.891,14.5,2.08E+02,2.66,15.2,6990,1.785,12.449
CONFIRMED,2.29794819,131.49826,2.84,8.32E+01,0.98,12.2,6371,1.072,15.079
FALSE POSITIVE,368.11581,227.4962,13.52,4.76E+02,2.11,11.2,6122,0.964,15.125
FALSE POSITIVE,368.52466,236.3783,11.9,6.80E+02,3.05,14,6343,1.137,15.484
CONFIRMED,4.54586982,131.52442,1.756,7.65E+01,0.65,24.4,5051,0.721,8.717
CANDIDATE,3.48754109,134.16018,1.811,8.51E+01,0.72,7.3,5252,0.783,14.371
FALSE POSITIVE,0.542498653,132.0117,4.257,5.49E+01,2.25,19.8,8711,2.954,10.326
CANDIDATE,8.0772455,132.649,7.272,7.92E+01,2.61,12.5,5684,2.032,14.579
CANDIDATE,364.08733,287.6056,14.09,3.72E+02,1.39,8.8,5376,0.727,14.816
FALSE POSITIVE,21.5819776,146.0691,13.734,4.76E+01,0.91,17.3,5601,1.342,11.981
CANDIDATE,5.75651958,136.97726,2.309,6.53E+01,0.83,11.2,6208,1.024,13.666
CANDIDATE,91.95723,183.0248,10.471,3.08E+02,2.66,12.3,5854,1.528,14.876
CANDIDATE,7.51731745,137.59704,2.484,1.71E+02,1.19,10.7,5525,0.923,15.029
FALSE POSITIVE,3.08723626,132.90519,2.615,1.02E+02,1.2,12.1,6418,1.171,14.966
FALSE POSITIVE,0.592562969,131.9017,3.0869,1.55E+03,25.97,100.4,5728,0.804,15.784
CANDIDATE,44.6966177,155.6611,10.532,2.57E+02,2.46,15.3,5929,1.518,14.875
CANDIDATE,8.5275894,137.2755,2.959,1.13E+02,1.28,10.4,6469,1.193,14.765
CANDIDATE,3.07714195,133.4849,3.571,3.42E+01,1.08,9.9,6108,1.336,12.889
CANDIDATE,3.83488354,135.08701,2.026,2.43E+02,1.2,10.9,5515,0.775,15.972
FALSE POSITIVE,31.97181,133.8728,12.277,1.17E+02,0.95,11.1,5632,0.853,14.817
FALSE POSITIVE,5.81289843,131.5613,3.979,7.63E+01,0.93,9.5,6175,1.041,14.51
FALSE POSITIVE,6.44173995,136.77753,1.635,1.08E+02,1.41,10.5,6088,1.339,13.861
FALSE POSITIVE,0.631106722,131.89801,0.9942,4.92E+01,0.63,17.6,5400,0.898,13.572
FALSE POSITIVE,176.17377,144.8337,14.58,3.50E+02,1.76,8.2,5957,0.937,15.601
CONFIRMED,114.336052,216.7966,14.077,2.40E+02,2.09,13,5802,1.316,15.015
FALSE POSITIVE,0.63938062,131.894673,1.2067,3.08E+02,51.53,97.5,6607,1.204,13.725
CANDIDATE,8.8233996,136.8921,6.735,1.05E+02,1.13,13.3,5602,1.121,14.598
FALSE POSITIVE,0.566801045,131.79795,1.7499,1.88E+02,1.42,34.9,6106,0.982,14.498
FALSE POSITIVE,0.992799002,131.70842,3.4878,1.65E+03,40.12,97.8,6217,0.989,15.106
CONFIRMED,1.5184181,132.138,2.842,1.97E+02,1.85,15.9,6302,1.269,14.118
FALSE POSITIVE,0.96807117,132.44697,1.677,1.05E+02,0.72,15.4,5367,0.687,15.247
FALSE POSITIVE,3.55661906,133.4975,5.396,2.33E+01,0.72,11.4,6018,1.458,12.84
CANDIDATE,40.0691482,143.73713,2.928,7.84E+02,13.25,10.5,5485,0.762,15.618
CANDIDATE,11.6933447,142.6574,6.551,6.69E+01,1.12,12.7,6049,1.354,13.848
FALSE POSITIVE,0.56256804,131.72497,1.686,4.50E+00,0.63,11.8,9005,2.773,9.121
FALSE POSITIVE,8.79991878,132.88614,41.564,8.69E+02,224.56,236.1,8092,3.267,11.04
CANDIDATE,4.02745396,133.12194,1.33,8.52E+01,0.98,10.8,6174,1.041,13.685
CANDIDATE,4.96061094,135.32139,2.864,2.04E+01,0.59,12.5,6117,1.298,11.525
FALSE POSITIVE,349.03703,331.8869,4.76,7.77E+02,2.27,11.6,5583,0.824,15.499
FALSE POSITIVE,177.8135,205.1936,9.76,4.18E+02,1.83,8.8,5822,0.898,15.234
CANDIDATE,1.4733245,132.85599,1.406,1.24E+02,1.03,11.9,5751,0.921,15.078
CONFIRMED,101.952048,206.3499,5.991,1.53E+02,1.31,10.3,6210,1.054,13.658
FALSE POSITIVE,2.41795911,132.5063,2.727,1.01E+02,0.53,10.1,4623,0.534,15.121
FALSE POSITIVE,183.854867,211.4887,14.996,5.21E+02,2.4,10.8,6225,1.031,15.448
CANDIDATE,5.93218209,135.63378,4.507,2.05E+02,1.39,14.9,5843,0.977,15.466
CANDIDATE,96.384483,144.86825,5.253,5.91E+02,2.41,10.4,5919,1,15.602
CANDIDATE,6.05552018,131.59851,2.818,1.35E+02,0.92,9.8,5352,0.805,14.772
CONFIRMED,12.4418003,134.6507,3.572,7.84E+01,0.57,11.4,4926,0.662,13.725
CANDIDATE,54.333582,144.7536,10.545,1.52E+02,1.7,10.5,5500,1.221,14.487
CANDIDATE,4.11754421,132.79189,4.362,3.43E+01,1.02,22.1,6263,1.726,10.335
FALSE POSITIVE,293.60581,373.1896,11.07,1.65E+02,1.37,8.4,6167,1.064,14.279
FALSE POSITIVE,2.78801663,132.5612,17.354,1.40E+01,0.91,21.8,7523,2.206,12.133
CONFIRMED,3.94660745,132.24892,2.705,3.09E+02,1.4,12.7,5376,0.806,15.923
FALSE POSITIVE,4.99473798,136.1785,3.05,9.95E+01,0.82,17.5,5406,0.819,13.819
CANDIDATE,122.749053,170.9953,8.342,1.04E+03,6.13,15,5619,0.976,15.511
CANDIDATE,4.37992345,133.99121,4.949,1.55E+01,0.81,13.9,6311,1.918,10.438
FALSE POSITIVE,368.48518,174.9473,11.26,3.02E+02,1.98,13.7,6140,1.096,14.178
FALSE POSITIVE,169.894419,201.4552,2.525,1.79E+02,2.66,6.3,6382,1.961,11.998
FALSE POSITIVE,26.190289,143.22089,2.148,5.18E+01,1.05,9.3,6434,1.441,11.66
FALSE POSITIVE,203.511886,329.4945,3.671,1.67E+02,2.07,9.3,6967,1.565,12.341
CANDIDATE,3.70858595,134.47308,1.94,3.05E+02,1.33,11.3,5420,0.771,15.947
CANDIDATE,9.4527721,135.7805,3.817,1.97E+02,1.3,11.3,5973,0.857,15.58
CANDIDATE,4.3638313,135.33772,1.457,1.94E+02,1.08,10.3,5623,0.763,15.642
CONFIRMED,6.18943952,134.78,2.3316,8.32E+01,0.65,26.8,5051,0.721,8.717
CANDIDATE,6.83006228,135.76099,3.315,1.87E+02,1.09,12.1,5807,0.8,15.17
CANDIDATE,17.1622587,148.6441,4.668,3.12E+02,22.42,11.7,5729,0.939,14.841
CANDIDATE,5.19898615,133.05317,2.359,1.37E+02,1.04,11.5,6058,0.867,14.652
CONFIRMED,8.70179611,138.24633,3.048,3.04E+02,1.37,11.8,5295,0.8,15.85
CANDIDATE,14.74426,135.04,8.168,1.14E+02,8.1,11.9,6146,0.987,13.775
FALSE POSITIVE,0.933747395,131.51671,4.798,3.09E+01,1.24,26.7,5574,2.174,12.877
FALSE POSITIVE,58.873429,153.9076,17.487,2.26E+05,76.18,106.8,7078,1.568,14.048
FALSE POSITIVE,14.1166583,136.3632,9.12,4.49E+02,238.66,5.9,6526,2.238,13.572
CANDIDATE,35.0175053,139.8496,3.608,2.92E+02,2.13,12.8,5944,1.123,14.638
CONFIRMED,47.3128645,146.3073,11.444,2.17E+02,3.71,17.6,5749,1.876,14.553
FALSE POSITIVE,29.6990126,135.6251,1.849,9.33E+01,1.93,7.4,6382,1.961,11.998
CONFIRMED,6.1082945,131.8756,3.493,6.11E+01,1.06,10.8,6720,1.289,13.606
FALSE POSITIVE,119.72007,175.8762,9.48,1.16E+02,1.26,9,5963,1.176,13.59
FALSE POSITIVE,1.27839331,132.0902,6.343,1.95E+01,0.86,15.2,7758,1.918,13.107
CONFIRMED,7.545922037,134.4902954,4.0329,2.22E+01,0.68,13.4,5788,1.376,11.158
FALSE POSITIVE,0.58675746,131.75424,1.508,1.44E+02,19.91,18.4,5942,0.938,15.509
CANDIDATE,22.599501,152.9112,4.38,7.69E+01,0.96,2.9,6335,1.087,11.531
FALSE POSITIVE,373.74856,305.2558,28.18,7.98E+02,4.45,12.6,6343,1.137,15.642
FALSE POSITIVE,20.8822079,151.6953,4.556,1.11E+03,3.63,11,5780,1,14.945
CONFIRMED,7.28171395,137.30085,1.723,1.12E+02,2.59,14.4,4970,1.806,13.367
FALSE POSITIVE,8.0386699,135.3098,3.549,1.42E+02,1.18,11.6,6018,0.975,14.999
CONFIRMED,44.9851885,150.5703,4.164,6.18E+02,2.09,12.7,5295,0.8,15.85
FALSE POSITIVE,6.67410577,136.9407,3.645,1.61E+02,1.62,12.6,5949,1.041,15.066
FALSE POSITIVE,374.92478,265.3585,18.05,6.10E+02,1.67,6,4407,0.69,15.822
CANDIDATE,5.89089509,132.43645,2.402,2.68E+02,1.54,11.7,5869,0.942,15.683
CANDIDATE,4.13029832,133.5272,2.461,3.25E+02,1.44,8.7,5490,0.81,15.956
FALSE POSITIVE,4.60690612,135.19221,4.176,1.38E+02,0.9,13.3,5529,0.775,15.069
FALSE POSITIVE,1.50178705,131.56426,2.936,8.67E+01,0.93,13.4,5964,0.987,15.028
FALSE POSITIVE,0.499664962,131.62724,1.6123,3.43E+01,0.5,31.6,5570,0.855,10.437
FALSE POSITIVE,17.4453935,135.7609,6.39,5.02E+02,32.01,16.4,6260,1.063,15.954
CANDIDATE,201.325036,174.7724,14.4,1.25E+02,1.98,14.2,6120,1.699,13.174
CANDIDATE,5.59346375,131.50752,1.668,2.37E+02,1.43,9.5,5874,0.933,15.308
CANDIDATE,3.44928111,133.38221,1.424,2.37E+02,1.23,9.7,5119,0.781,15.144
FALSE POSITIVE,1.4725859,132.92731,2.953,8.44E+01,0.93,13.3,6077,0.999,15.117
FALSE POSITIVE,2.97607935,132.953,4.606,1.30E+02,1.1,14.1,5547,0.865,15.331
CANDIDATE,37.9043889,163.7386,11.638,9.82E+01,1.97,13.9,5303,1.964,13.726
FALSE POSITIVE,1.44438449,132.75645,2.704,7.54E+01,1.08,10.8,6667,1.213,14.815
CANDIDATE,6.88297756,134.16424,2.065,3.04E+01,0.77,13.2,6117,1.298,11.525
CANDIDATE,8.7963166,134.3262,4.696,9.65E+01,1.36,11.9,5780,1,13.641
CANDIDATE,2.049602348,132.32639,1.061,1.86E+02,1.08,11.3,5356,0.78,15.277
CANDIDATE,53.285584,172.297,6.492,1.59E+02,1.44,11,6015,1.057,13.98
CANDIDATE,5.8943338,134.10692,3.475,2.89E+01,0.61,10.7,5929,1.145,12.322
CANDIDATE,8.119343,135.1862,3.558,3.50E+02,1.5,8.2,5490,0.81,15.956
CONFIRMED,7.74347801,135.09417,2.7878,7.78E+01,0.62,24.4,5051,0.721,8.717
CANDIDATE,18.0071438,138.31266,5.401,8.08E+01,1.05,13.1,6173,1.167,13.615
CONFIRMED,5.60473115,131.62861,2.885,2.10E+02,1.11,11.9,5401,0.777,15.683
FALSE POSITIVE,132.778041,188.4972,5.624,9.04E+03,10.38,10.6,5780,1,13.34
CANDIDATE,2.49915311,133.08978,1.803,1.79E+02,1.02,13.4,4705,0.72,15.352
FALSE POSITIVE,184.568,173.6314,13.09,4.10E+02,1.53,10.2,5680,0.75,15.185
CANDIDATE,105.997107,144.41965,3.751,4.31E+02,1.83,10.9,6068,0.831,14.894
FALSE POSITIVE,2.48882685,132.12332,3.487,8.02E+01,1.05,14.2,6246,1.092,14.768
FALSE POSITIVE,367.19796,134.1748,15.92,1.46E+02,1.08,10.7,6054,0.889,13.592
CANDIDATE,6.30432354,137.29688,2.508,4.00E+01,1.23,10.7,6728,1.836,13.01
FALSE POSITIVE,17.6604653,137.3914,2.837,3.09E+02,1.76,11.3,5910,0.94,15.768
CANDIDATE,3.38419892,131.9355,1.485,2.28E+02,1.2,11.5,5613,0.795,15.446
FALSE POSITIVE,1.69999106,131.6296,3.289,9.56E+01,0.55,10.6,4289,0.554,15.928
CANDIDATE,1.19260017,132.66994,1.502,5.80E+01,0.77,11.7,5600,1.013,13.818
FALSE POSITIVE,4.2059745,132.2828,8.006,4.12E+01,0.75,7.7,5960,1.163,14.734
CANDIDATE,216.456055,175.3753,11.067,1.00E+03,3.61,14.2,5645,1.155,15.58
FALSE POSITIVE,0.566803216,131.80982,3.325,2.02E+01,0.54,15.5,6473,1.182,13.449
FALSE POSITIVE,365.13981,156.6413,4.46,5.31E+02,1.86,7.9,5610,0.815,14.934
FALSE POSITIVE,37.809539,158.4002,7.547,4.87E+02,1.79,9.7,5595,0.82,15.752
FALSE POSITIVE,381.18654,136.2434,9.73,9.85E+02,2.29,9,4977,0.734,15.845
CANDIDATE,12.003678,134.71007,2.799,2.82E+02,0.97,12,4328,0.594,15.675
CONFIRMED,5.17624997,133.7381,5.261,7.87E+01,1.31,13.4,5578,1.497,14.435
FALSE POSITIVE,370.62071,311.1842,12.58,3.44E+02,2.12,10.5,6432,1.136,15.045
FALSE POSITIVE,0.589458602,131.82156,0.8278,1.58E+02,0.98,17.3,5286,0.776,15.314
CONFIRMED,3.91794676,132.86384,2.549,1.17E+02,0.94,13.5,5500,0.87,14.75
CANDIDATE,6.0059966,133.404,3.096,3.92E+01,0.73,7.8,6103,1.16,13.549
CANDIDATE,4.22426989,132.3611,4.22,1.36E+01,0.35,11,5735,0.883,11.756
CANDIDATE,330.906041,253.8224,3.846,7.40E+02,2.05,7.3,5461,0.769,15.77
CANDIDATE,56.3479517,163.3795,8.789,4.36E+01,1.06,15.1,5843,1.471,10.455
FALSE POSITIVE,0.614701901,132.08465,0.947,1.32E+02,0.82,11.2,4954,0.724,15.893
FALSE POSITIVE,0.934181579,132.39492,3.943,1.21E+01,0.79,19.8,7624,2.152,11.219
CANDIDATE,19.9778599,135.165,5.96,8.34E+01,1.07,12.8,6392,1.162,13.52
FALSE POSITIVE,379.65261,284.965,19.04,8.23E+01,1.2,8,6471,1.302,13.223
CANDIDATE,17.543847,138.9151,5.948,1.96E+02,1.15,9.9,5957,0.791,15.388
CANDIDATE,3.8183717,133.90812,2.687,5.08E+01,1.39,11.8,6738,1.692,13.821
FALSE POSITIVE,1.215181097,131.50904,1.295,3.97E+01,0.87,11.8,6717,1.365,13.516
FALSE POSITIVE,21.5324915,131.87749,4.156,1.01E+02,1.47,12.1,6737,1.41,13.41
FALSE POSITIVE,3.74779583,134.2022,3.157,8.85E+01,1.06,14.4,6341,1.111,14.416
CANDIDATE,9.07829171,138.25933,0.783,5.31E+02,3.69,7,5086,1.611,14.383
FALSE POSITIVE,0.91842238,131.5859,5.664,1.63E+02,16.07,12.9,5288,0.74,15.899
FALSE POSITIVE,373.43233,297.3505,16.5,1.67E+02,1.48,12.9,6146,1.141,13.477
CONFIRMED,9.74048508,134.87916,1.6993,1.21E+02,0.95,25.8,5051,0.721,8.717
FALSE POSITIVE,397.73781,171.6552,13.08,4.61E+02,2.2,8.8,6194,1.02,15.548
FALSE POSITIVE,5.35745121,131.62784,2.592,7.82E+01,1.65,16.4,6123,1.86,12.596
FALSE POSITIVE,2.16132662,131.90236,4.487,1.12E+02,0.5,25.3,3754,0.43,14.751
CANDIDATE,6.41097179,132.9844,2.582,2.34E+02,1.4,8.5,5383,0.933,15.631
CONFIRMED,6.76289308,135.6771,6.204,5.09E+01,1.21,14.6,6547,1.63,13.499
CANDIDATE,75.2116373,202.30222,3.203,3.63E+02,2.83,13.1,5818,1.5,14.39
CANDIDATE,6.36283414,131.8069,3.752,1.59E+02,1.12,9.9,5955,0.883,15.567
CANDIDATE,7.53737498,135.80956,3.966,4.11E+01,0.93,11.3,6483,1.436,12.912
FALSE POSITIVE,1.09844642,132.4402,1.528,4.50E+01,1.73,15.1,6403,2.391,13.19
FALSE POSITIVE,25.94947,148.9734,15.7,2.38E+02,1.22,8.2,5348,0.748,15.908
CANDIDATE,7.57600886,135.6293,3.361,4.90E+01,0.54,12.5,5361,0.774,13.241
FALSE POSITIVE,1.8789138,133.06338,4.279,3.02E+01,1.9,17.8,8046,3.339,12.95
CONFIRMED,41.8681996,146.9767,5.783,1.51E+02,1.25,12.5,5852,0.837,13.664
FALSE POSITIVE,0.514771509,131.94435,1.256,4.34E+01,0.57,12,5730,0.87,14.198
CONFIRMED,8.61742738,133.50863,2.713,1.55E+02,1.01,11.3,5009,0.84,14.79
FALSE POSITIVE,35.945188,146.6937,8.23,7.26E+01,1.5,4.1,6578,1.744,11.628
FALSE POSITIVE,5.00749378,134.69035,2.898,5.66E+01,1.68,14.7,5242,2.243,12.938
CONFIRMED,196.436796,173.692,8.556,6.32E+02,2.33,14.4,5462,0.946,15.139
CANDIDATE,8.8303681,134.80059,3.426,2.96E+02,1.32,10.9,5051,0.706,15.945
CANDIDATE,12.85755895,141.85597,4.831,1.07E+02,1.23,14.2,5860,1.156,13.821
FALSE POSITIVE,0.566810643,131.80277,3.471,4.56E+01,0.52,17.2,5776,0.758,14.844
CANDIDATE,33.502923,158.6469,11.947,7.09E+01,1.08,12.5,5999,1.177,13.219
CANDIDATE,148.568877,139.60402,4.399,4.04E+02,5.97,11.6,5814,2.985,14.744
CANDIDATE,9.3335486,137.6177,6.643,7.12E+01,1.69,11.7,5354,1.863,14.276
FALSE POSITIVE,262.477098,173.1293,5.816,1.02E+03,1.92,9.7,4227,0.62,15.72
FALSE POSITIVE,2.21030572,133.57674,2.492,9.20E+01,1.06,11.4,6355,1.09,14.886
CANDIDATE,9.54060855,131.91276,1.869,4.62E+02,1.75,11.2,5271,0.831,15.836
FALSE POSITIVE,5.99321872,133.6359,3.92,2.03E+02,1.23,9.5,5853,0.868,15.512
CANDIDATE,1.80926734,132.6883,2.469,9.80E+01,0.89,10.9,5897,0.891,15.186
FALSE POSITIVE,0.70544189,131.6954,1.772,1.34E+02,1.04,13.9,5838,0.897,15.826
FALSE POSITIVE,0.981399749,132.12493,0.5051,1.58E+02,1.21,16.2,6038,0.898,14.652
CANDIDATE,5.04413987,132.51986,1.623,1.72E+02,1.18,10.2,4954,0.828,15.377
FALSE POSITIVE,0.933728755,131.54241,4.363,1.35E+01,0.72,17.9,6652,1.863,10.959
FALSE POSITIVE,12.60759142,136.8554856,29.1267,7.95E+01,1.61,41.6,6047,1.002,11.36
CANDIDATE,5.3694084,133.8117,3.949,4.00E+01,0.62,8,5753,0.869,13.786
CANDIDATE,5.65690281,131.5761,3.583,3.22E+01,0.74,10.4,5687,1.32,12.715
FALSE POSITIVE,0.734573766,131.59872,1.295,6.84E+01,0.86,11.4,5602,1.051,14.617
FALSE POSITIVE,289.86046,258.5572,11.103,2.35E+02,1.5,10.3,5914,0.971,13.696
FALSE POSITIVE,357.13089,157.7985,13.04,3.31E+02,1.62,11.8,5838,0.897,15.271
FALSE POSITIVE,370.50684,150.8212,12.132,4.19E+02,2.06,8.8,6360,0.999,14.851
FALSE POSITIVE,1.332580225,132.03999,2.057,4.63E+01,2.18,16.4,6858,3.096,13.922
CANDIDATE,7.4299322,138.7701,4.013,1.65E+02,1.81,9.8,5635,1.252,15.128
CANDIDATE,79.334347,144.0233,10.886,1.65E+02,1.56,14.6,6384,1.15,13.815
CANDIDATE,5.68251605,131.6745,3.479,8.12E+01,1.03,9.4,5753,1.157,14.878
CONFIRMED,7.99144696,136.25855,3.639,1.45E+02,1.53,12.8,5700,1.006,14.955
FALSE POSITIVE,2.9039446,133.8526,10.542,1.31E+01,1.17,32,7846,3.05,9.162
FALSE POSITIVE,68.538296,186.21716,3.627,1.09E+03,25.77,11.3,4687,8.123,13.983
CANDIDATE,4.52628739,134.32065,3.736,9.96E+01,1.02,12.5,5700,1.006,14.955
FALSE POSITIVE,369.7985,173.3282,12.564,1.11E+03,2.53,11.1,5680,0.757,15.696
FALSE POSITIVE,6.5588346,133.8215,3.034,4.12E+01,0.7,8.1,5780,1,10.609
FALSE POSITIVE,0.643007769,131.68588,0.69,6.81E+01,0.35,10.3,3925,0.421,14.8
CANDIDATE,0.597018404,131.71277,0.4778,2.45E+02,1.09,16.5,4985,0.63,15.509
FALSE POSITIVE,1.061937837,131.7269,2.31,5.20E+01,0.68,16.3,5893,0.941,14.171
CANDIDATE,4.82025124,134.81355,2.129,9.41E+01,0.78,8.5,6035,0.777,14.639
CANDIDATE,12.4019263,141.1769,4.043,2.11E+02,1.49,9.5,5555,0.832,15.355
CANDIDATE,152.823896,147.5443,7.734,4.56E+02,2.45,9.9,6452,1.137,15.408
FALSE POSITIVE,15.07277287,143.96955,0.7794,3.45E+02,1.73,13,5521,0.771,14.269
FALSE POSITIVE,1.71659304,131.6976,1.154,1.38E+02,1.17,9.5,6192,0.987,14.971
CANDIDATE,6.80899076,132.19078,2.077,1.19E+03,89.29,11.5,4992,0.854,16.303
CANDIDATE,77.915425,160.9193,8.274,1.79E+02,1.17,9.2,5135,0.874,14.316
FALSE POSITIVE,358.818895,416.5775,2.503,6.66E+02,2.66,11.5,6056,0.918,13.919
FALSE POSITIVE,181.3537,190.4847,16.19,4.55E+02,2.11,11.7,5900,0.951,15.914
CANDIDATE,284.727213,142.0923,10.299,3.55E+02,2.02,12.7,5497,1.08,14.636
FALSE POSITIVE,3.74786694,134.17739,3.632,8.09E+01,0.89,19.1,5957,0.971,13.567
CANDIDATE,30.5392931,156.7026,6.887,4.28E+02,2.72,15,5803,1.328,15.271
FALSE POSITIVE,0.913244995,132.18552,0.4931,4.78E+01,0.77,10.2,5923,1.049,13.343
FALSE POSITIVE,2.97599368,132.9759,4.023,5.50E+01,0.79,13,6202,1.055,14.11
CANDIDATE,8.31224474,139.67706,2.663,7.08E+01,10.63,12.2,5421,0.816,13.019
FALSE POSITIVE,0.584148495,131.84461,1.6192,6.62E+01,0.87,21.9,5427,1.031,13.949
CANDIDATE,12.6362048,134.4588,3.961,1.24E+02,1.1,11.5,5772,0.992,14.241
FALSE POSITIVE,0.824180121,132.10276,2.839,2.08E+02,17.8,39.7,5977,0.883,14.638
FALSE POSITIVE,0.579770948,132.081304,1.0377,4.68E+02,2.4,44.3,5561,0.854,15.298
CANDIDATE,23.266633,132.4386,8.315,4.99E+01,2.66,11.4,5758,3.775,13.047
FALSE POSITIVE,0.92225589,131.8088,4.227,3.30E+01,1.29,7.1,5631,1.485,12.352
CANDIDATE,7.94004281,135.4315,3.282,8.19E+01,0.98,10.7,6278,1.081,13.757
CANDIDATE,2.85855049,132.28415,2.341,8.54E+01,1.23,11.4,5441,0.964,14.636
FALSE POSITIVE,0.75499096,131.8315,2.485,2.16E+02,1.39,9.9,5743,0.946,15.708
FALSE POSITIVE,353.40191,403.2834,6.681,9.48E+02,2.35,9.1,4957,0.763,15.687
CANDIDATE,8.95294046,134.33731,2.995,4.40E+01,0.86,13,6047,1.207,11.458
FALSE POSITIVE,1.428596987,132.79165,2.1401,5.00E+01,1.62,26.1,6745,2.144,12.619
CANDIDATE,4.84350003,134.81488,3.045,5.02E+01,0.9,10.4,5762,1.056,13.59
CANDIDATE,45.163025,159.8536,7.03,1.30E+02,2.35,8.7,7675,2.015,11.069
CANDIDATE,36.7614011,137.7551,15.982,1.61E+02,1.52,16.2,5305,0.823,15.598
CANDIDATE,4.373570433,133.82814,0.623,3.66E+02,1.23,14.5,4362,0.64,15.194
FALSE POSITIVE,2.21701025,131.80305,2.148,2.94E+01,1.16,11.7,7524,2.092,12.734
FALSE POSITIVE,43.0759115,160.13883,90.95,3.45E+03,213.46,323.1,4766,5.915,9.927
CANDIDATE,154.674369,177.3621,9.35,4.36E+02,2.29,13.5,6338,1.002,15.015
FALSE POSITIVE,372.62637,307.8836,18.52,5.42E+02,2.38,11.9,6014,0.993,15.412
FALSE POSITIVE,1.02087831,131.66089,2.429,3.34E+01,0.64,9.9,5750,1.106,14.103
FALSE POSITIVE,1.26132769,132.4274,1.244,1.10E+02,0.14,9.9,2900,0.132,15.918
FALSE POSITIVE,6.09406648,133.65981,2.085,3.03E+03,54.54,19,6785,1.666,9.58
FALSE POSITIVE,1.1578141,132.43684,3.253,5.48E+01,1.24,27.8,5412,1.629,13.548
CANDIDATE,15.9513866,146.45425,2.285,9.92E+01,1.17,9.2,6451,1.168,13.629
FALSE POSITIVE,0.566800926,131.81666,4.407,2.65E+02,2.19,63.2,5780,1,10.624
FALSE POSITIVE,24.1876477,145.8464,2.654,1.95E+02,118.8,11.4,6437,1.31,13.544
CANDIDATE,7.7859111,137.8734,7.788,4.55E+01,0.68,12,6045,0.954,13.515
FALSE POSITIVE,2.44926655,132.82121,2.988,1.08E+02,0.76,10.7,4840,0.749,15.238
FALSE POSITIVE,2.17812826,132.03068,2.601,1.01E+02,0.81,10.4,5426,0.805,15.613
CANDIDATE,31.183688,155.9588,6.14,1.40E+02,3.21,7.9,5947,2.407,13.931
FALSE POSITIVE,1.33259494,132.0286,2.783,9.27E+01,0.89,7.8,6063,0.918,15.165
FALSE POSITIVE,2.05048377,133.2849,3.67,6.05E+01,0.66,14.3,5568,0.854,14.352
FALSE POSITIVE,1.19550618,132.3006,3.337,2.69E+01,0.78,13.3,6088,1.463,13.45
CANDIDATE,2.94242323,133.86084,1.519,2.93E+02,1.42,14.7,5436,0.819,15.907
FALSE POSITIVE,0.683082998,131.73271,4.409,1.43E+02,9.92,26.1,8247,7.762,8.163
FALSE POSITIVE,0.791771167,131.523083,2.4463,5.09E+02,82.71,82.4,6218,3.07,13.852
FALSE POSITIVE,0.894172544,131.51006,0.8302,8.62E+01,0.68,16.9,4982,0.736,14.251
FALSE POSITIVE,1.68207624,132.12513,1.519,5.47E+01,1.01,11.1,6495,1.311,13.753
FALSE POSITIVE,9.8480917,136.80247,3.079,1.42E+02,0.88,9.7,5289,0.748,14.791
FALSE POSITIVE,0.566800593,131.8233,3.909,1.23E+01,0.48,10.4,6476,1.353,12.318
FALSE POSITIVE,0.969602551,131.93121,1.728,1.11E+02,0.69,10.4,4856,0.66,15.522
CANDIDATE,13.0914878,143.75198,2.037,3.75E+01,0.79,8,5919,1.288,11.993
FALSE POSITIVE,9.25801294,132.88335,2.854,8.81E+01,1.73,12.9,6200,1.834,13.49
FALSE POSITIVE,25.9554044,148.7989,8.491,1.23E+02,1.46,11.6,6058,1.038,14.145
FALSE POSITIVE,3.74788208,134.1709,4.183,1.53E+02,0.94,13.6,5340,0.777,15.527
FALSE POSITIVE,0.93479255,131.88578,4.5838,2.48E+02,24.75,78.3,6018,1.053,14.198
FALSE POSITIVE,361.43653,421.747,9.08,2.72E+02,1.56,10.8,6028,0.938,13.791
FALSE POSITIVE,0.89628253,131.54972,1.397,8.64E+01,0.76,13,5561,0.818,15.248
FALSE POSITIVE,1.67495622,131.8099,2.994,3.59E+01,0.77,15.3,6323,1.263,13.363
CANDIDATE,54.0812235,145.2689,6.279,4.11E+02,1.54,11.6,5757,0.762,15.487
FALSE POSITIVE,8.2344072,137.4733,2.808,5.92E+01,1.49,11.5,6148,1.741,12.88
FALSE POSITIVE,2.15052332,132.3132,3.447,1.16E+02,1.17,11,5780,1,13.322
FALSE POSITIVE,32.6122381,144.55067,2.886,1.32E+03,31.96,19.6,5780,1,11.486
FALSE POSITIVE,0.967073359,131.604602,2.4875,7.74E+02,28.15,92.4,5755,1.022,15.12
FALSE POSITIVE,3.5564279,133.5377,6.998,1.31E+02,0.8,12.3,5404,0.694,15.927
FALSE POSITIVE,0.942997994,132.24469,1.1658,5.39E+02,1.56,29.2,4499,0.693,15.878
FALSE POSITIVE,0.566796775,131.83811,5.471,1.44E+02,0.61,32.2,3453,0.358,15.51
CONFIRMED,13.6471211,132.2552,8.331,7.50E+01,1.25,14.7,5771,1.382,13.897
CONFIRMED,16.473474,142.68604,4.201,4.71E+02,1.63,13,5364,0.754,15.889
FALSE POSITIVE,3.74788322,134.17324,3.45,2.43E+02,1.32,16.3,5514,0.826,15.817
FALSE POSITIVE,0.705455349,131.67764,2.469,7.49E+01,0.64,18,5383,0.736,14.837
FALSE POSITIVE,488.67353,519.7805,12.35,6.91E+02,2.03,8.2,5218,0.772,15.747
CANDIDATE,8.5291223,135.74043,3.241,3.25E+02,2.08,12.8,5543,1.111,15.377
FALSE POSITIVE,1.08906057,132.0391,2.743,7.62E+01,0.75,10.4,5087,0.881,14.959
FALSE POSITIVE,1.48922187,132.3722,1.882,6.14E+02,2.5,10.8,5780,1,17.352
FALSE POSITIVE,0.716709761,132.05103,0.6969,6.84E+01,1.42,21.2,6109,1.173,10.047
FALSE POSITIVE,4.1083812,134.8932,3.279,3.53E+02,1.62,11.4,5730,0.87,15.771
CONFIRMED,1.962282625,131.53585,1.45,6.83E+01,0.81,12.9,5726,0.979,13.885
FALSE POSITIVE,0.523629052,131.63487,3.443,1.22E+02,46.33,61.4,4136,44.448,10.863
CANDIDATE,6.4546845,135.5436,3.071,6.99E+01,1.38,10.8,6474,1.362,13.784
FALSE POSITIVE,1.04588635,131.9887,2.833,1.03E+02,1.1,13.2,6249,1.076,15.805
FALSE POSITIVE,51.31346091,162.7018814,3.94,,,,,,13.888
CANDIDATE,0.494247662,131.84441,1.2443,2.25E+02,1.51,18.1,5763,0.998,15.666
CANDIDATE,11.8299383,138.3039,5.168,4.14E+01,1.6,11.7,5747,2.431,12.327
FALSE POSITIVE,419.92898,134.7701,14.55,2.34E+02,1.51,7.5,6047,0.988,14.755
FALSE POSITIVE,1.23521458,131.9681,0.918,8.95E+01,0.93,5,5999,0.959,15.637
FALSE POSITIVE,1.085229874,132.10036,0.652,2.38E+02,1.37,7.6,5713,0.851,15.959
FALSE POSITIVE,1.540379557,132.00637,2.026,7.69E+01,0.81,14.6,5812,0.914,14.298
CANDIDATE,5.30179786,135.9927,2.24,1.97E+02,1.22,11.5,5749,0.864,15.466
CONFIRMED,3.60011712,133.25983,2.396,5.02E+01,0.5,21.6,5051,0.721,8.717
CONFIRMED,9.32867952,135.87513,1.572,3.54E+02,1.62,12.7,5749,0.864,15.466
CONFIRMED,6.38671206,131.52991,1.201,2.24E+02,1.19,11.6,5071,0.811,14.58
FALSE POSITIVE,158.348345,260.2924,10.55,8.99E+02,372.86,17.6,6521,1.276,15.028
CANDIDATE,0.849362238,132.14191,1.36,1.15E+02,0.85,11.9,4973,0.788,15.357
CANDIDATE,0.741768294,131.57747,0.4164,6.03E+01,72.36,14,5897,3.147,13.469
FALSE POSITIVE,0.93376962,132.4211,7.023,1.26E+02,16.3,28.5,6056,0.975,15.318
FALSE POSITIVE,322.48381,189.1585,22.99,1.02E+03,3.5,27,5968,0.881,14.76
CANDIDATE,61.083322,132.494,10.396,2.28E+02,1.61,11.5,5803,1.015,14.748
CANDIDATE,3.5944891,132.36207,2.557,8.99E+01,0.98,10.4,5523,1.046,15.033
FALSE POSITIVE,0.739404894,131.69907,1.753,2.47E+02,0.94,21,4205,0.624,15.962
CANDIDATE,4.8608059,135.76776,1.966,2.52E+02,1.21,8.9,5541,0.757,15.933
CANDIDATE,4.04481159,133.60007,2.479,3.30E+01,0.67,7.5,6358,1.141,13.778
FALSE POSITIVE,25.94964132,148.9825267,11.6411,6.78E+01,2.06,7.6,5109,1.922,13.956
FALSE POSITIVE,1.71051215,131.65812,1.284,4.22E+01,1.04,11.2,5925,1.589,13.095
CONFIRMED,62.869463,166.0137,6.842,3.42E+02,1.96,16.2,4762,0.781,14.591
FALSE POSITIVE,84.8062818,192.37227,9.0006,9.94E+03,36.51,121.6,5735,0.853,15.808
CONFIRMED,29.9632816,149.94353,2.6,8.93E+02,2.24,17.7,4463,0.638,15.947
FALSE POSITIVE,17.99643716,134.910537,4.164,3.69E+04,30.08,123.5,4438,0.666,14.845
CONFIRMED,11.63486009,140.50071,5.466,2.92E+02,2.61,18.4,5570,1.548,15.035
CANDIDATE,4.8302364,134.9522,7.983,2.25E+01,1.06,11.6,5086,2.247,11.994
CANDIDATE,56.446465,170.59,7.371,1.48E+02,1.57,12.4,5995,1.117,14.046
CANDIDATE,31.4202111,132.7457,4.021,3.91E+02,1.45,10.6,5269,0.748,15.809
CONFIRMED,10.8118317,137.13426,2.627,7.68E+01,1.24,9.5,6025,1.196,13.385
CANDIDATE,5.56676609,132.49956,1.812,1.74E+02,1.12,12,5032,0.859,15.223
FALSE POSITIVE,1.208528832,131.97963,1.336,1.81E+02,1.25,10.6,6072,0.923,15.912
FALSE POSITIVE,208.1871179,146.5337609,2.5404,3.95E+02,1.99,4.2,5780,1,12.793
FALSE POSITIVE,0.93198504,131.62897,2.0472,3.27E+02,17.72,44.5,5470,0.777,14.477
FALSE POSITIVE,0.60818508,131.62275,0.909,1.45E+02,96.03,18.9,5981,1.043,14.538
CANDIDATE,5.38613715,133.95782,1.943,1.69E+02,0.86,8.9,5516,0.656,15.347
CANDIDATE,13.2965044,136.5669,5.68,1.33E+02,0.88,9.1,4352,0.613,15.073
CANDIDATE,21.8420304,150.82731,3.843,7.95E+01,2.01,9.5,6194,2.241,13.547
FALSE POSITIVE,1.65320144,132.40988,1.525,1.32E+02,0.74,6.7,4544,0.661,15.762
FALSE POSITIVE,3.37487541,132.48977,3.085,5.38E+01,0.75,8.3,6181,1.006,13.858
FALSE POSITIVE,0.962825082,132.21375,2.8464,1.18E+02,5.18,40.7,4898,4.928,12.173
FALSE POSITIVE,309.494217,375.9225,13.716,2.92E+02,2.79,14.5,6908,1.614,12.512
CANDIDATE,0.876850385,131.77033,1.534,5.92E+01,1.35,9.7,6102,1.756,14.878
FALSE POSITIVE,24.2382519,136.62118,2.703,4.66E+02,2.19,11.3,5763,0.904,15.752
FALSE POSITIVE,24.2416103,155.0323,5.137,3.23E+02,1.61,10.8,5763,0.904,15.752
CANDIDATE,413.51856,374.3587,10.395,3.91E+02,1.96,7.9,6031,0.992,15.106
CANDIDATE,20.7106368,140.89982,2.693,1.43E+02,1.12,11,5631,0.901,14.18
FALSE POSITIVE,69.3788597,154.19137,3.807,5.30E+02,2.07,16.8,5806,0.874,14.854
CONFIRMED,29.3493852,148.46564,4.313,6.59E+02,2.02,20.3,4987,0.722,15.689
CANDIDATE,3.43633133,132.42697,0.675,4.74E+02,1.44,14.5,5201,0.651,15.71
FALSE POSITIVE,449.57274,153.3061,9.328,2.21E+02,3.08,14.1,5691,2.079,13.679
FALSE POSITIVE,245.059374,301.678,9.549,1.65E+02,1.63,15.1,6036,1.265,12.854
CANDIDATE,142.703888,212.0311,5.808,2.26E+02,1.95,11,6701,1.289,13.964
CANDIDATE,3.38080537,133.94842,3.275,2.01E+02,1.69,11.6,6072,1.193,15.514
CANDIDATE,10.4716194,136.2877,4.512,1.24E+02,1.74,11.7,5812,1.574,14.486
CONFIRMED,11.49500229,141.27511,7.602,5.14E+01,1.53,22.9,6033,1.788,12.014
FALSE POSITIVE,0.708726708,132.08629,0.753,3.14E+02,0.92,13.4,4607,0.515,15.986
FALSE POSITIVE,283.72675,392.671,15.49,8.46E+01,1.18,9.3,6496,1.257,12.768
FALSE POSITIVE,373.60683,246.5809,8.752,5.35E+02,2.5,9.3,6184,1.038,15.256
CANDIDATE,6.78788113,136.3345,2.26,7.31E+01,2.44,7.8,6537,2.829,13.36
CANDIDATE,5.47455167,133.55529,3.71,7.32E+01,1.4,10.8,5611,1.312,14.211
CANDIDATE,3.43861067,132.68641,1.264,4.68E+01,1.01,9.5,5383,1.401,12.192
CANDIDATE,4.8754765,133.29167,1.902,3.96E+01,0.8,8.8,5513,1.286,12.207
FALSE POSITIVE,4.29388808,133.51002,3.618,1.11E+02,1.68,17.9,6615,1.574,12.209
FALSE POSITIVE,13.5437884,135.27623,5.7076,6.61E+03,32.21,114.4,5463,0.794,15.023
CONFIRMED,65.6491001,174.79319,7.298,9.84E+02,2.52,20.5,5436,0.819,15.858
CONFIRMED,25.1593389,153.0404,5.198,3.58E+02,1.76,13.1,5973,0.935,15.759
CANDIDATE,10.5071781,139.66432,2.68,2.72E+02,1.41,11.1,5290,0.865,15.654
CONFIRMED,31.7787564,136.76929,8.093,2.62E+02,1.5,25.9,5638,0.928,14.159
CANDIDATE,5.4398033,135.1594,3.256,8.55E+01,1,8.4,6108,1.08,14.829
FALSE POSITIVE,1.332568744,132.04697,3.755,2.41E+01,0.58,29.1,6620,1.081,11.834
CONFIRMED,9.0194714,139.9234,5.92,1.92E+02,1.07,7.2,5775,0.768,15.514
CANDIDATE,8.8493948,139.786,6.928,4.38E+01,0.82,12.1,6095,1.11,13.556
CANDIDATE,51.567801,168.873,5.514,2.10E+02,1.3,13.5,5285,0.876,13.882
CANDIDATE,16.4491515,145.7441,6.696,7.09E+01,2.75,11,5334,2.789,12.999
CANDIDATE,0.428046051,131.83682,0.776,1.26E+02,0.87,14.1,5285,0.775,15.247
FALSE POSITIVE,0.814278961,131.64806,2.087,7.20E+01,0.76,13,5537,0.886,15.367
CANDIDATE,19.254536,148.0172,4.754,1.86E+02,1.32,9.2,5668,0.868,15.23
FALSE POSITIVE,2.1890751,132.09378,2.365,9.48E+01,0.87,12.6,6077,0.891,14.92
CANDIDATE,384.6961,365.0874,6.167,7.87E+02,1.78,8.2,4228,0.623,15.677
FALSE POSITIVE,2.42649862,133.70347,2.014,2.92E+01,0.75,15.2,6033,1.316,12.222
FALSE POSITIVE,8.80854183,134.02712,34.7564,1.75E+02,2.69,137.3,6017,1.21,12.239
FALSE POSITIVE,219.74735,239.9455,22.48,1.90E+02,3.24,12.7,5127,2.38,12.821
FALSE POSITIVE,19.7639874,134.17,12.319,5.13E+01,1.19,13.5,6195,1.617,12.25
CONFIRMED,6.05919881,133.67437,1.365,1.54E+02,1.21,11.7,5734,0.962,12.253
CONFIRMED,7.5143967,136.1851,4.865,3.63E+01,0.96,9.8,6206,1.573,11.684
CONFIRMED,33.1981761,142.09873,4.709,3.37E+02,3.21,11.8,5570,1.548,15.035
CONFIRMED,5.32784157,133.55005,4.696,8.72E+01,0.86,15.9,5638,0.928,14.159
CANDIDATE,71.05457555,134.734589,1.9162,4.85E+03,5.91,95.9,5290,0.865,14.71
CANDIDATE,20.5512722,141.087,4.639,1.91E+02,1.64,20,5401,0.918,13.55
CONFIRMED,31.827649,134.59995,1.639,5.20E+02,4.98,16.4,4774,1.954,14.41
CANDIDATE,7.5861587,132.7988,4.32,1.17E+02,1.07,10.8,5934,0.871,14.84
CONFIRMED,0.824000125,131.80421,0.855,1.83E+02,0.42,12.3,3396,0.28,15.896
FALSE POSITIVE,0.772152075,132.2074,1.78,4.36E+01,4.44,13.6,5951,2.08,13.308
CANDIDATE,42.04952379,167.3423568,2.1372,6.08E+02,1.19,5.1,4281,0.48,15.263
FALSE POSITIVE,1.08469871,131.7376,4.077,1.24E+02,1.11,16.9,5942,0.938,15.824
CANDIDATE,6.60180003,137.476,2.624,2.13E+02,1.25,8.1,5591,0.86,15.414
CANDIDATE,3.19938075,133.01116,1.761,7.61E+01,0.62,9.8,5483,0.702,14.261
CANDIDATE,3.04185157,132.50422,1.434,6.90E+01,0.71,11.1,5802,0.857,14.147
FALSE POSITIVE,5.660274452,134.46727,0.9077,4.14E+02,11.02,26.4,5615,0.842,12.049
FALSE POSITIVE,1.23512429,132.00059,4.22,1.52E+01,0.38,15.7,5798,0.941,11.438
FALSE POSITIVE,1.381257093,131.84079,1.125,9.23E+01,1.1,11,5861,1.131,14.943
CANDIDATE,1.89873195,132.09278,1.382,7.80E+01,0.93,10.2,5942,1.05,14.457
CANDIDATE,11.39110963,137.69665,2.749,5.93E+02,1.9,12.1,4999,0.76,15.681
CONFIRMED,2.41810158,132.38894,2.144,4.68E+01,0.85,13.4,6258,1.239,12.278
CANDIDATE,7.13044117,135.594,2.566,3.19E+01,1.18,10.5,6312,2.074,12.31
CONFIRMED,33.4203001,159.1401,5.307,4.37E+02,2.46,8.9,5731,1.066,12.325
FALSE POSITIVE,58.3437362,169.90401,22.482,1.27E+03,93.55,75,5896,3.006,12.33
FALSE POSITIVE,1.070982122,131.98355,1.255,4.34E+01,0.98,9,5717,1.433,12.334
CANDIDATE,18.0939004,139.01706,3.294,4.67E+02,1.91,11.6,5904,0.867,15.739
CANDIDATE,34.9524256,163.52048,1.717,6.77E+02,21.74,15.8,4921,0.779,14.767
FALSE POSITIVE,23.81578356,141.84883,3.7591,4.86E+03,8.4,71,5561,0.818,16.029
CONFIRMED,31.1748311,159.10049,3.79,2.00E+02,1.31,17,6086,0.921,13.926
FALSE POSITIVE,0.474811162,132.20477,1.169,2.05E+02,1.28,17.4,5799,0.878,15.733
CONFIRMED,47.0568476,161.05864,5.2232,1.53E+03,2.84,38,5288,0.74,15.549
FALSE POSITIVE,367.73299,302.3576,10.158,5.04E+02,2.1,11.2,6225,0.931,14.892
CANDIDATE,15.1516409,133.9226,5.105,1.92E+02,1.38,11.4,5780,1,11.843
CANDIDATE,7.4213444,137.493,2.361,3.16E+02,1.73,8.7,6032,0.973,15.85
FALSE POSITIVE,0.743495989,132.18904,2.255,1.73E+02,11.82,26,5345,0.686,15.222
FALSE POSITIVE,1.405887031,132.01147,1.184,2.16E+02,0.95,13.8,4440,0.653,15.643
CANDIDATE,17.7412303,144.3554,4.816,1.45E+02,1.14,9.2,5817,0.956,14.641
CANDIDATE,2.63527677,133.97919,1.997,7.04E+01,0.76,10.7,5215,0.864,14.342
FALSE POSITIVE,1.45728997,131.5882,3.582,7.13E+01,0.93,15.5,6063,1.012,14.561
CANDIDATE,147.388124,174.6537,8.781,9.09E+02,3.03,15.8,6046,1.007,15.817
CANDIDATE,4.11497357,135.318,3.025,1.54E+02,1.17,9.7,6011,0.927,15.392
FALSE POSITIVE,1.245331397,132.22902,2.566,3.81E+01,1.61,26.5,6106,2.477,12.341
FALSE POSITIVE,1.52593737,132.6849,1.958,1.59E+02,1.39,9.6,6184,1.038,14.943
FALSE POSITIVE,8.21429932,135.00609,3.099,7.07E+01,1.66,19.7,6277,1.869,12.344
FALSE POSITIVE,1.54945486,132.47682,6.698,2.18E+01,1.34,20.9,7382,2.804,12.374
FALSE POSITIVE,8.42943991,132.29198,2.441,8.91E+01,1.19,19.7,6353,1.132,12.385
CONFIRMED,10.60052083,132.98523,4.509,6.09E+01,1.09,17.4,6035,1.303,12.405
FALSE POSITIVE,0.9570701,131.7767386,2.75,,,,,,14.446
CONFIRMED,21.8634638,145.2419,3.542,8.71E+02,2.37,9.9,5383,0.789,15.965
FALSE POSITIVE,86.4392931,144.58294,6.534,1.18E+03,35.31,20.5,6208,1.024,14.329
CONFIRMED,63.3354719,162.6161,3.651,9.83E+02,1.18,13,3526,0.383,15.921
FALSE POSITIVE,14.77820911,144.09725,5.395,1.08E+04,44.48,123.1,6258,1.046,15.696
FALSE POSITIVE,15.60862948,144.30211,6.6957,3.44E+04,39.42,186,5569,0.829,15.466
FALSE POSITIVE,389.14115,309.5721,7.93,3.47E+02,1.67,10.1,6043,0.894,14.534
FALSE POSITIVE,365.78863,187.5436,12.76,8.85E+02,2.21,10.5,5407,0.752,15.964
FALSE POSITIVE,2.4826619,133.78028,2.115,3.70E+01,0.8,10,6356,1.225,13.505
FALSE POSITIVE,2.17811908,132.02334,1.468,7.40E+01,0.8,9.8,6039,0.921,14.555
FALSE POSITIVE,1.11205787,132.01568,1.459,1.19E+02,1.02,16.1,6098,0.932,14.935
FALSE POSITIVE,224.447413,293.1378,4.986,6.51E+02,2.05,7.9,5489,0.798,15.618
CANDIDATE,7.5019743,135.0995,2.582,2.48E+02,1.19,9.1,4807,0.758,15.562
FALSE POSITIVE,21.8660922,138.517,2.03,3.02E+02,1.88,9.2,6309,1.077,15.019
FALSE POSITIVE,5.09506,132.4511,5.73,2.36E+01,2.14,7.6,6700,4.146,12.062
CANDIDATE,29.1206519,138.4718,2.89,4.16E+02,1.6,9.7,5671,0.788,15.536
CONFIRMED,0.689967868,131.63498,1.1688,1.23E+02,0.78,28.7,4872,0.726,12.411
FALSE POSITIVE,1.89132292,132.6489,5.607,1.60E+01,0.9,14.8,8482,2.106,12.417
CANDIDATE,6.91261536,132.15638,2.359,3.44E+01,0.64,12,5761,1.044,12.419
CANDIDATE,25.8616058,140.2048,7.78,1.23E+02,1.12,8.5,6067,0.884,15.183
FALSE POSITIVE,0.918420801,131.58576,3.533,5.67E+01,1.14,40.3,6210,1.434,12.434
FALSE POSITIVE,0.573709256,131.93854,1.4932,1.31E+02,7.05,37.5,5261,5.769,12.436
CONFIRMED,13.8353959,134.3082,4.961,8.18E+02,3.78,10.3,6020,1.057,15.842
CANDIDATE,18.9060921,140.82932,4.125,3.76E+02,0.87,11.9,3751,0.45,15.931
CANDIDATE,25.6970688,144.2286,3.739,8.35E+02,3.83,6.4,6020,1.057,15.842
FALSE POSITIVE,46.9434911,176.32544,1.368,1.01E+02,1.57,6.6,6253,1.55,13.098
CONFIRMED,19.5906103,144.65969,6.745,2.97E+02,2.64,24.9,5794,1.496,15.024
CONFIRMED,8.23983041,137.75528,5.619,2.51E+02,2.35,29.4,5794,1.496,15.024
CANDIDATE,6.07855,132.5345,3.408,1.03E+02,1.14,10.4,6119,1.114,14.458
FALSE POSITIVE,427.65334,136.2622,11.17,1.57E+02,1.97,7.2,5325,1.565,13.776
FALSE POSITIVE,412.041857,354.8569,5.572,1.96E+03,3.77,12.3,5485,0.867,15.403
CANDIDATE,2.131660527,133.13431,1.8585,3.22E+01,0.56,15.7,5849,0.997,11.893
CANDIDATE,5.75902182,132.16301,2.687,7.08E+01,0.91,9.9,6247,1.066,14.199
CANDIDATE,0.903763067,131.51926,0.562,2.68E+02,1.08,12.6,4430,0.651,15.697
FALSE POSITIVE,0.9628348,132.1907,2.259,9.28E+01,0.81,7.6,5559,0.838,15.466
CANDIDATE,5.66494448,136.33835,4.173,4.60E+01,0.78,11.4,5888,1.13,13.221
FALSE POSITIVE,1.57017249,132.1034,2.257,1.58E+02,0.82,10.2,5300,0.66,15.981
FALSE POSITIVE,0.566798364,131.81891,3.172,3.86E+01,0.66,14.1,5864,1.04,14.895
FALSE POSITIVE,3.22452656,132.50118,5.156,5.75E+01,24.48,24.3,3857,34.674,12.474
FALSE POSITIVE,1.89127438,132.68059,4.491,3.23E+01,2.03,24.6,7919,3.46,12.481
FALSE POSITIVE,1.33256944,132.05502,3.89,2.06E+01,0.46,18.8,5655,0.998,12.496
CONFIRMED,66.6504521,171.18229,5.744,5.37E+02,1.56,27.1,4550,0.679,14.352
FALSE POSITIVE,55.7002642,152.6957,4.285,3.33E+02,1.18,10.8,4267,0.67,14.807
CONFIRMED,3.54553077,132.37486,4.143,1.19E+02,1.62,18.1,5794,1.496,15.024
CANDIDATE,85.0624157,149.220739,4.6964,4.19E+04,21.26,495.3,5223,0.875,15.954
FALSE POSITIVE,10.88241656,132.677164,5.4674,1.66E+04,29.69,265.2,4946,0.715,14.874
FALSE POSITIVE,25.19830439,142.2240343,5.1942,7.38E+04,46.14,1669.4,5955,0.883,15.94
CANDIDATE,14.3196417,134.16323,3.781,2.16E+02,2.06,12.5,5562,1.373,15.076
FALSE POSITIVE,0.50727675,131.77681,2.32,2.15E+02,1.7,33.5,5970,1.143,13.639
CANDIDATE,5.2736268,135.6461,5.291,8.61E+01,0.89,8.7,5851,0.918,15.374
CANDIDATE,24.5041103,140.1805,6.065,1.20E+02,1.03,11.3,5250,0.962,14.375
FALSE POSITIVE,1.316398648,132.2998,1.169,1.83E+02,1.09,13.1,5088,0.806,15.797
FALSE POSITIVE,419.4596,275.458,13.53,1.32E+02,2.1,8.4,5248,1.869,13.846
CANDIDATE,9.97202023,137.71181,1.425,3.30E+02,1.26,8.6,4810,0.696,15.693
FALSE POSITIVE,14.2005007,135.7279,5.232,8.06E+01,13.28,10.6,6332,1.065,13.594
FALSE POSITIVE,1.318347743,132.7886,0.871,1.13E+02,1.23,10.6,6143,1.121,14.942
FALSE POSITIVE,5.5834987,132.562,2.484,8.74E+01,1.41,11.8,6517,1.375,13.663
FALSE POSITIVE,1.12401084,131.64952,3.052,4.36E+01,0.61,10,5941,0.911,14.665
FALSE POSITIVE,1.21374652,131.735,3.371,2.89E+01,0.59,17.4,6238,1.049,12.107
CONFIRMED,5.24970432,135.46911,2.746,6.19E+01,0.67,13.9,5528,0.853,13.404
FALSE POSITIVE,45.4333769,172.93877,6.351,9.06E+02,2.23,18.1,4371,0.559,15.773
CANDIDATE,40.3511707,153.40933,3.97,5.34E+02,1.88,11.3,5665,0.82,15.676
CANDIDATE,72.9332762,198.11468,3.829,7.70E+02,2.45,11.3,5316,0.902,15.679
CONFIRMED,56.6746666,160.44836,5.516,8.83E+02,4.01,22.7,5541,1.295,14.682
FALSE POSITIVE,63.9005941,189.47344,8.2789,1.71E+04,25.91,110.8,5204,0.634,15.426
CANDIDATE,12.6878176,136.1525,4.262,2.93E+02,2.16,13.5,6258,1.046,15.813
CANDIDATE,483.36405,483.0784,15.61,2.85E+02,1.27,8.3,5700,0.718,14.861
CONFIRMED,16.2951259,144.80425,3.678,1.98E+02,1.15,13,4915,0.812,15.061
FALSE POSITIVE,18.17304501,355.230984,10.9113,6.99E+04,24.39,1820.5,5799,0.86,15.927
FALSE POSITIVE,14.12678065,137.90377,5.9303,7.65E+03,31.13,127.1,5656,0.784,15.91
FALSE POSITIVE,358.56462,151.8698,11.64,1.70E+02,0.99,9.6,5375,0.752,13.542
CANDIDATE,12.0729757,142.429,3.783,9.95E+01,1.69,9.7,5436,1.707,14.216
FALSE POSITIVE,1.337561836,132.14597,1.575,4.10E+01,1.11,9.5,6406,1.715,14.217
FALSE POSITIVE,2.23755641,133.0574,2.089,1.01E+02,0.93,7.3,6026,0.924,15.578
CANDIDATE,82.401274,140.6557,6.48,4.31E+02,2.21,10.1,5886,1,15.202
CANDIDATE,11.91256675,143.15988,6.126,1.23E+02,2.61,27.8,6337,2.335,11.915
CANDIDATE,4.08197713,132.10953,2.943,2.62E+01,0.6,9.3,6538,1.156,13.05
FALSE POSITIVE,1.035268597,131.73249,0.5663,1.12E+02,1.34,15.1,6332,1.205,13.866
FALSE POSITIVE,359.3259,431.3267,9.836,2.46E+02,3.6,13.5,6570,2.27,13.274
FALSE POSITIVE,0.566805268,131.8224,3.721,3.57E+01,0.65,12.5,6403,1.086,15.061
CANDIDATE,0.912179022,131.81174,1.332,1.45E+02,0.65,10.3,3880,0.555,15.783
CONFIRMED,12.27057043,137.57434,3.002,2.96E+02,1.67,18.7,6075,0.969,14.411
CONFIRMED,13.2274753,137.71768,6.356,2.30E+02,1.94,16.4,6269,1.155,15.05
CANDIDATE,76.87935893,146.882451,2.3819,2.13E+04,7.71,131,3638,0.436,15.949
FALSE POSITIVE,0.559517155,132.07411,0.596,5.79E+01,1.04,12.7,6462,1.309,13.741
CANDIDATE,13.0151826,134.74697,3.613,3.32E+02,1.36,11.9,4794,0.643,15.961
FALSE POSITIVE,29.47316279,154.89251,6.4327,1.26E+04,48.98,179.3,5838,0.897,15.957
FALSE POSITIVE,0.580725004,131.73303,2.071,1.05E+02,0.85,18,5471,0.841,15.236
FALSE POSITIVE,1.94468659,133.2347,18.22,4.56E+02,69.59,17.1,7894,3.521,11.708
CONFIRMED,7.28116667,132.7518,2.716,3.34E+02,1.4,11.5,5008,0.788,15.993
FALSE POSITIVE,383.10017,286.3372,8.8,5.79E+02,2.18,10,6011,0.902,15.339
CANDIDATE,2.87998334,131.48485,1.658,1.17E+02,0.85,9.9,4951,0.806,14.712
FALSE POSITIVE,0.605556082,132.02856,1.2399,1.02E+02,0.86,15.3,6123,0.846,14.99
CONFIRMED,4.36125889,132.53228,2.174,1.89E+02,1.2,10.7,5520,0.873,14.951
CANDIDATE,21.08678557,135.5636,0.978,5.00E+02,2.08,11,6084,0.863,15.185
FALSE POSITIVE,1.19087362,131.71838,1.785,6.75E+01,0.73,8,5158,0.888,15.28
FALSE POSITIVE,1.06484622,131.5817,3.287,4.24E+01,0.72,12.5,6445,1.087,14.772
FALSE POSITIVE,0.969824139,132.28429,0.783,2.31E+01,0.49,6.8,5780,1,11.563
FALSE POSITIVE,190.60563,229.5171,14.33,1.54E+02,1.6,11.6,6200,1.287,13.431
CANDIDATE,5.19206571,134.5614,3.716,6.66E+01,0.99,10.5,6322,1.075,14.423
CANDIDATE,449.01499,144.707,12.58,9.42E+01,1.04,8.5,6031,1.068,12.291
FALSE POSITIVE,8.480305,135.8796,6.19,3.04E+02,1.33,11.5,4895,0.696,15.866
FALSE POSITIVE,410.11676,328.2965,13.97,2.17E+02,1.41,11.2,5587,0.965,13.736
CONFIRMED,54.5091549,140.82739,5.125,6.22E+02,1.94,17,4406,0.603,15.498
CANDIDATE,17.4532945,146.66244,4.027,7.93E+01,0.76,12,5528,0.853,13.404
CONFIRMED,14.1959621,137.01221,3.605,1.96E+02,1.66,14.1,6214,1.076,14.706
FALSE POSITIVE,11.52482874,134.08163,1.724,5.78E+02,22.56,16.2,5592,0.892,15.595
FALSE POSITIVE,46.84008579,164.134422,3.8198,6.29E+03,428.62,147.9,6006,1.055,15.314
CANDIDATE,6.70242786,133.17733,1.221,6.53E+01,1.82,8.8,5466,2.224,12.954
FALSE POSITIVE,0.992798625,131.70889,3.5065,5.83E+02,29.26,79.1,6055,1.098,15.04
CANDIDATE,7.79534033,138.03216,3.406,1.02E+02,1.07,10.2,6156,1.05,14.726
FALSE POSITIVE,186.72243,308.6018,13.35,3.26E+02,1.84,11.5,6040,0.999,15.085
FALSE POSITIVE,118.4039,195.109,5.593,4.26E+02,3.46,4.4,6486,1.64,11.426
FALSE POSITIVE,182.281992,159.6829,8.828,5.09E+02,1.67,8.7,5503,0.742,15.405
CANDIDATE,2.40174996,131.7811,1.413,2.54E+02,0.65,13.2,3606,0.399,15.737
FALSE POSITIVE,10.0102876,131.8186,5.33,1.27E+02,0.69,7,4214,0.601,15.761
CANDIDATE,115.238544,155.5989,7.653,5.17E+02,3.17,10.6,5589,1.037,15.259
CANDIDATE,21.7434141,148.935,8.143,1.55E+02,2.23,15.8,5767,1.497,13.816
FALSE POSITIVE,1.366964704,132.195909,2.3181,5.97E+01,0.79,3.3,5780,1,11.948
FALSE POSITIVE,0.77957913,131.7173,2.457,7.04E+01,0.71,11.1,5699,0.853,15.703
FALSE POSITIVE,0.544561598,131.94532,1.6053,3.52E+01,44.9,31.1,3715,80.529,12.122
CANDIDATE,5.6795377,132.95,3.757,5.20E+01,1.16,12.5,6514,1.585,12.892
FALSE POSITIVE,17.4453133,135.7562,5.14,3.28E+02,5.38,12.2,4927,3.04,15.807
FALSE POSITIVE,2.9788702,133.5035183,9.3,,,,,,14.201
FALSE POSITIVE,1.97515457,132.6578,2.633,6.61E+01,0.92,9.2,5571,1.145,14.878
CANDIDATE,9.33955596,138.11016,2.058,2.45E+02,2.67,10.1,5516,1.101,15.03
FALSE POSITIVE,21.993112,131.68608,8.616,1.02E+03,23.21,37.3,5205,0.747,15.249
CONFIRMED,19.5489666,149.78882,1.78,5.24E+02,1.89,12.6,5549,0.732,15.717
CANDIDATE,7.41834569,133.51738,2.462,2.34E+02,1.12,11.2,5549,0.732,15.717
FALSE POSITIVE,27.6853358,132.70397,4.661,1.66E+03,3.11,49.3,5216,0.639,15.329
CONFIRMED,35.6225528,141.4514,4.845,6.51E+02,2.24,9.6,5799,0.878,15.332
FALSE POSITIVE,7.1403113,137.9994,5.891,1.12E+02,1.18,11.8,6354,1.016,14.738
FALSE POSITIVE,2.69487041,131.59964,2.553,6.21E+01,0.97,10.3,5823,1.187,14.464
CONFIRMED,112.303136,230.4383,5.869,5.02E+02,1.3,13.1,4401,0.595,14.976
CANDIDATE,92.461135,211.1951,14.344,1.22E+02,2.86,20.7,5132,2.648,11.784
FALSE POSITIVE,49.5387264,132.50072,2.238,7.41E+02,20.52,10.3,5683,0.747,14.94
FALSE POSITIVE,3.39155966,134.1211,3.87,2.84E+01,0.49,8.2,5896,0.914,13.773
CANDIDATE,9.2294726,136.173,2.446,1.99E+02,0.82,7.5,4781,0.596,13.78
FALSE POSITIVE,1.33254897,132.0549,3.083,5.92E+02,32.84,16.2,4894,13.777,16.072
CANDIDATE,18.3721835,149.4627,3.738,1.53E+02,1.12,9.5,5937,0.83,14.965
FALSE POSITIVE,18.2260472,133.5798,3.664,3.61E+02,1.85,10,5440,0.98,15.418
FALSE POSITIVE,0.630539713,131.99124,1.7407,2.40E+02,21.07,27.7,5458,0.894,15.476
CANDIDATE,17.99562529,145.60092,0.871,1.07E+03,28.98,12.1,5999,0.959,15.822
FALSE POSITIVE,1.018347376,131.69633,4.386,4.78E+01,1.92,33.3,5858,2.638,12.905
FALSE POSITIVE,0.659299289,131.738727,0.6908,1.12E+03,30.54,108.6,5791,0.852,14.499
FALSE POSITIVE,101.9743513,163.8034772,2.34,,,,,,15.968
CANDIDATE,63.095068,158.1168,9.485,4.97E+02,11.67,11.4,6622,1.325,15.765
FALSE POSITIVE,4.45540935,134.4555812,4.14,,,,,,14.85
FALSE POSITIVE,37.32483952,143.0389,6.9676,4.99E+03,30.32,155.6,5306,0.79,14.727
FALSE POSITIVE,25.951984,148.92323,20.585,2.34E+03,36.8,131.4,5889,1.046,15.112
CANDIDATE,21.7203362,134.7659,4.252,8.78E+01,0.8,12,5528,0.853,13.404
CONFIRMED,42.9136635,139.88848,5.227,1.61E+02,3.19,18.2,6049,2.483,13.062
FALSE POSITIVE,88.1804682,209.15533,5.033,1.14E+03,2.78,17.5,5497,0.839,14.71
CONFIRMED,177.668663,264.2428,9.298,9.01E+02,2.32,12.7,4721,0.701,15.891
FALSE POSITIVE,0.98041685,131.78321,0.919,1.06E+02,0.75,8.8,4861,0.722,14.484
CONFIRMED,92.263742,146.4247,8.605,2.97E+02,2.22,12.2,6084,1.283,15.015
CONFIRMED,6.64754478,137.13371,1.961,2.89E+02,1.72,12.4,6046,1.007,15.724
FALSE POSITIVE,1.23517588,131.9561,5.476,2.33E+02,1.59,19.3,5780,1,11.908
CANDIDATE,1.97650073,132.95624,1.788,1.13E+02,0.97,10.4,5792,0.923,15.608
CANDIDATE,3.79892774,133.289,4.112,4.70E+01,1.46,8.3,6831,2.106,13.008
FALSE POSITIVE,0.416995408,132.21942,0.8928,1.13E+02,0.84,19.9,6150,0.781,14.964
CANDIDATE,14.7401061,133.5305,5.637,2.38E+02,1.48,10.3,5999,0.959,15.479
FALSE POSITIVE,256.52387,366.9377,9.07,1.26E+02,1.33,7.5,6348,1.18,13.585
FALSE POSITIVE,3.0001191,132.9097,6.61,7.70E+00,0.73,7.3,8431,2.485,11.96
CONFIRMED,81.4160138,160.86387,14.175,7.62E+02,4.63,54.3,6352,1.401,12.146
CANDIDATE,4.7309013,135.19333,2.889,2.29E+02,1.39,11.6,5941,0.911,15.68
CANDIDATE,21.3761817,143.6293,8.543,1.04E+02,1.08,12.1,5984,1.052,14.143
CANDIDATE,6.58753699,138.0427,2.043,2.32E+02,1.51,8.2,6014,0.993,15.652
FALSE POSITIVE,8.5900471,131.9816,3.463,1.37E+02,0.8,9.6,4914,0.707,14.832
FALSE POSITIVE,357.82544,255.208,9.12,1.53E+02,1.7,11.1,6131,1.312,12.117
CONFIRMED,30.8278245,143.1448,4.214,6.41E+02,2.42,13.9,5982,0.96,15.765
CONFIRMED,47.1607932,150.25797,4.003,7.23E+02,2.58,13.6,5936,0.965,15.57
CONFIRMED,49.2768448,157.02073,3.787,1.13E+03,1.75,17.8,3899,0.529,15.855
CONFIRMED,35.2330694,135.36477,3.674,3.53E+02,0.97,14.5,3749,0.524,14.467
FALSE POSITIVE,45.3965379,136.9486,3.826,1.00E+03,1.97,15.3,4266,0.643,15.984
FALSE POSITIVE,508.807642,368.34861,4.495,2.13E+03,39.59,14.8,4893,8.811,15.635
CANDIDATE,36.721576,151.2481,7.758,5.38E+02,1.93,10.2,5662,0.84,15.919
FALSE POSITIVE,362.69427,154.1124,9.7,4.40E+02,3.54,11,5288,1.719,14.73
FALSE POSITIVE,370.35639,425.9854,12.75,7.32E+02,2.82,13,6117,1.025,15.189
CANDIDATE,96.81647,136.55813,10.227,1.65E+02,3.19,25.9,6404,2.467,11.816
FALSE POSITIVE,0.729724346,132.04276,2.699,2.30E+01,0.51,14.3,6084,1.03,12.546
CANDIDATE,3.51413723,132.40707,3.919,3.27E+01,0.69,11.2,6201,0.989,13.474
CANDIDATE,4.96504981,135.55399,2.212,5.07E+01,1.51,8.7,5339,2.011,12.739
FALSE POSITIVE,0.821472455,132.3003,2.433,1.27E+02,0.92,11.3,4889,0.836,15.758
FALSE POSITIVE,1.29019586,132.11311,3.741,8.65E+01,0.78,11.1,5693,0.842,15.274
CANDIDATE,1.141148847,132.24561,1.629,7.31E+01,1.67,12.7,5438,1.989,14.58
CANDIDATE,12.460565,139.2206,3.903,1.44E+02,1.1,10.2,5435,0.933,14.732
CANDIDATE,19.5945772,150.1394,6.77,1.29E+02,1.18,8.8,6118,1.023,15.451
FALSE POSITIVE,8.48032079,135.85214,5.791,1.71E+02,0.95,14.7,5415,0.728,14.879
CANDIDATE,409.87844,238.9944,10.58,6.47E+02,2.72,8.7,6167,1.064,15.731
FALSE POSITIVE,227.6258,143.8206,9.47,1.31E+02,1.79,8.8,6240,1.549,13.607
CONFIRMED,18.1373788,136.8106,3.844,3.11E+02,1.41,11.3,4257,0.602,15.464
CONFIRMED,51.1104797,143.77855,7.712,3.30E+02,1.6,21.9,5968,0.881,14.06
CONFIRMED,47.9869119,160.65401,5.342,8.59E+02,3.35,25.7,5641,0.981,14.19
FALSE POSITIVE,359.047933,295.76934,16.637,5.62E+03,7.76,91.1,5609,1.048,14.215
FALSE POSITIVE,29.8042694,150.6786,3.107,1.05E+03,24.73,17.9,5223,0.827,15.945
CANDIDATE,7.08757462,138.27614,3.342,1.87E+02,1.28,11,6060,0.925,15.274
CANDIDATE,3.74318005,135.13816,1.111,2.38E+02,1.75,10.5,5207,0.851,14.924
CANDIDATE,5.4169303,133.7916,7.512,1.10E+02,8.17,11.3,6355,1.108,15.411
FALSE POSITIVE,1.003049079,132.372429,7.9657,2.19E+05,42.5,1766.7,5775,0.844,15.097
FALSE POSITIVE,0.933157032,132.35981,2.614,8.78E+01,7.29,15.2,6499,1.169,15.013
FALSE POSITIVE,37.1083458,166.2453,4.112,3.67E+02,1.71,7.9,5591,0.86,15.948
CANDIDATE,31.1920226,153.83296,2.849,4.48E+02,1.65,11.6,5675,0.777,15.401
FALSE POSITIVE,1.02104719,131.5654,6.39,2.46E+02,13.68,18.5,6444,1.2,15.367
CANDIDATE,7.630545,907.04471,3.63,3.65E+02,2.26,11.3,6407,1.179,14.12
FALSE POSITIVE,12.083457,134.475,3.536,3.13E+02,2.09,8.6,6422,1.175,14.12
FALSE POSITIVE,401.5907,172.2086,14.77,1.15E+02,1.01,11.9,6170,0.939,13.376
CANDIDATE,6.6716723,131.92708,2.693,1.54E+02,1.27,10.3,6086,1.021,15.134
FALSE POSITIVE,53.91278363,132.2733337,44.0504,2.17E+02,4.25,56.4,6085,2.02,12.147
FALSE POSITIVE,1.23142395,131.7651,2.186,1.96E+01,0.77,10.8,6011,1.73,12.976
CANDIDATE,409.38645,340.621,13.78,5.32E+02,1.78,10.3,4955,0.799,15.149
FALSE POSITIVE,386.828262,177.56829,5.045,1.02E+03,6.54,19.7,6384,1.615,13.637
FALSE POSITIVE,15.8733803,135.62779,7.4672,4.09E+03,8.15,136.5,6161,1.054,13.91
FALSE POSITIVE,42.3991752,151.96105,7.251,4.84E+02,3.23,36.9,6133,1.121,13.383
FALSE POSITIVE,25.95198823,154.88102,14.602,5.10E+03,39.94,125,6363,1.035,15.766
FALSE POSITIVE,25.9522401,148.91634,20.813,2.90E+03,42.91,90.5,5659,0.904,14.691
FALSE POSITIVE,14.12809896,137.11989,2.326,2.63E+02,1.6,20.3,6072,0.988,14.284
CANDIDATE,17.7662938,146.6886,3.079,1.81E+02,1.54,10.1,5724,0.946,14.971
FALSE POSITIVE,13.6917833,133.78898,4.198,1.45E+02,1.12,14.2,5906,0.931,14.565
FALSE POSITIVE,25.95633,154.7054,26.34,1.58E+02,9.75,11.9,6139,0.881,14.876
CANDIDATE,11.56722589,132.25385,2.507,3.74E+02,1.29,11.5,4597,0.691,15.674
FALSE POSITIVE,0.572937573,131.69432,2.576,8.08E+01,1.57,32,7338,1.593,11.825
CANDIDATE,631.56889,145.0148,14.37,7.89E+02,3.13,20.7,6382,1.059,14
FALSE POSITIVE,14.15849823,134.0065,46.356,3.47E+02,90.09,225.1,8753,3.746,11.98
FALSE POSITIVE,207.471349,254.0825,7.469,2.29E+02,1.57,8,5731,1.033,13.749
FALSE POSITIVE,12.3748247,138.0615,90.01,3.91E+02,81.01,85.7,5165,3.598,13.455
CANDIDATE,4.31724247,133.4243,4.126,5.90E+01,1.01,11.3,5992,1.31,13.6
CANDIDATE,3.74099144,132.2112,5.428,3.43E+01,1.85,12.3,5110,3.231,13.096
CANDIDATE,302.779824,355.5989,16.847,2.71E+02,1.31,12.3,5734,0.797,14.16
FALSE POSITIVE,14.54178117,144.269401,9.1151,1.44E+05,2722.92,768.9,5997,1.148,16.709
FALSE POSITIVE,12.4261177,141.51156,28.5357,1.23E+03,3.8,89.9,5713,0.851,15.99
CONFIRMED,21.1876185,148.8101,3.69,7.17E+01,0.79,8.5,6355,0.849,13.827
FALSE POSITIVE,12.42560404,141.5345371,23.9402,4.59E+02,2.52,40.8,5713,0.893,15.717
FALSE POSITIVE,30.9604688,156.1377,14.992,4.61E+02,89.18,27.1,5367,3.558,13.405
FALSE POSITIVE,1.041619932,131.836717,8.1218,1.84E+03,30.94,374.1,5838,0.991,13.606
FALSE POSITIVE,2.544594443,135.040236,3.21373,3.49E+05,109.72,608.9,5503,1.616,16.319
FALSE POSITIVE,56.40651043,138.309825,18.4332,1.02E+05,21.93,1597.3,5011,0.647,15.681
FALSE POSITIVE,7.964400574,131.563644,4.4761,1.91E+05,61.54,879.2,4478,0.715,16.2
FALSE POSITIVE,6.399101307,134.702264,4.7439,8.33E+04,51.77,154.4,6233,0.988,14.798
CONFIRMED,34.9168399,157.6693,7.343,5.00E+02,2.39,15.4,6194,1.069,15.674
FALSE POSITIVE,0.56678228,131.8571,4.725,1.47E+02,0.88,15.1,4796,0.749,15.53
FALSE POSITIVE,8.480303653,135.854594,7.48907,8.14E+04,22.25,301.4,5385,0.787,13.183
CANDIDATE,94.094392,196.7503,10.833,4.66E+01,0.9,10.6,6099,1.308,11.049
CONFIRMED,22.1270885,144.93039,4.472,4.18E+02,3.94,12.6,5312,1.445,14.523
FALSE POSITIVE,10.6784787,140.159,2.307,2.01E+02,1.12,9.4,5459,0.797,15.246
CANDIDATE,25.3736543,151.8667,2.619,3.73E+02,1.88,10.6,6195,0.966,15.056
CANDIDATE,10.08535311,140.97143,1.75,2.23E+02,1.45,10.7,5947,0.945,14.889
FALSE POSITIVE,42.55926555,161.57039,3.36626,2.08E+05,51.86,950,5764,0.863,15.831
CANDIDATE,10.2856373,141.20764,3.043,1.35E+02,1.24,10.4,5841,1.06,14.951
FALSE POSITIVE,24.2157996,133.4661,4.359,3.22E+02,1.58,13.6,5659,0.885,15.259
CONFIRMED,44.2018402,163.21471,4.949,2.36E+02,1.14,18.6,5002,0.753,13.509
CANDIDATE,393.95608,388.3294,13.89,4.82E+02,2.27,10.3,6217,0.989,15.622
CONFIRMED,15.0330623,131.89493,6.326,1.32E+02,2.18,14.9,5849,1.601,14.606
CANDIDATE,34.7496038,158.68412,4.548,2.27E+02,3.51,11.4,5849,1.601,14.606
FALSE POSITIVE,12.62530918,140.0602,3.163,3.94E+04,87.2,32.5,6878,1.844,12.933
FALSE POSITIVE,124.9357674,177.686517,7.5608,2.41E+05,49.34,332.8,5887,0.941,12.338
FALSE POSITIVE,12.72029843,140.3669017,2.4599,2.84E+02,1.37,12.7,4914,0.724,13.26
CANDIDATE,227.83457,238.7643,21.59,1.55E+02,2.83,13.1,6004,2.193,13.845
FALSE POSITIVE,119.6798032,176.106325,32.1928,2.99E+05,193.91,5357.7,8275,3.251,8.351
FALSE POSITIVE,6.399107136,134.7016363,5.21981,3.77E+05,59.15,4322.4,6133,0.935,13.718
FALSE POSITIVE,8.480304281,135.854534,7.46159,8.31E+04,65,5219.5,7059,2.21,7.631
FALSE POSITIVE,117.6813778,147.206961,12.7591,4.54E+04,45.43,2426.9,6429,2.079,12.112
FALSE POSITIVE,17.72722648,144.070402,4.1376,1.47E+05,35.18,922.1,6021,0.895,15.556
FALSE POSITIVE,1.71024931,131.6423,2.833,9.86E+01,1.2,9.4,6418,1.171,15.761
FALSE POSITIVE,100.4013273,216.083194,9.7436,5.38E+04,26,1331,5903,1.1,15.017
FALSE POSITIVE,11.32028788,131.803042,4.82219,2.43E+05,59.23,1539.9,6153,1.127,16.756
FALSE POSITIVE,1.219034103,132.100694,2.4494,9.57E+04,40.46,319.1,5914,1.271,14.371
CANDIDATE,24.352541,147.1949,2.782,3.49E+02,1.52,5.8,4891,0.805,14.779
CONFIRMED,5.94228603,133.804,2.169,2.50E+02,1.23,7.5,4891,0.805,14.779
CANDIDATE,382.30306,356.7308,8.83,2.26E+02,4.05,9.6,5993,2.59,13.104
CANDIDATE,58.1263775,163.11687,4.018,2.72E+02,1.32,13.8,5413,0.82,13.747
CONFIRMED,26.7575866,137.28717,5.858,4.55E+02,2.28,17.7,6215,1.052,15.42
FALSE POSITIVE,57.0599992,164.25706,7.463,6.62E+04,22.31,751.5,5931,0.863,15.936
CONFIRMED,14.5565618,141.03671,4.554,1.04E+02,1.08,17.1,6065,1.061,13.71
FALSE POSITIVE,0.837898153,131.98187,2.104,2.69E+02,1.26,13.9,4748,0.797,15.72
FALSE POSITIVE,0.603086711,131.664075,1.0869,1.24E+03,36,170,6353,1.134,13.989
CONFIRMED,41.7084063,153.53793,8.567,3.30E+02,2.19,24.3,6434,1.138,14.155
CONFIRMED,33.0257179,161.01,6.032,5.07E+02,2.21,12.2,5819,0.99,15.606
FALSE POSITIVE,25.36699067,138.8144224,5.9556,1.51E+05,56.02,2206.5,6208,1.024,15.538
FALSE POSITIVE,428.3217393,276.530352,40.5992,3.17E+05,49.76,4594.8,5662,0.806,14.173
FALSE POSITIVE,82.13761,196.1225133,6.11904,2.11E+05,197.85,3583.1,6395,2.012,12.261
FALSE POSITIVE,3.06026014,132.762,2.545,5.99E+01,0.83,10.1,5878,1.01,14.255
FALSE POSITIVE,24.0612744,138.38747,19.9438,4.40E+05,83.77,1161.1,6461,1.138,14.158
FALSE POSITIVE,66.36099916,168.379642,20.0614,4.17E+05,61.42,1866.7,5583,0.857,15.327
FALSE POSITIVE,8.939461148,133.013944,6.19136,3.58E+05,153.32,2427.5,6461,2.225,14.002
FALSE POSITIVE,135.5860768,177.9285627,5.54241,3.63E+05,89.83,6788.8,6401,1.301,13.674
FALSE POSITIVE,18.79862195,138.028268,7.4782,3.80E+05,55.07,551.3,5334,0.796,17.628
FALSE POSITIVE,6.30828538,134.379945,2.48633,1.14E+05,29.34,559.2,5069,0.78,16.515
FALSE POSITIVE,4.80912667,134.07939,7.9331,1.34E+05,44.3,1033.2,6462,1.166,14.038
FALSE POSITIVE,2.33211505,132.19683,2.96723,1.06E+05,140.22,997.8,6384,1.094,14.087
CONFIRMED,0.53835407,131.64999,1.5045,1.90E+02,1.67,46.6,5539,1.207,14.498
FALSE POSITIVE,249.3621183,279.658296,8.3559,3.58E+04,48.69,846.1,5940,1.02,13.867
CANDIDATE,3.80675878,133.7492,2.092,2.32E+02,2.75,10.4,6068,1.797,15.767
FALSE POSITIVE,0.664727127,131.63516,1.561,1.62E+01,0.46,7.6,6143,1.116,12.879
CONFIRMED,9.5084871,140.5602,4.372,9.79E+01,1.65,13.3,6144,1.668,14.44
CANDIDATE,34.1086562,158.431,6.405,1.34E+02,1.95,11.7,6144,1.668,14.44
CONFIRMED,47.0563327,173.9653,4.807,7.62E+02,2.57,12.1,5889,0.924,15.695
FALSE POSITIVE,179.8502233,225.3762426,2.95,,,,,,14.372
CANDIDATE,10.0100312,131.61434,1.35,3.76E+02,0.99,12.4,4338,0.508,15.318
CONFIRMED,96.169569,170.2581,7.496,8.95E+02,2.07,20,5340,0.702,15.796
FALSE POSITIVE,1.55090374,131.61966,3.028,1.13E+01,1.11,11.8,7612,2.968,11.626
CANDIDATE,12.67143692,137.50707,2.498,2.16E+02,0.76,13.7,3705,0.529,13.693
CANDIDATE,60.32668824,145.057472,1.6864,3.15E+03,4.98,57,3705,0.529,13.693
CANDIDATE,2.63595435,132.31984,1.309,9.37E+01,0.5,9.2,3705,0.529,13.693
CONFIRMED,82.303914,159.0461,15.404,7.37E+02,4.47,22.3,5602,1.425,15.654
FALSE POSITIVE,131.9782774,179.588119,7.14981,3.46E+05,147.83,3766.3,4916,2.182,14.313
FALSE POSITIVE,0.789171236,132.12333,1.734,7.34E+01,0.69,9,4776,0.811,15.352
CONFIRMED,17.9346606,138.21679,6.25,1.43E+02,2.8,18.8,6426,1.775,13.474
FALSE POSITIVE,241.0707458,223.9933126,9.88863,7.03E+04,76.53,4257.4,9414,2.777,10.656
FALSE POSITIVE,106.1759381,234.6409876,10.4168,1.65E+05,54.91,7056.8,6038,1.141,13.742
FALSE POSITIVE,184.6467208,151.98458,18.9869,4.10E+05,72.8,1113.2,5713,1.023,15.603
FALSE POSITIVE,6.282033445,131.590793,8.3777,1.82E+05,144.85,1178,6074,0.976,14.118
FALSE POSITIVE,5.519188936,134.470023,7.1351,2.17E+05,43.06,2270.6,5324,0.897,16.117
CANDIDATE,5.3360574,132.605,3.877,5.47E+01,1.52,7,6742,2.032,12.691
FALSE POSITIVE,4.818863794,131.677655,6.2625,6.59E+04,51.32,2048.7,6313,1.935,14.55
FALSE POSITIVE,178.2680204,255.351351,5.86461,4.58E+04,34.07,961.4,5126,0.696,14.16
FALSE POSITIVE,2.181555909,133.48675,4.41739,8.54E+04,91.3,1548.2,6584,1.246,14.182
FALSE POSITIVE,0.895276162,131.6225645,3.0518,3.19E+05,172.25,932.1,5242,2.55,16.397
FALSE POSITIVE,244.8327497,285.7025679,4.37001,4.02E+04,38.3,733.5,6105,0.993,13.556
CONFIRMED,30.4544418,140.76863,6.896,4.72E+02,2.6,17.3,6283,0.984,15.268
FALSE POSITIVE,10.26558924,136.49645,3.879,2.55E+02,1.65,18.8,5774,0.98,14.658
FALSE POSITIVE,18.9257333,145.5267,6.149,1.89E+02,16.74,16.2,5455,0.909,13.857
CONFIRMED,37.8862977,133.03141,5.218,6.72E+02,2.09,14.4,5513,0.818,15.848
CANDIDATE,10.54841329,139.06402,1.872,1.03E+02,3.89,11.7,6047,1.092,13.204
CANDIDATE,133.6348207,236.35163,1.584,4.21E+02,1.89,10.8,5202,0.918,13.623
FALSE POSITIVE,11.9615433,131.895,3.129,4.25E+02,2.24,12.4,6142,1.046,15.709
CANDIDATE,32.510844,136.62491,3.254,3.62E+02,2.62,12.6,6074,1.358,14.863
FALSE POSITIVE,0.56683399,131.7800607,0.75,,,,,,14.792
FALSE POSITIVE,62.12767713,172.0663,5.25005,3.74E+04,38.61,990.3,5344,0.807,14.822
FALSE POSITIVE,31.9730649,133.8409,8.872,1.59E+02,1.09,15.6,5811,0.811,14.545
CANDIDATE,10.90752977,136.60797,2.764,1.86E+02,1.58,11.8,6414,1.147,14.056
FALSE POSITIVE,143.1188694,266.359224,16.8109,2.56E+05,53.3,1638,5713,0.851,14.996
FALSE POSITIVE,76.81985465,188.1256603,5.16249,2.29E+05,46.61,2314.5,5654,0.774,14.063
FALSE POSITIVE,165.40575,141.5762383,13.6363,6.64E+04,112.86,4958.6,6061,2.185,12.724
FALSE POSITIVE,71.66191516,172.9074598,6.33708,3.24E+05,55.04,1804.1,5075,0.824,15.167
FALSE POSITIVE,9.44942685,136.026498,6.40303,4.89E+05,68.38,1246.3,5754,0.905,15.65
FALSE POSITIVE,0.715802309,131.690348,1.5586,2.21E+03,25.52,137.7,5239,0.757,15.579
FALSE POSITIVE,70.58284717,190.4997847,8.81169,1.51E+05,50.88,2424,5973,0.904,14.624
FALSE POSITIVE,2.995357359,132.796981,6.57901,1.72E+05,112.12,1467.6,5949,1.94,16.455
FALSE POSITIVE,3.840485025,134.446386,2.8592,3.14E+04,39.38,259.4,5731,0.823,15.26
FALSE POSITIVE,1.92027188,132.5246606,2.65,,,,,,15.26
CANDIDATE,10.5226374,140.0656,3.864,6.89E+01,1.08,8.9,6327,1.175,14.563
FALSE POSITIVE,10.4433418,133.62903,3.94077,1.45E+05,44.35,842.1,6137,1.005,16.51
FALSE POSITIVE,4.75307877,134.5462132,2.35,9.33E+02,505.94,6.4,3486,180.013,13.524
FALSE POSITIVE,19.51501329,136.215942,4.59379,2.56E+05,53.03,1018.8,5349,0.851,16.739
CONFIRMED,1.772451066,132.08668,2.4592,7.92E+01,1.02,22.4,6243,1.149,12.949
CONFIRMED,19.9158863,139.36828,6.191,1.43E+02,1.41,28.3,6047,1.092,13.204
FALSE POSITIVE,54.06132811,181.788127,4.48223,7.97E+04,88.28,1012.2,5786,1.112,15.231
FALSE POSITIVE,34.52599018,150.102207,4.47294,6.72E+04,54.35,1008.1,6123,1.049,15.142
CANDIDATE,494.485085,527.70941,3.905,3.85E+02,5.03,13.9,6303,2.553,12.088
FALSE POSITIVE,14.2821417,136.32946,2.068,2.25E+02,1.08,8.7,5374,0.726,15.13
FALSE POSITIVE,18.64532882,147.207512,3.63893,4.34E+05,61.81,1256.8,5931,0.845,15.511
FALSE POSITIVE,20.88212542,146.5689626,8.03365,2.33E+05,66.27,3506.5,6335,1.072,15.6
CANDIDATE,14.0545718,133.0972,4.066,2.74E+02,1.45,11.6,5783,0.88,15.802
CONFIRMED,30.8609783,138.31416,4.216,1.29E+02,1.08,17.8,5627,0.833,12.988
FALSE POSITIVE,3.652810043,134.7903032,1.5132,1.19E+02,0.89,6,5213,0.831,15.602
FALSE POSITIVE,15.65134872,132.81191,4.1553,3.10E+03,118.33,81.6,6552,3.289,12.429
CANDIDATE,6.86674226,135.3543,4.216,4.72E+01,0.79,12.3,5914,1.135,13.046
CONFIRMED,8.37159554,137.68075,5.252,9.80E+01,2.39,16.6,6426,1.775,13.474
FALSE POSITIVE,286.1755875,314.101583,16.1025,3.29E+05,63.23,765.3,5904,0.946,15.138
FALSE POSITIVE,152.151448,215.015903,26.8612,1.52E+05,53.89,2163.4,6217,0.989,14.61
FALSE POSITIVE,0.542636318,131.95581,1.2536,7.46E+01,1.39,17.3,5277,1.633,14.458
FALSE POSITIVE,29.91133406,153.595491,7.26916,3.54E+05,47.83,1349.8,5303,0.704,16.128
FALSE POSITIVE,5.877122485,136.42083,4.71655,3.63E+05,125.68,1210.8,5702,1.821,15.177
FALSE POSITIVE,10.63630585,139.783159,5.17212,2.16E+05,64.91,1419,6781,1.345,17.035
FALSE POSITIVE,2.1032389,132.868177,6.4774,2.49E+04,36.63,625.1,5546,0.786,13.171
FALSE POSITIVE,46.69820093,167.6984656,3.57049,5.46E+04,38.79,879,5772,0.756,15.267
CONFIRMED,15.99560373,144.2399,3.471,2.22E+02,1.04,20,4955,0.721,14.017
FALSE POSITIVE,4.39451798,133.62094,2.9527,2.24E+05,65.76,249.5,3695,0.483,16.705
FALSE POSITIVE,25.9518795,148.92549,21.569,1.31E+03,35.1,63.7,5753,1.078,14.997
CANDIDATE,29.7681831,155.5003,9.425,1.60E+02,3.98,13.2,5640,2.916,14.564
FALSE POSITIVE,56.04809669,159.1678042,4.04427,5.37E+04,42.62,1003.7,5222,0.78,14.967
FALSE POSITIVE,2.25161215,131.54653,2.1,2.39E+01,1.14,9.2,9464,2.184,13.085
CANDIDATE,36.7662364,157.14332,3.305,5.80E+02,1.28,12.6,4342,0.54,15.903
FALSE POSITIVE,50.35545898,136.9113798,5.51863,1.07E+05,31.66,1219.4,5936,0.965,15.724
CONFIRMED,14.0328775,138.0603,6.684,2.11E+02,1.45,11.8,6063,1.001,15.652
CONFIRMED,13.2226149,144.295,4.337,2.62E+02,1.75,12.6,5931,0.863,15.208
CANDIDATE,2.53742164,132.34623,1.563,1.05E+02,0.93,12.8,5447,0.917,14.8
FALSE POSITIVE,3.54828691,131.83563,3.281,7.09E+01,1.69,9.9,6573,1.987,13.79
CANDIDATE,62.596544,185.9931,11.477,2.23E+02,2.25,15.5,5934,1.509,14.451
FALSE POSITIVE,18.79852,138.02082,4.795,4.87E+02,2.04,11.2,4808,0.715,16.153
FALSE POSITIVE,156.516574,278.137378,12.2259,1.13E+05,61.44,2016.1,6002,1.084,13.375
FALSE POSITIVE,1.366946478,132.204582,3.37701,1.59E+05,43.45,796.5,5353,0.757,15.002
FALSE POSITIVE,313.0927507,424.715381,14.3447,4.46E+05,47.52,1952.3,5067,0.673,15.638
FALSE POSITIVE,0.566813677,131.78895,2.458,6.12E+01,0.77,11.5,6106,0.966,15.644
FALSE POSITIVE,157.3226394,222.900363,21.9232,1.54E+05,56.66,1386.8,6109,0.989,15.291
FALSE POSITIVE,9.53040216,138.232917,5.95809,3.22E+05,60.49,185.6,5501,0.912,14.689
FALSE POSITIVE,4.218512654,133.506768,3.62939,2.34E+04,16.67,699.9,6185,0.991,15.232
FALSE POSITIVE,8.529991199,137.654769,3.9954,2.01E+04,44.86,389.8,6185,0.991,15.232
FALSE POSITIVE,3.47140045,133.750744,1.55,,,,,,19.033
FALSE POSITIVE,1.922862476,132.735702,3.4594,1.01E+05,70.65,362.1,6408,1.303,15.925
CONFIRMED,16.00747237,142.63787,1.267,2.78E+02,2.99,14.7,5857,1.305,13.77
CONFIRMED,54.6493679,176.0447,7.962,4.33E+02,2.64,15.1,5751,1.282,15.335
CONFIRMED,100.8276725,216.38757,8.39,1.78E+03,4.35,36.7,5301,0.977,15.28
CANDIDATE,15.5764061,135.9482,5.382,2.57E+02,1.79,14.1,6214,1.076,15.491
CANDIDATE,10.00506974,136.83029,3.481,1.43E+02,1.11,11.4,5912,0.924,14.634
FALSE POSITIVE,0.905675699,132.20066,1.701,7.32E+01,0.77,10.2,5730,0.903,15.384
CANDIDATE,36.2580749,146.8338,5.917,3.80E+02,1.82,12.5,5818,0.848,15.553
CANDIDATE,12.4326997,142.1049,7.81,2.40E+02,1.88,11.5,5480,1.229,15.916
CANDIDATE,30.9902997,141.441,9.454,3.22E+02,2.21,10.7,5480,1.229,15.916
FALSE POSITIVE,15.9750417,135.71533,3.549,6.44E+02,90.37,37.5,5220,3.456,13.933
CONFIRMED,16.0505464,141.73408,3.171,9.44E+01,0.81,14.6,5428,0.853,13.136
FALSE POSITIVE,0.805267592,132.09128,0.887,1.47E+02,1.35,9.8,6268,1.1,15.881
FALSE POSITIVE,11.08262263,746.1967676,6.62584,2.69E+05,48.38,1725.6,5831,0.922,16.411
FALSE POSITIVE,421.4284819,262.2889053,8.60447,9.67E+04,54.16,3162,6235,1.708,13.769
FALSE POSITIVE,1.096587245,132.51421,3.0287,5.41E+02,168.68,67.1,5869,0.942,13.954
FALSE POSITIVE,3.012476415,132.2466206,3.31903,1.98E+05,58.77,2060.3,6015,1.088,14.776
FALSE POSITIVE,204.7410476,202.871314,20.5357,3.34E+05,97.39,2000.2,6517,1.44,13.841
FALSE POSITIVE,0.759740194,131.82001,3.252,4.25E+01,0.67,13.7,6046,1.007,14.92
FALSE POSITIVE,4.664186517,133.670668,4.0639,5.55E+05,278.81,445.7,5062,3.579,16.144
FALSE POSITIVE,1.092066399,132.1028432,2.97608,4.02E+05,40.74,1160.6,4556,0.576,15.896
FALSE POSITIVE,3.053578643,133.878843,3.22884,5.29E+04,35.35,661.4,5414,0.714,15.74
FALSE POSITIVE,2.992662857,131.893219,2.5258,1.14E+05,60.35,296.8,4927,1.837,16.328
FALSE POSITIVE,4.664188563,133.670244,3.773,1.14E+04,52.09,272.6,5699,1.215,13.915
FALSE POSITIVE,0.954873008,131.851983,1.0613,3.30E+01,0.81,1.5,6092,1.363,11.8
FALSE POSITIVE,0.56493412,131.7871403,2.57621,2.53E+05,33.4,1361.5,4748,0.534,15.839
FALSE POSITIVE,1.674984844,131.793034,4.92134,2.35E+05,150.48,858.8,8285,2.451,14.567
CANDIDATE,35.8754482,147.5086,3.972,3.67E+02,2.35,12.6,6559,1.218,15.353
CONFIRMED,7.31945294,137.22065,4.881,1.67E+02,5.05,16.3,5745,3.955,13.489
CONFIRMED,35.8007112,144.92169,8.219,4.17E+02,7.97,25,5745,3.955,13.489
FALSE POSITIVE,0.790049989,132.11148,2.794,7.08E+01,0.67,12.3,5427,0.808,15.53
CANDIDATE,4.32710579,131.5891,3.872,8.41E+01,3.58,9.5,5745,3.955,13.489
FALSE POSITIVE,14.15402615,144.17685,4.115,2.17E+04,29.61,23.9,4352,0.661,15.056
FALSE POSITIVE,33.93754213,147.182401,11.1677,3.30E+04,138.25,1112,6220,1.066,15.191
CONFIRMED,20.7057153,139.9803,9.678,1.16E+02,3.22,13.5,5668,2.437,14.276
CANDIDATE,60.532988,134.57461,7.086,4.68E+02,1.91,23.8,5631,0.847,14.196
FALSE POSITIVE,3.7228679,134.635,9.557,5.21E+01,0.74,9.8,6046,0.927,15.202
CONFIRMED,58.0198583,151.85007,5.348,1.29E+03,3.46,66,4920,0.72,12.231
CANDIDATE,15.0617835,140.1111,6.31,1.97E+02,1.61,12.1,5806,1.158,15.386
FALSE POSITIVE,4.286103033,134.590777,2.6422,1.73E+05,25.8,397.1,4206,0.591,15.295
FALSE POSITIVE,290.7778719,393.511387,12.0525,2.26E+05,45.27,1836.8,5207,0.734,14.282
FALSE POSITIVE,5.017239915,134.490136,4.36126,1.45E+05,41.75,970.9,6519,1.079,14.115
FALSE POSITIVE,0.937923475,132.34501,3.164,4.04E+01,0.52,12,5398,0.805,14.403
FALSE POSITIVE,204.0329342,253.536626,17.5623,4.11E+05,57.35,884.9,5553,0.806,15.734
FALSE POSITIVE,2.148219541,132.76673,2.94091,4.58E+05,49.6,619.8,4694,0.672,15.783
FALSE POSITIVE,58.62157882,178.5674958,8.52961,1.43E+05,40.43,1887.7,5232,0.725,15.161
FALSE POSITIVE,3.125821128,134.479684,2.2163,5.03E+03,110.58,245.2,6137,2.852,12.77
FALSE POSITIVE,1.032068851,131.8383,2.1344,1.22E+05,44.35,140,4387,0.711,16.177
FALSE POSITIVE,6.6751871,137.4528,2.372,1.78E+02,1.09,7,5774,0.818,15.554
FALSE POSITIVE,1.450205839,131.985523,3.6373,2.59E+04,92.78,419,7564,1.893,13.91
FALSE POSITIVE,3.224486463,131.855925,4.61686,4.04E+05,79.08,1905.1,6389,1.16,16.169
FALSE POSITIVE,44.14579777,167.392037,4.088,2.24E+05,62.24,434.9,5876,0.896,16.442
FALSE POSITIVE,33.3239576,132.58989,37.217,2.01E+03,2.55,173.7,5192,0.555,15.213
CANDIDATE,17.9559673,139.0347,6.237,1.37E+02,1.96,11.9,5641,1.195,14.388
FALSE POSITIVE,0.94102954,131.9021,4.415,3.45E+01,1.41,13.3,5766,2.409,13.134
CONFIRMED,1.992812339,131.70565,2.066,3.15E+02,6.81,16.8,3638,0.42,15.855
FALSE POSITIVE,36.51437404,163.794463,6.48255,1.12E+05,33.27,1701.1,5811,1,15.423
CONFIRMED,39.818832,166.65072,10.757,1.99E+02,2.23,29.4,5710,1.524,13.102
CONFIRMED,25.4337864,143.1302,6.514,3.02E+02,2,14.3,5806,1.158,15.386
FALSE POSITIVE,67.451045,151.96756,8.9387,7.06E+03,36.7,205.4,4847,2.191,13.342
CANDIDATE,2.69339974,131.9006,1.936,1.48E+02,1.04,8.7,5355,0.863,15.673
CANDIDATE,10.43003118,133.2962,2.029,1.20E+02,1.14,10.6,6277,1.031,14.412
CANDIDATE,27.63714708,143.93342,1.7277,7.36E+02,6.96,27.4,5214,2.427,13.851
CONFIRMED,52.6095103,158.6253,8.202,2.04E+02,1.83,15.3,5881,1.294,14.192
CONFIRMED,198.7106251,156.51819,8.638,2.09E+03,3.56,62.1,5180,0.8,14.443
FALSE POSITIVE,15.8733806,143.859941,8.0429,2.08E+05,630.53,978.2,5622,1.895,14.679
CANDIDATE,50.563697,145.8658,5.381,5.05E+01,1.57,6.8,6759,2.022,10.948
FALSE POSITIVE,65.58366557,182.6493381,5.01216,2.42E+05,41.22,1649.5,5516,0.666,15.743
FALSE POSITIVE,394.6781627,346.1399939,6.05443,2.53E+05,52.16,1500.7,5780,0.83,15.207
FALSE POSITIVE,111.3198052,226.648705,23.0078,6.27E+04,63.68,3433.7,5022,2.58,12.439
FALSE POSITIVE,110.2951268,235.750948,16.5339,1.76E+05,37.88,2084.3,5753,0.895,15.258
FALSE POSITIVE,95.17831793,224.596785,3.60125,1.29E+05,28.75,2279.1,4523,0.653,14.401
CONFIRMED,31.2543238,155.047,5.662,4.38E+02,2.29,14.7,6246,1.092,15.82
FALSE POSITIVE,61.4911479,163.633663,9.745,5.87E+04,22.76,1421.7,5830,0.876,15.523
CONFIRMED,110.2867031,239.22128,4.427,1.45E+02,1.41,16.4,5931,1.101,11.818
CONFIRMED,11.8061737,138.2641,4.472,8.81E+01,2.87,10.1,6900,2.599,12.082
CONFIRMED,6.15828666,135.4969,6.329,5.77E+01,1.2,16.4,5710,1.524,13.102
FALSE POSITIVE,10.82882574,134.9251984,0.7275,9.21E+01,0.76,4.8,5862,0.785,13.492
CONFIRMED,82.292865,212.0314,7.048,3.71E+02,1.82,13,5626,0.957,14.828
CONFIRMED,92.436978,163.5794,6.432,9.55E+02,2.89,17.8,5595,0.741,15.449
CANDIDATE,65.427645,176.2733,9.404,3.19E+02,1.65,15.6,6014,0.926,14.821
FALSE POSITIVE,11.08260553,136.6562,6.23,6.01E+02,7.34,51.3,5125,2.196,13.566
FALSE POSITIVE,22.7832776,145.53344,4.194,1.20E+02,1.33,18.2,6517,1.159,12.972
FALSE POSITIVE,23.73795284,147.006678,8.50818,9.59E+04,53.27,1221.2,5559,1,15.147
FALSE POSITIVE,21.4618453,132.2156,5.675,1.22E+02,19.89,13.4,5806,1.213,13.798
FALSE POSITIVE,75.13194883,184.429462,20.8729,1.22E+05,26.21,3625.5,5365,0.729,14.658
CANDIDATE,369.069345,298.3962,5.832,9.46E+02,3.07,11.7,4855,0.778,14.521
FALSE POSITIVE,243.8212213,159.4958018,10.9312,5.68E+04,56.63,2804.3,6370,1.316,13.297
FALSE POSITIVE,0.77459856,132.3192077,2.71,,,,,,14.737
FALSE POSITIVE,16.22754867,136.6397289,5.08666,1.93E+05,46.52,1870,5297,0.795,15.901
FALSE POSITIVE,47.189437,148.044865,11.555,3.71E+05,66.71,804,5458,0.972,15.624
FALSE POSITIVE,1.501760172,131.5669078,5.85519,3.88E+05,90.92,2624,6327,1.29,11.825
FALSE POSITIVE,4.05325447,134.744552,4.0116,1.11E+05,1668.79,446.1,6022,1.039,15.537
CONFIRMED,7.68433346,133.36007,1.4346,1.18E+03,2.58,28.5,4402,0.572,14.265
FALSE POSITIVE,1.549979213,132.675027,7.5945,3.71E+05,136.64,672.7,5408,2.058,13.939
CANDIDATE,11.16622885,134.96951,3.389,3.54E+02,1.56,13.6,5552,0.836,15.927
FALSE POSITIVE,10.99381963,133.253208,3.7889,1.69E+03,40.17,102.9,6553,1.157,13.427
FALSE POSITIVE,10.9938087,138.80624,5.0403,1.46E+03,5.33,100.4,6553,1.157,13.427
CANDIDATE,23.1334494,154.45296,3.602,4.56E+02,2.55,21.6,5712,0.932,14.656
CANDIDATE,8.9539656,132.8453,4.898,7.04E+01,0.84,12.2,6168,0.947,13.776
CANDIDATE,13.7281373,143.55218,5.304,1.07E+02,1.06,15.4,6168,0.947,13.776
CONFIRMED,16.5860329,133.28136,7.043,2.31E+02,2.09,14.6,5626,1.389,15.589
CANDIDATE,26.83771808,158.125331,1.6162,8.51E+03,12.68,101.4,6194,1.069,14.426
CONFIRMED,16.7525077,131.59834,3.174,3.38E+02,3.65,18.2,4807,1.802,14.534
CANDIDATE,3.53105835,134.3171,1.778,3.11E+02,10.61,11.7,3638,0.42,15.855
FALSE POSITIVE,49.61275752,165.9984372,7.07603,1.30E+05,57.08,2070.3,6241,1.031,15.217
CANDIDATE,6.32589574,133.27081,1.383,1.93E+02,1.14,8.8,5749,0.818,15.421
CANDIDATE,11.9378354,133.2612,4.652,2.46E+02,1.15,9.6,5469,0.738,15.954
CANDIDATE,32.715906,135.9204,10.79,1.36E+02,3.68,13.1,5527,3.192,14.462
CONFIRMED,15.3317719,142.5217,5.467,1.79E+02,1.91,13.3,5726,1.285,15.098
CANDIDATE,82.331756,133.0814,8.664,2.83E+02,2.08,11.9,5997,1.242,14.872
CONFIRMED,84.704139,152.1832,10.393,6.56E+02,4.17,17,6085,1.634,15.169
FALSE POSITIVE,0.755105584,131.8133513,5.02374,2.50E+05,76.26,2158.5,6592,1.19,11.638
FALSE POSITIVE,101.2633628,214.125128,17.8951,7.28E+04,44,3573.1,6309,1.062,14.319
FALSE POSITIVE,120.5816718,248.238772,8.2904,1.93E+05,41.71,1184.8,5294,0.673,15.777
FALSE POSITIVE,1.558544209,131.567665,3.3727,2.26E+05,35.12,421.6,4868,0.708,14.498
FALSE POSITIVE,2.63757408,131.575561,5.9626,1.70E+05,76.02,1471.6,5639,0.953,15.902
FALSE POSITIVE,8.64636188,135.46223,8.73607,2.18E+05,54.24,2441.7,6444,1.134,14.097
FALSE POSITIVE,125.288206,252.0979,3.695,2.42E+02,1.5,9.4,5881,0.973,14.179
FALSE POSITIVE,112.4635889,197.557702,31.8273,2.42E+05,129.04,1374,7426,2.463,10.967
CANDIDATE,27.0965146,139.3521,8.42,2.08E+02,2.13,16.4,5775,1.352,14.886
CANDIDATE,11.5474983,139.9777,6.684,1.16E+02,1.48,12.3,5775,1.352,14.886
FALSE POSITIVE,42.39930429,354.461453,18.3609,2.06E+05,44.7,2261.9,6153,0.962,15.747
CANDIDATE,83.2664103,194.23925,2.813,6.20E+02,2.89,10.9,5538,1.18,14.97
FALSE POSITIVE,5.91039905,132.7277844,3.85,,,,,,15.169
CONFIRMED,11.6044881,139.05603,3.409,2.68E+02,1.88,14.5,5533,1.166,15.254
FALSE POSITIVE,27.00980738,141.2897316,1.96698,6.79E+04,22.32,541.3,3900,0.534,15.483
CONFIRMED,15.0219784,143.6989,5.068,9.69E+01,1.77,7.4,5831,1.382,13.109
CANDIDATE,11.8237228,139.4199,8.518,2.13E+02,1.25,14.2,5559,0.803,15.353
CONFIRMED,91.078624,213.7723,10.304,7.39E+02,3.26,20.8,5915,1.008,15.214
CONFIRMED,85.272459,182.3725,13.31,7.68E+02,3.85,18.9,5922,1.057,15.417
FALSE POSITIVE,12.42592675,141.5292956,29.1701,4.10E+02,2.66,63.7,5952,0.971,14.936
CANDIDATE,19.0689513,145.7515,12.462,1.69E+02,1.63,19.1,5418,0.889,14.371
FALSE POSITIVE,89.7398137,205.26465,3.26371,8.11E+04,38.01,296,5777,0.747,14.294
FALSE POSITIVE,90.08255562,173.987561,19.7301,4.33E+04,49.2,3571.6,6523,2.343,12.963
FALSE POSITIVE,0.759768478,131.78573,2.824,5.74E+01,0.64,12.9,5481,0.815,15.318
FALSE POSITIVE,42.2011587,172.4344,8.479,1.78E+02,37.39,15.9,6200,1.449,13.294
FALSE POSITIVE,15.65129028,132.81543,6.7631,3.99E+05,78.3,359.7,6137,1.103,16.666
FALSE POSITIVE,9.014220178,131.549902,2.76441,3.41E+04,15.49,1109.2,4842,0.73,13.57
FALSE POSITIVE,1.824653341,132.883177,4.25512,1.77E+05,55.44,1833.7,6413,0.941,15.048
FALSE POSITIVE,3.185090259,133.294014,4.80188,4.23E+05,92.5,1909.2,6516,1.279,15.519
FALSE POSITIVE,372.76888,377.6144,23.27,1.16E+03,3.66,22.8,5800,0.894,15.422
CONFIRMED,5.70940795,137.12208,1.622,5.87E+02,1.51,20.2,4402,0.572,14.265
FALSE POSITIVE,2.086076372,133.416141,2.4032,5.89E+04,1543.74,159.3,6124,1.119,14.554
CONFIRMED,3.63898953,131.78562,2.252,2.10E+02,1.68,16,5533,1.166,15.254
CONFIRMED,38.1303324,159.3878,6.53,1.80E+02,1.54,11.6,6370,1.106,14.633
CONFIRMED,14.42735088,138.84024,4.857,1.17E+02,1.53,21.5,5929,1.04,13.359
CANDIDATE,6.2253374,133.0882,4.388,1.09E+02,1.92,11.8,6263,1.726,14.918
CONFIRMED,12.90235874,139.15105,2.446,3.54E+02,1.49,15.7,5530,0.788,15.487
CONFIRMED,36.4337867,132.90573,4.388,4.07E+02,2.2,16.2,5566,1.099,15.246
FALSE POSITIVE,58.5850357,140.799676,3.5939,7.55E+04,149.98,656.5,6379,1.994,13.061
CANDIDATE,12.5014905,142.55934,3.882,2.20E+02,2.24,10.8,5821,1.492,15.589
CANDIDATE,40.6511021,164.5528,11.282,1.36E+02,1.7,17.3,6297,1.369,13.935
CANDIDATE,89.945828,133.5634,2.286,3.36E+02,3.46,6.6,5115,1.924,13.64
CANDIDATE,40.1454757,133.7186,5.2,3.11E+02,13.01,5.2,7852,7.162,13.201
CONFIRMED,265.47847,151.0673,10.28,1.04E+03,4.2,18.1,5792,1.005,15.321
FALSE POSITIVE,1.546222068,132.45951,7.998,4.94E+01,0.77,56.6,5611,1.073,12.16
FALSE POSITIVE,89.3313828,204.18503,11.919,2.18E+03,8.02,169.5,6860,1.467,13.68
FALSE POSITIVE,22.2941485,146.4526,3.188,1.01E+02,1.5,13.6,5915,1.392,13.03
CANDIDATE,1.048130894,132.3528023,5.6707,1.92E+02,4.52,5.2,7673,3.214,11.86
CONFIRMED,46.7162336,145.5064,7.259,3.46E+02,2.03,15.4,5856,1.092,15.223
CANDIDATE,17.6062701,147.1894,6.134,1.46E+02,1.72,10.4,5808,1.159,15.135
FALSE POSITIVE,43.56225858,153.270753,3.6873,5.13E+04,80.02,163.6,6411,1.216,13.676
FALSE POSITIVE,198.443477,155.615557,9.9776,3.99E+04,41.72,464.2,5420,0.868,13.76
FALSE POSITIVE,17.90766473,139.743761,5.58652,2.65E+05,282.86,1731.4,6173,1.041,16.107
FALSE POSITIVE,2.4044122,133.2244,4.575,4.27E+01,0.85,10.8,6398,1.249,13.894
FALSE POSITIVE,22.77196484,140.4865,8.3476,3.25E+05,104.17,305.2,6049,1.557,15.018
FALSE POSITIVE,184.5201539,237.698721,15.3564,4.93E+04,23.38,1759.1,5341,0.776,14.07
CONFIRMED,82.175197,197.20187,8.664,5.46E+02,2.24,20.8,6247,0.954,15.292
FALSE POSITIVE,29.01585293,138.402477,7.19844,7.14E+04,1183.06,1268.8,5783,0.941,15.546
FALSE POSITIVE,77.36241476,139.095626,12.1317,9.66E+04,41.66,1246.3,5359,0.79,15.673
FALSE POSITIVE,495.71095,450.0348,4.514,4.43E+02,4.41,8.5,6054,1.953,13.867
CONFIRMED,10.35857039,138.30794,2.577,2.74E+02,1.68,15.1,5893,1.02,15.408
CANDIDATE,20.0679247,150.7703,5.236,4.82E+02,2.25,13.8,5997,0.904,15.59
CONFIRMED,30.2541186,136.63873,2.134,5.76E+02,2.8,12.3,6277,1.161,14.296
FALSE POSITIVE,17.08120242,134.296431,7.20617,1.34E+05,39.24,1524.8,5431,0.708,15.863
CONFIRMED,20.034708,145.4541,6.49,1.24E+02,2.24,22.9,6120,2,13.266
CANDIDATE,541.92452,326.8745,21.4,1.50E+03,3.15,18.1,4378,0.614,15.671
CONFIRMED,3.15722086,131.69915,3.762,4.97E+01,1.41,17.4,6120,2,13.266
CANDIDATE,58.7701045,174.775,6.995,2.24E+02,1.57,13.2,6158,1.013,14.324
CANDIDATE,6.685438,132.3184,5.09,8.92E+01,1.25,9.7,5808,1.159,15.135
CONFIRMED,23.2385587,143.5274,8.432,1.61E+02,2.18,15.5,6602,1.685,13.932
CANDIDATE,8.5433774,137.9895,6.149,7.51E+01,1.58,10.3,6602,1.685,13.932
FALSE POSITIVE,118.314913,215.6117,4.79,2.16E+02,7.23,7,6190,4.763,13.172
CONFIRMED,20.35971899,134.29123,2.1521,3.46E+02,0.8,26.8,3419,0.344,13.393
FALSE POSITIVE,43.798566,172.58505,6.401,2.90E+02,48.52,26.1,5611,2.227,12.963
FALSE POSITIVE,131.7363049,194.5833896,5.28476,5.84E+04,54.38,1241,5102,1.669,13.395
FALSE POSITIVE,4.301031137,134.44907,5.65214,2.04E+05,93.01,1526.2,6386,1.548,14.573
FALSE POSITIVE,198.0137918,234.151682,9.72673,1.43E+05,38.49,1411.3,5359,0.708,15.546
FALSE POSITIVE,10.9938268,138.805226,5.0746,4.19E+05,52.69,469.5,4856,0.743,16.751
CANDIDATE,11.7201693,136.1871,2.399,1.54E+02,1.34,7.5,6193,1.067,15.171
CONFIRMED,1.682934607,131.96807,1.8846,1.43E+02,1.06,24.5,5201,0.834,13.733
FALSE POSITIVE,114.9086242,199.450746,7.66397,1.96E+05,42.78,1179.7,4412,0.737,15.927
CONFIRMED,11.55532445,134.12977,3.499,2.50E+02,1.7,16.1,5149,0.803,14.598
CANDIDATE,11.5706005,136.28577,3.073,2.12E+02,1.33,9.6,5718,0.9,15.089
CANDIDATE,16.2953228,144.7982,4.882,2.29E+02,1.6,12.9,6187,1.013,15.11
CANDIDATE,8.5073512,135.8115,2.266,2.10E+02,1.38,8.9,5914,0.955,15.33
CONFIRMED,26.0841212,149.4437,6.141,2.60E+02,1.35,13.8,6083,0.835,15.44
FALSE POSITIVE,52.80276758,167.270294,5.6184,5.21E+04,75.82,1238.8,5835,0.901,15.193
FALSE POSITIVE,39.20680865,142.4611109,6.24701,1.87E+05,50.2,1274.3,5945,0.861,15.545
CONFIRMED,64.6589166,170.17972,7.71,2.35E+02,2.12,13.9,5821,1.395,14.694
CANDIDATE,15.8283833,144.3927,3.643,2.28E+02,1.8,9.8,5596,1.145,15.364
FALSE POSITIVE,27.6760342,144.9833,4.234,2.67E+02,5.15,14.4,5123,3.224,13.33
CONFIRMED,8.74192361,135.42727,4.235,2.96E+02,1.94,18.5,5596,1.145,15.364
FALSE POSITIVE,26.936878,157.7573,4.969,2.47E+02,1.57,8.8,5878,0.998,15.364
FALSE POSITIVE,53.34418038,170.0739545,3.62,,,,,,12.059
FALSE POSITIVE,12.4281308,141.4385,6.79,1.31E+02,0.85,9.4,5940,0.729,15.056
CONFIRMED,9.10969334,133.06566,5.3181,1.26E+02,1.32,47.8,5611,1.073,12.16
FALSE POSITIVE,0.96283264,132.20087,2.947,9.63E+01,0.74,16.4,5955,0.733,15.056
CONFIRMED,73.7502765,188.52221,13.309,2.33E+02,3.78,33.9,6056,2.481,13.214
CANDIDATE,4.7482669,135.8003,4.947,3.56E+01,1.57,12.1,6056,2.481,13.214
FALSE POSITIVE,210.3064436,285.127394,6.68665,4.65E+04,101.13,1081.7,7591,2.017,12.504
FALSE POSITIVE,8.268081087,135.0563298,3.47103,7.15E+04,50.31,1320.5,5749,0.922,15.768
FALSE POSITIVE,3.564614021,131.86235,3.44204,9.43E+04,46,728.8,5891,0.892,15.671
FALSE POSITIVE,533.47707,245.3651,23.71,2.11E+02,2.6,15.3,6077,1.759,13.294
FALSE POSITIVE,5.877122413,136.420718,3.7369,1.56E+04,45.95,287.6,5778,1.043,13.147
FALSE POSITIVE,1.036592635,132.089146,2.40749,1.25E+05,463.05,444.7,4884,8.747,14.441
CANDIDATE,10.10404351,132.892841,1.0022,1.32E+03,4.05,39.5,5530,0.831,14.031
FALSE POSITIVE,91.4999978,182.769045,19.5818,6.55E+04,21.86,1018.4,5263,0.774,14.801
CONFIRMED,65.9407869,231.97155,7.776,5.80E+02,2.33,19.8,5982,0.96,15.502
FALSE POSITIVE,406.45737,230.8834,9.554,2.84E+02,1.96,12.7,6217,1.141,13.079
FALSE POSITIVE,30.47639859,156.24007,17.9728,1.31E+05,43.01,236.2,5913,0.787,14.84
CONFIRMED,14.53260546,140.4685,2.4212,3.29E+02,1.69,29,6003,0.932,13.785
CONFIRMED,153.348739,190.5347,12.205,3.88E+02,2.14,12.7,6127,1.08,15.224
CANDIDATE,13.9248005,142.04732,5.016,1.95E+02,0.9,11.2,5271,0.648,15.712
CANDIDATE,19.6001405,138.5631,8.613,2.82E+02,2.08,19.7,6003,0.932,13.874
FALSE POSITIVE,361.526458,339.3304,6.947,5.25E+02,5.7,14,7196,1.923,13.151
CONFIRMED,48.0506878,140.514,7.999,2.75E+02,2.36,15.1,5332,1.453,15.033
CANDIDATE,34.08429351,152.06766,1.3521,3.75E+03,36.05,28.7,5252,0.922,15.417
FALSE POSITIVE,9.44942628,132.45174,6.3064,1.21E+03,75.22,81.1,5092,2.664,13.819
FALSE POSITIVE,0.933489066,132.101834,1.41864,1.43E+04,48.01,374.5,5758,1.084,16.428
FALSE POSITIVE,1.908525084,131.77571,4.169,2.19E+02,3.74,26.9,9174,2.471,11.721
FALSE POSITIVE,0.798467681,132.04627,0.86,1.21E+02,0.82,9.4,5575,0.733,15.89
FALSE POSITIVE,0.867721348,132.161646,4.8783,9.77E+04,67,587.9,5510,1.276,16.09
FALSE POSITIVE,161.252567,189.10238,23.626,2.91E+03,5.04,94.7,5985,0.811,14.72
CONFIRMED,3.90863457,133.92971,1.7704,8.67E+02,1.86,36.6,4518,0.653,15.646
CONFIRMED,77.086191,202.7483,4.77,9.43E+02,29.77,12.9,6228,1.049,15.886
FALSE POSITIVE,1.673662758,131.67166,2.3135,3.16E+02,23.42,33.4,6444,1.053,14.576
FALSE POSITIVE,5.93717724,135.95682,5.355,2.55E+04,594.32,56.3,5780,1,18.358
FALSE POSITIVE,3.89043062,132.7665,6.596,1.95E+02,1.24,14.4,5646,0.896,15.204
FALSE POSITIVE,16.8282542,296.233,39.098,6.55E+02,2.66,78.3,5575,0.972,14.889
FALSE POSITIVE,2.489549075,132.045037,2.4345,2.83E+03,59.57,160.6,6184,1.406,13.368
CONFIRMED,1.644221032,131.75241,2.9122,4.78E+01,1.18,24.1,6297,1.369,13.147
FALSE POSITIVE,4.469731089,133.011683,5.257,3.16E+03,84.63,286.7,5758,2.318,13.246
FALSE POSITIVE,1.731803197,132.887574,5.6803,4.46E+04,22.87,221.1,5761,1.029,15.449
FALSE POSITIVE,2.64830047,133.034879,2.6395,1.27E+04,126.54,79.8,4839,9.278,12.858
CONFIRMED,17.2653659,135.3549,5.02,6.79E+01,1.16,13.9,6388,1.402,12.556
FALSE POSITIVE,3.486318703,134.87329,2.7904,6.01E+04,54.53,190.7,5780,1,17.914
FALSE POSITIVE,1.705780649,133.15662,1.6271,1.55E+04,25.95,31.8,4970,0.591,15.77
FALSE POSITIVE,7.45306683,131.76434,4.7617,4.66E+04,1044.28,84.3,5780,1,17.3
FALSE POSITIVE,2.929299629,133.71721,7.102,8.39E+04,51.67,374.6,5780,1,17.382
FALSE POSITIVE,5.50811352,134.32603,2.9516,4.04E+04,34.03,100.5,5188,0.624,17.065
FALSE POSITIVE,0.569115097,132.020841,3.5028,5.86E+05,156.15,229.6,7174,1.705,16.747
FALSE POSITIVE,2.529073751,133.390989,1.8827,1.57E+03,25.8,73.4,5465,0.766,15.573
CANDIDATE,202.1168173,292.05064,4.683,2.70E+03,5.8,56.3,5536,0.917,13.922
FALSE POSITIVE,0.916326699,131.80905,3.1427,9.64E+04,50.7,251.6,6046,0.972,15.896
CONFIRMED,33.0405509,161.22146,3.3613,5.77E+02,2.36,27.5,5688,0.971,14.534
FALSE POSITIVE,1.306723495,132.53576,6.606,1.25E+04,27.42,311.7,4651,0.657,15.984
FALSE POSITIVE,0.7967202,132.288291,4.25304,1.68E+05,56.89,716.6,5780,1,17.656
FALSE POSITIVE,359.102042,393.8542,16.949,1.10E+03,28.76,26.5,6355,1.108,13.906
CONFIRMED,160.130899,203.47424,13.775,1.18E+03,6.67,32.4,6092,1.759,15.13
FALSE POSITIVE,2.69634575,132.9969,3.785,1.85E+02,1.46,35.4,5418,1.051,14.544
FALSE POSITIVE,2.553924603,131.94769,9.835,1.68E+03,32.67,100.5,5993,0.986,15.755
FALSE POSITIVE,8.487871809,134.495278,4.19829,1.19E+05,46.24,483.9,5553,0.855,16.947
FALSE POSITIVE,5.50817321,134.32367,3.6845,2.27E+05,39.18,268.7,5051,0.644,17.779
FALSE POSITIVE,6.142812722,135.16085,6.0751,9.66E+04,31.9,316.1,5780,1,16.152
FALSE POSITIVE,175.0658609,179.043787,4.5181,4.51E+04,40.63,320.6,6021,0.819,15.62
FALSE POSITIVE,20.8392148,133.49781,2.3321,1.78E+05,51.9,197.6,5378,0.812,16.583
FALSE POSITIVE,9.50158045,131.97492,5.0701,4.43E+05,73.07,314.9,5780,1,18.347
FALSE POSITIVE,19.226055,132.6309,2.949,3.27E+03,3.52,10.1,5193,0.621,17.065
FALSE POSITIVE,2.050435466,133.288776,8.0122,7.77E+03,34.84,445.8,5440,0.825,14.808
CANDIDATE,10.72725536,132.90239,1.7541,5.62E+04,12.85,160.5,3324,0.268,16.415
FALSE POSITIVE,1.507101452,132.092456,5.2005,1.58E+04,39.32,273.5,5884,0.876,14.848
FALSE POSITIVE,1.274841686,131.623318,3.5903,5.03E+04,63.68,353,6211,1.281,14.034
CONFIRMED,4.02582434,135.42508,2.8059,2.65E+02,1.79,23.9,5509,1.116,14.523
FALSE POSITIVE,2.845746618,134.276987,13.0719,5.58E+05,135.99,829.1,5641,1.776,15.833
FALSE POSITIVE,2.30120705,132.18748,25.08,1.69E+03,28.64,132.5,5641,0.85,15.818
FALSE POSITIVE,337.377514,336.53604,12.136,6.11E+03,37.23,60,6029,0.998,15.36
FALSE POSITIVE,389.2807504,310.5901867,12.52,,,,,,15.36
FALSE POSITIVE,8.58965725,132.01852,8.9793,1.16E+03,27.86,107.8,5697,0.892,14.649
CANDIDATE,2.508116,133.98497,2.504,1.88E+02,12.28,18.3,5096,8.769,15.357
FALSE POSITIVE,8.56751264,136.06104,5.449,3.48E+02,23.05,17.9,6212,1.054,14.943
FALSE POSITIVE,1.061934313,131.72596,3.194,6.07E+02,15.14,70,4304,0.566,15.454
FALSE POSITIVE,2.406574511,133.73667,3.4382,7.38E+02,26.22,63.9,6167,1.107,15.42
FALSE POSITIVE,28.64338839,141.22933,1.2246,6.24E+02,5.82,23.1,6507,1.767,12.642
FALSE POSITIVE,96.231257,217.00033,2.488,9.38E+02,29.26,8.8,4895,9.529,13.648
FALSE POSITIVE,30.5528701,143.348399,5.3367,6.35E+04,63.57,510.8,6441,1.165,16.245
CONFIRMED,26.2347447,141.99379,3.536,1.97E+02,2.76,22,6297,1.369,13.147
CONFIRMED,160.8845197,277.504342,10.8771,7.59E+03,9.09,526.1,5650,1.044,12.888
FALSE POSITIVE,4.04506346,132.232226,3.22222,3.60E+05,67.94,483.9,5780,1,17.705
CONFIRMED,141.2415405,256.205347,6.7645,1.30E+04,11.49,380.9,5705,1.017,14.524
CONFIRMED,217.8318429,238.820035,21.306,9.15E+03,11.17,1244.4,6259,1.167,11.69
CANDIDATE,16.0988294,131.8764,5.686,1.60E+02,1.14,10.9,5657,0.911,14.55
FALSE POSITIVE,1.433262145,132.822323,5.6316,1.85E+03,5.67,159.3,5977,1.068,14.888
FALSE POSITIVE,0.782046543,131.674244,1.9874,3.40E+05,43.07,534,4768,0.591,16.784
FALSE POSITIVE,5.663604992,133.892182,1.4283,1.63E+05,54.55,169.4,5780,1,17.93
FALSE POSITIVE,18.07661035,146.256704,3.1396,6.53E+04,39.16,380.6,4848,0.764,16.636
FALSE POSITIVE,6.47173281,136.35537,7.1964,6.47E+03,13.68,94.5,6318,1.685,14.35
FALSE POSITIVE,1.031100362,131.87473,2.9759,1.29E+05,27.35,178.5,5666,0.752,17.022
FALSE POSITIVE,0.597933142,131.95669,3.47133,2.84E+05,63.46,1490.3,5780,1,16.377
FALSE POSITIVE,5.36652724,134.86398,8.367,3.12E+03,7.97,50.7,5858,0.849,15.48
FALSE POSITIVE,1.540392098,131.9989,3.7271,1.02E+03,17.63,87.2,4911,0.724,14.449
CONFIRMED,47.1484324,175.2689,3.1347,1.11E+03,2.58,54.5,4975,0.734,12.86
CONFIRMED,2.50475282,133.63645,2.376,1.81E+02,1.48,18.9,5509,1.116,14.523
CONFIRMED,59.3627946,184.14711,13.972,2.34E+02,2.23,51.5,5786,1.471,12.07
CANDIDATE,247.891041,133.92838,18.363,9.57E+02,4.74,34.6,6121,1.536,14.948
FALSE POSITIVE,2.199076661,133.06147,6.11,7.77E+02,21.72,56.2,5310,0.791,15.339
CONFIRMED,1.79110997,131.95636,2.0917,1.68E+02,1.29,24.3,6040,0.999,14.496
FALSE POSITIVE,7.77241144,132.58122,5.272,2.87E+02,1.69,18.9,6014,0.993,15.327
CANDIDATE,1.99469354,131.5639,5.297,7.51E+01,0.46,8.9,3799,0.51,15.846
CONFIRMED,10.51421162,134.56738,3.877,8.54E+01,1.25,21.6,6259,1.167,11.69
FALSE POSITIVE,11.34434745,138.811996,5.9738,2.58E+05,62.52,437.2,5780,1,17.953
CONFIRMED,214.3120439,336.330158,16.2938,4.52E+03,9.17,562.8,6471,1.357,12.04
FALSE POSITIVE,0.876826336,132.0647202,3.6097,1.38E+05,37.24,1338.1,6344,0.962,12.29
FALSE POSITIVE,208.8690972,273.692419,4.5707,2.13E+04,29.95,413.8,5914,0.987,14.461
CONFIRMED,7.2593226,131.71082,6.1394,2.48E+02,1.57,40.1,5914,0.987,14.461
FALSE POSITIVE,1.98663794,133.311523,4.7585,6.32E+04,134.5,193,9191,2.619,14.726
FALSE POSITIVE,13.54208867,144.00206,4.9406,2.89E+04,26.65,137.6,5496,0.927,16.9
FALSE POSITIVE,7.549303633,135.010802,2.3665,1.02E+04,34.45,177,5402,0.815,15.992
FALSE POSITIVE,0.77544539,132.072938,1.8764,6.79E+03,35.53,205.1,5861,0.865,15.64
CANDIDATE,164.950399,280.9154,30.86,2.45E+04,11.23,65.7,5001,0.664,15.473
FALSE POSITIVE,308.255238,282.4555,11.959,6.37E+02,18.98,13.8,4852,7.797,13.444
FALSE POSITIVE,3.46724809,133.90269,11.01,1.32E+03,2.52,107,4969,0.543,15.889
FALSE POSITIVE,7.4413445,137.3429,2.8754,2.23E+03,43.5,66.4,6540,1.183,14.114
FALSE POSITIVE,4.618309224,135.85023,3.6752,1.19E+03,25.43,68.5,5452,0.815,15.757
FALSE POSITIVE,0.677761275,131.625946,3.7085,8.78E+02,22.15,120.8,5699,0.853,14.382
FALSE POSITIVE,2.845739012,134.279738,11.9327,2.44E+04,44.7,488.6,5982,0.96,15.362
FALSE POSITIVE,175.358905,212.2454,5.34,2.15E+02,2.9,9.1,5109,2.02,13.385
CANDIDATE,0.582895412,131.621083,1.0528,5.88E+02,5.87,87,6263,1.009,14.972
CANDIDATE,0.496069986,132.28138,1.5568,1.29E+02,10,22.1,5096,8.769,15.357
FALSE POSITIVE,12.42618005,141.50486,28.1949,1.52E+03,3.48,113.1,4624,0.684,15.889
FALSE POSITIVE,2.189090653,132.08535,5.2094,1.03E+03,23.25,78.3,5401,0.777,15.875
CONFIRMED,5.33905606,132.14193,1.6415,7.56E+02,1.9,28.9,5057,0.704,15.362
FALSE POSITIVE,1.99492332,133.4406,5.898,7.77E+01,0.94,11.1,5957,0.971,15.634
CONFIRMED,23.2218115,151.06904,2.744,2.10E+02,2.42,16.9,5808,1.374,14.128
FALSE POSITIVE,3.351573993,134.28062,2.8758,5.45E+04,24.15,192.4,5984,1.033,17.279
FALSE POSITIVE,8.097050622,138.423529,5.6736,6.56E+04,24.01,404.9,5753,0.894,16.474
FALSE POSITIVE,2.119107262,132.58903,7.5384,1.25E+05,77.23,347.3,6381,1.423,15.812
CANDIDATE,5.24088367,136.02877,3.3656,8.53E+03,12.74,385.7,6452,1.305,14.014
FALSE POSITIVE,0.887691177,132.36711,1.644,3.73E+01,1.53,20.8,5500,2.491,12.386
CONFIRMED,142.545,202.88,8.75,9.05E+02,2.52,13.7,5642,0.846,15.99
CONFIRMED,240.7990472,334.14037,16.666,5.02E+03,10.31,170.1,5758,1.385,14.822
FALSE POSITIVE,0.888584158,132.100098,2.25012,4.13E+05,43.7,691.2,4324,0.616,17.375
FALSE POSITIVE,0.865959015,132.053694,1.9058,2.91E+05,144.5,620.8,4561,0.469,16.44
FALSE POSITIVE,0.594276199,131.835238,2.0188,2.21E+05,266.99,285.2,4756,0.667,15.985
FALSE POSITIVE,1.527491117,132.259806,7.9136,3.35E+04,27.85,298.6,4273,0.595,15.935
FALSE POSITIVE,0.566814046,131.79379,4.049,4.21E+01,0.56,23.8,5724,0.827,14.225
FALSE POSITIVE,0.61496383,132.022402,1.93053,3.58E+05,44.79,806.5,4509,0.663,17.453
FALSE POSITIVE,161.253747,189.0939,25.322,2.60E+03,4.98,54.7,5570,0.803,15.397
FALSE POSITIVE,2.974163938,132.49312,1.7423,9.03E+04,34.74,88.6,5780,1,19.294
FALSE POSITIVE,15.84131693,145.4595,1.8156,2.62E+03,670.04,38.2,4993,19.695,13.724
CANDIDATE,6.13074243,131.85782,2.84,1.46E+02,1.26,9.9,5741,0.833,14.523
CONFIRMED,9.2075634,135.801,3.365,1.24E+03,5.5,43.4,5678,1.303,14.026
CONFIRMED,2.5903958,132.3011,2.088,3.31E+02,2.55,18.3,5678,1.303,14.026
CONFIRMED,5.3235335,133.0952,2.714,3.42E+02,2.69,14.6,5678,1.303,14.026
FALSE POSITIVE,0.831741499,132.074741,2.297,1.23E+03,41.62,110.9,6343,1.14,15.61
FALSE POSITIVE,4.44737112,133.84048,19.45,2.24E+02,2.06,93,5472,0.981,14.016
FALSE POSITIVE,12.89301802,141.611199,3.30029,1.60E+04,62.52,453,6387,1.408,15.517
CANDIDATE,5.44085762,134.29408,2.119,1.38E+02,0.97,9.3,5519,0.762,14.81
FALSE POSITIVE,4.532416322,135.6589,3.2864,3.50E+04,62.25,175.6,6306,1.281,16.028
FALSE POSITIVE,2.26631937,133.3865546,3.16,,,,,,16.028
FALSE POSITIVE,1.160153553,132.145331,2.16452,1.23E+04,60.47,552.8,6200,1.382,15.149
FALSE POSITIVE,4.032760214,133.301891,2.7194,1.08E+04,378.61,150.9,4969,9.433,14.734
FALSE POSITIVE,3.723552982,134.94613,3.5632,4.01E+04,18.83,145.7,6063,0.89,16.72
CANDIDATE,6.714247798,134.31703,3.3304,3.22E+04,14.78,145.9,5159,0.8,17.376
FALSE POSITIVE,2.21396079,132.5689,3.452,1.19E+02,0.87,9.6,4922,0.823,15.844
FALSE POSITIVE,11.35501209,133.20478,14.557,1.97E+04,8,221.4,4594,0.567,14.772
FALSE POSITIVE,1.195515251,132.303851,5.0834,8.05E+03,49.33,309.1,6040,1.155,13.998
CANDIDATE,2.60720833,131.84844,2.6452,3.15E+03,7.31,185.3,6366,1.236,14.103
FALSE POSITIVE,5.80184753,131.77347,3.9551,2.21E+04,14,118.1,5687,0.921,16.605
FALSE POSITIVE,2.38404983,133.43927,3.2849,3.13E+05,66.14,195.3,5780,1,19.319
FALSE POSITIVE,5.24078259,136.54913,5.238,5.93E+02,24.73,58.1,6192,0.917,14.483
FALSE POSITIVE,5.26641416,131.69998,2.4404,2.24E+02,2.62,37.8,6338,1.602,12.859
CONFIRMED,1.847892736,132.19915,1.8904,3.23E+02,1.51,53.3,5763,0.842,14.216
FALSE POSITIVE,0.604358764,131.68577,1.0423,3.87E+04,23.28,236.8,3569,0.427,16.182
FALSE POSITIVE,11.3775281,132.5848,12.918,1.65E+03,82.26,38.2,6943,1.66,13.93
FALSE POSITIVE,0.7981968,131.570334,2.22035,2.58E+05,62.38,453.9,5780,1,17.579
FALSE POSITIVE,0.695954898,131.89905,1.469,3.18E+02,2.58,8.5,6737,1.425,13.496
FALSE POSITIVE,0.948951607,132.468516,4.3809,4.58E+05,115.31,437.1,5780,1,18.241
FALSE POSITIVE,19.37070781,147.66803,2.2466,6.53E+02,108.54,38.4,5321,4.335,12.956
FALSE POSITIVE,14.46993942,141.81105,7.455,1.24E+03,85.84,41.9,4735,9.043,14.962
FALSE POSITIVE,1.278555003,131.529071,1.4247,1.48E+03,5.19,93.8,5636,0.827,15.643
CONFIRMED,1.226223959,132.6827,2.1689,5.61E+01,1,18.9,5855,1.34,13.8
FALSE POSITIVE,2.244600029,133.46529,1.9204,8.61E+03,27.47,42.6,5256,0.802,14.731
FALSE POSITIVE,181.8521773,251.877795,5.7725,2.76E+04,46.38,293.8,6063,1.012,15.684
FALSE POSITIVE,223.1127475,140.947135,8.9683,1.15E+04,46.33,224.5,6211,1.056,14.38
FALSE POSITIVE,15.64064161,140.08502,6.4524,2.73E+05,77.18,206.3,6517,1.374,18.231
CONFIRMED,6.8873113,132.0711,2.214,8.53E+01,0.72,8.1,5208,0.772,12.957
FALSE POSITIVE,1.103978,131.573418,0.74,,,,,,17.362
FALSE POSITIVE,43.8496474,157.7544,2.217,4.52E+02,21.42,8.3,4893,10.363,13.457
FALSE POSITIVE,0.752158047,131.793035,2.42733,3.79E+04,106.66,510,5770,2.221,14.082
FALSE POSITIVE,3.796488133,135.15079,11.0659,3.01E+03,40.83,193.4,6137,1.018,15.534
CANDIDATE,17.7476059,139.3464,5.066,8.77E+02,146.63,7.6,8992,4.832,11.5
FALSE POSITIVE,1.233076007,132.49795,12.506,1.39E+03,31.39,129.3,5602,0.817,15.402
FALSE POSITIVE,21.5135234,132.3356,77.983,1.58E+03,534.47,171.5,5088,3.318,10.63
FALSE POSITIVE,19.4444573,147.9093,5.509,1.82E+02,1.53,7.1,6278,1.081,15.835
FALSE POSITIVE,1.1910489,132.076408,1.3738,1.39E+03,22.76,46.1,5089,0.693,15.637
FALSE POSITIVE,0.546248198,131.585311,2.1081,1.15E+05,54.23,263.1,5780,1,18.55
CANDIDATE,2.18565886,132.45418,1.966,3.56E+01,0.44,11.1,4997,0.746,12.906
FALSE POSITIVE,1.811966339,132.27828,3.792,4.08E+02,95.19,36.3,5904,3.348,13.493
FALSE POSITIVE,66.1539783,156.97153,5.896,6.95E+03,9.69,57.7,6077,0.999,15.52
FALSE POSITIVE,158.3226379,251.75032,2.1881,4.86E+03,25.41,34.5,4340,0.572,15.557
CONFIRMED,3.93276627,134.64964,2.9403,2.35E+02,1.5,30.7,5688,0.971,14.534
CONFIRMED,198.680859,270.66535,8.282,6.45E+02,2.79,16.6,5330,1.013,15.001
FALSE POSITIVE,1.592634161,132.328769,8.9488,1.55E+05,100.2,1207.6,6574,1.768,14.915
FALSE POSITIVE,3.31577795,131.53883,4.2349,9.46E+04,27.77,124.6,5528,0.849,17.772
FALSE POSITIVE,2.990252395,133.110629,7.8462,2.16E+05,89.85,541.7,5780,1,17.9
FALSE POSITIVE,2.08043378,131.827041,7.708,6.86E+03,510.48,289.1,6377,1.119,13.858
FALSE POSITIVE,4.944046127,134.192012,4.50334,1.13E+05,54.29,537.2,5780,1,16.237
FALSE POSITIVE,4.464565251,132.311502,4.0221,7.41E+04,43.21,286.4,5743,0.853,17.296
FALSE POSITIVE,1.523298835,132.32762,5.9083,1.95E+05,38.95,174.4,5311,0.866,17.38
FALSE POSITIVE,3.539631353,132.774997,1.5372,1.23E+03,39.34,163.5,7021,2.629,12.305
FALSE POSITIVE,6.195861785,134.23422,2.6078,3.51E+03,215.89,83.5,5608,0.813,15.431
FALSE POSITIVE,0.566805514,131.8162,4.367,8.53E+01,0.82,25.1,5115,0.917,14.943
FALSE POSITIVE,27.961084,133.1759,3.8741,6.27E+03,21.5,106,6770,1.361,14.069
FALSE POSITIVE,186.5168116,169.64687,3.1968,5.75E+03,37.5,126.9,5018,2.99,13.529
FALSE POSITIVE,197.1455327,300.176978,2.1145,5.66E+03,72.16,56.8,7214,1.935,12.962
FALSE POSITIVE,0.532087933,131.972409,3.45028,5.10E+05,74.83,1069.5,5780,1,18.852
FALSE POSITIVE,3.204222652,133.82223,2.7952,8.98E+02,23.55,45.5,5139,0.741,15.341
FALSE POSITIVE,0.687898282,131.595979,3.96401,2.94E+05,55.58,1571.6,5780,1,17.49
FALSE POSITIVE,2.178154774,132.02433,3.5302,6.63E+02,19.46,89.2,5515,0.712,14.489
FALSE POSITIVE,0.99466172,131.63284,1.576,1.37E+03,31.84,21.5,5750,1.021,14.997
FALSE POSITIVE,359.00688,295.8649,32.16,2.02E+03,28.57,35.3,5715,0.834,15.164
CONFIRMED,1.138548215,132.46205,2.1482,6.62E+01,1.45,31.5,6520,1.713,13.194
FALSE POSITIVE,121.0598037,159.3454,3.112,1.56E+03,1680.99,16.6,3942,60.688,13.353
FALSE POSITIVE,0.721335207,131.57505,1.509,3.18E+01,0.54,12,6328,0.948,13.982
FALSE POSITIVE,3.28274272,132.64464,8.9,2.93E+02,1.85,68.2,5741,0.82,14.518
FALSE POSITIVE,1.231361934,131.80783,5.433,4.71E+02,2.93,94.7,6095,1.016,15.277
CONFIRMED,89.7224125,163.15815,10.963,2.64E+02,2.21,25.6,6429,1.262,13.838
CONFIRMED,7.12766417,136.00586,2.491,2.29E+02,1.21,16,5159,0.821,14.839
FALSE POSITIVE,2.080431782,131.827995,7.4997,8.94E+05,345.7,1585.2,8344,2.115,16.448
CANDIDATE,3.52364689,134.1864,3.439,7.42E+01,0.94,8.5,6269,1.085,14.46
FALSE POSITIVE,1.157804607,132.448327,4.66082,6.06E+05,118.11,1837.9,6510,1.425,14.62
FALSE POSITIVE,19.979098,137.14659,10.5638,3.84E+04,22.98,449.1,5907,1.126,16.299
FALSE POSITIVE,1.433262401,132.822635,6.2205,4.29E+05,136.47,599.8,7311,1.959,17.719
FALSE POSITIVE,23.8706941,136.9568,3.4812,6.39E+03,49.6,114.8,6022,1.166,14.219
CANDIDATE,4.78850084,135.4574,2.099,6.65E+01,0.63,7.2,5208,0.772,12.957
FALSE POSITIVE,0.566769068,131.8681,3.011,4.00E+01,1.06,14.9,5496,1.533,14.447
FALSE POSITIVE,6.2820426,131.58905,7.941,1.41E+03,23.76,103.3,6635,3.798,11.059
FALSE POSITIVE,0.97430309,132.390205,2.1088,3.50E+04,37.62,224,5688,0.786,15.783
CANDIDATE,141.7340306,167.345982,1.5851,7.74E+03,10.3,157.4,5606,0.918,13.891
FALSE POSITIVE,119.686505,176.0608,29.33,8.43E+02,23,27.1,5715,0.834,15.164
FALSE POSITIVE,53.556625,184.4892,16.18,3.96E+03,26.31,22.1,7643,3.618,11.142
CANDIDATE,433.220461,271.04277,2.725,7.25E+02,2.07,9.5,5232,0.777,14.546
CONFIRMED,1.210693626,132.39306,1.434,1.59E+02,0.99,41.6,5014,0.756,12.914
CONFIRMED,1.090011003,131.58066,1.5,1.75E+02,1.04,12.6,5081,0.77,15.753
CANDIDATE,18.2572722,134.44527,3.434,1.58E+02,0.94,17.3,5014,0.756,12.914
CONFIRMED,34.2115022,154.57508,4.947,2.74E+02,1.15,20.7,4955,0.721,14.017
FALSE POSITIVE,7.061149921,134.558528,3.33515,1.31E+05,43.71,631.5,5585,0.798,17.115
FALSE POSITIVE,2.682767439,131.570648,4.58143,3.94E+05,70.67,508.4,5780,1,17.743
FALSE POSITIVE,3.711012492,132.488455,3.3394,7.56E+03,46.24,257.4,6141,1.117,13.789
FALSE POSITIVE,1.780982447,131.520134,3.4297,3.58E+05,60.45,324,5780,1,16.485
FALSE POSITIVE,1.815632406,131.9113803,3.35773,6.16E+04,108.78,1413.9,9954,2.408,14.42
FALSE POSITIVE,205.5833309,234.746256,6.0353,2.49E+04,42.69,216.1,6328,0.915,15.247
FALSE POSITIVE,4.309067482,134.71445,2.21,2.36E+04,101.41,82,4897,0.789,16.77
FALSE POSITIVE,36.4721523,159.7848,2.673,5.26E+01,0.7,7.7,5853,0.895,11.894
FALSE POSITIVE,111.0396205,161.93506,25.751,9.36E+03,8.6,201.9,5470,0.777,14.587
FALSE POSITIVE,3.187087241,132.8582,7.2897,1.29E+05,928.96,197,4599,23.673,16.988
FALSE POSITIVE,1.023470248,131.703274,2.3804,1.30E+05,100.39,262.2,5780,1,17.506
FALSE POSITIVE,0.875267982,132.03224,1.6038,1.17E+04,39.19,44.9,5821,0.898,15.207
FALSE POSITIVE,5.55260695,132.08428,4.1178,7.28E+02,2674.69,60.7,3306,116.965,9.687
FALSE POSITIVE,2.347479696,133.67205,26.25,8.20E+04,60.5,261.1,5891,1.138,14.177
FALSE POSITIVE,1.13353095,132.4414,3.17,1.85E+01,0.49,11.1,6318,1.121,13.145
FALSE POSITIVE,0.890745373,131.884401,1.9215,1.20E+05,36.92,239.6,5780,1,18.59
CONFIRMED,440.7843755,139.3535,21.693,2.58E+03,7.23,181,6340,1.393,13.771
FALSE POSITIVE,2.723858181,133.57632,1.4313,5.50E+03,7.13,23.8,4416,0.733,15.561
FALSE POSITIVE,0.635441862,131.966607,1.9827,1.48E+05,56.3,317.1,5780,1,16.675
FALSE POSITIVE,3.255189932,134.6015,2.7117,1.19E+02,1.39,38.3,5807,1.256,13.088
FALSE POSITIVE,2.531140101,132.49471,20.399,1.18E+04,32.12,304.2,5325,0.75,15.209
CONFIRMED,0.938750221,131.68256,1.3568,2.81E+02,1.46,47.4,5497,0.886,14.86
FALSE POSITIVE,2.992704682,133.29518,1.2585,3.61E+02,7.86,39.9,5908,3.915,13.957
FALSE POSITIVE,6.12810722,137.03456,2.824,2.34E+03,39.52,17.5,7245,1.667,13.186
FALSE POSITIVE,2.115511511,131.99137,8.5116,2.58E+04,36.16,153.3,4188,0.661,15.582
FALSE POSITIVE,2.446736567,133.968534,5.0201,4.16E+05,71.52,1037.3,5780,1,17.991
FALSE POSITIVE,21.3779536,157.8164,24.872,2.55E+05,173.18,101.9,4905,3.484,19.065
FALSE POSITIVE,4.350460215,132.27239,2.5276,5.04E+04,533.08,247.2,6585,1.416,15.929
FALSE POSITIVE,22.77194512,133.84261,10.1995,3.02E+04,251.93,208.6,5073,4.61,13.436
CONFIRMED,67.844689,149.5007,11.757,2.11E+02,2.65,18.9,5878,1.812,13.996
CONFIRMED,27.3214242,154.29833,4.836,2.80E+02,3.61,14.9,5592,1.451,14.513
FALSE POSITIVE,9.84883968,135.993,5.7425,2.20E+04,63.42,236.6,6938,1.31,16.35
FALSE POSITIVE,10.23335969,139.7882155,7.55,,,,,,11.614
FALSE POSITIVE,227.6625222,232.241995,5.5072,1.39E+04,44.24,227.5,6124,1.007,14.984
FALSE POSITIVE,1.06100873,132.521276,2.6715,6.37E+03,9.14,174.9,5080,0.947,15.564
FALSE POSITIVE,0.623393802,131.599128,1.40392,3.02E+04,28.21,867.8,4330,0.639,16.18
CONFIRMED,0.65355361,132.058957,1.63,4.60E+03,22.95,217.4,4550,0.66,15.692
CONFIRMED,2.3702932,133.6801,1.666,2.25E+02,1.29,7,5668,0.868,15.54
FALSE POSITIVE,0.566793534,131.8368,4.714,9.24E+01,122.64,40.4,3420,138.056,11.476
FALSE POSITIVE,1.873380717,131.795634,10.1083,5.39E+05,89.79,1513.7,5992,1.171,14.807
FALSE POSITIVE,1.87337894,131.796393,9.1328,5.44E+03,51.11,223.1,4740,5.721,12.708
FALSE POSITIVE,7.50023955,137.38848,2.916,2.73E+02,21.06,29,5849,0.919,13.61
FALSE POSITIVE,23.6270348,150.0362,11.481,8.43E+03,21.71,78.4,5305,0.857,16.375
FALSE POSITIVE,0.716709897,132.050846,0.7466,9.33E+02,66.73,47.6,5173,2.742,12.224
FALSE POSITIVE,2.248063246,132.75441,5.1297,6.32E+02,30.38,87.9,6325,1.112,14.434
FALSE POSITIVE,63.3278636,165.22656,47.0744,1.15E+04,54.17,619.6,4919,5.198,10.42
CONFIRMED,219.3215562,320.72862,12.4124,3.63E+03,6.11,93.8,6063,1.012,15.273
FALSE POSITIVE,245.4382021,361.302835,14.502,1.13E+04,19.17,844.7,5637,0.99,12.777
FALSE POSITIVE,178.4129899,218.225235,2.9298,3.75E+04,33.24,535.1,6078,1.148,13.944
FALSE POSITIVE,178.44973,217.6718259,12.86,,,,,,13.944
FALSE POSITIVE,2.192004364,132.218114,3.075,9.96E+04,37.56,298.7,5306,0.687,16.654
FALSE POSITIVE,3.900109346,133.380544,3.9037,1.26E+05,40.37,448,5791,0.969,16.597
FALSE POSITIVE,1.471060209,132.27522,4.3708,1.48E+05,165.15,563,8749,2.911,15.009
FALSE POSITIVE,0.73553763,131.5246162,2,,,,,,15.009
FALSE POSITIVE,213.3990406,274.209685,6.5043,1.39E+04,35.2,370.9,6960,1.83,13.381
FALSE POSITIVE,6.40802979,134.0732,2.9288,7.78E+03,51.44,108.2,6261,1.194,14.078
CANDIDATE,2.38920105,132.05991,3.15,,,,,,15.366
FALSE POSITIVE,0.962835804,132.198475,4.9844,1.43E+04,458.02,209.2,3982,32.244,10.82
FALSE POSITIVE,4.639602084,135.09909,3.4636,2.51E+04,19.96,131,6078,1.194,16.803
FALSE POSITIVE,2.991885335,134.17581,7.4319,1.36E+03,3.94,160.2,5750,0.839,14.011
FALSE POSITIVE,1.327471395,131.583734,5.2334,5.67E+03,7.08,218.7,5232,0.777,15.818
FALSE POSITIVE,0.566792595,131.817,2.637,1.99E+01,0.5,9.4,6277,1.121,12.982
FALSE POSITIVE,1.247156944,132.36584,2.6779,1.35E+05,26042.9,92.4,4770,9.67,17.474
CANDIDATE,288.3128666,374.79958,5.419,1.12E+04,13.21,96.8,5672,1.22,15.999
FALSE POSITIVE,2.119100054,132.59118,8.2163,1.65E+03,34.34,195.7,6292,1.078,13.835
FALSE POSITIVE,1.466535757,131.992658,0.8222,1.35E+03,4.28,86.1,5888,1.02,15.446
FALSE POSITIVE,8.870415578,137.481093,1.2864,8.73E+02,39.46,43.8,6022,1.514,13.579
FALSE POSITIVE,1.49131759,132.1676,4.721,2.58E+01,1.26,10.3,6014,2.429,13.953
CONFIRMED,19.57783279,131.71421,1.9857,4.33E+02,1.96,37.2,5620,0.884,12.624
FALSE POSITIVE,3.04476607,132.43708,9.568,2.73E+02,15.7,67,5627,0.818,14.506
CONFIRMED,70.9672087,182.66991,6.9623,7.85E+02,2.84,69.3,5818,0.986,12.72
FALSE POSITIVE,4.45543346,134.453921,5.116,2.46E+05,51.69,508.6,5780,1,17.046
FALSE POSITIVE,14.32388995,135.225964,4.83729,6.91E+04,45.93,834.3,5853,0.895,16.095
FALSE POSITIVE,20.42723232,135.862807,3.46429,1.22E+05,601.32,526.6,6167,1.121,16.677
CANDIDATE,106.18732,180.796,10.29,2.66E+02,231.85,8.6,3287,152.969,10.028
CONFIRMED,105.6552651,230.09865,9.39,1.37E+03,4.22,42.3,5741,1.136,15.356
FALSE POSITIVE,4.029803201,134.422433,4.4301,1.91E+05,47.58,352.3,6024,1.078,16.936
FALSE POSITIVE,1.303858554,131.606872,4.36797,1.27E+05,73.29,904,6282,1.343,15.475
CANDIDATE,9.74765878,139.16424,2.62,1.02E+02,0.78,11.6,5176,0.738,14.29
CONFIRMED,3.18899015,133.52624,2.722,6.62E+01,0.98,18.4,5700,1.176,13.351
CANDIDATE,309.89103,259.0588,16.4,3.21E+02,2.15,10.7,6450,1.155,14.706
FALSE POSITIVE,1.570518376,132.340523,3.2035,2.21E+03,450.76,76.7,5314,11.82,10.055
FALSE POSITIVE,115.9943364,139.57168,2.4136,3.76E+04,13.66,102.4,4530,0.735,15.852
FALSE POSITIVE,0.623441636,131.6792187,1.46001,1.93E+04,29.19,164.7,5319,0.654,15.626
FALSE POSITIVE,14.5417471,137.58734,5.6067,1.09E+03,163.25,71.2,5032,5.922,13.763
FALSE POSITIVE,2.81753381,132.8937,2.1551,3.84E+03,52.91,39.3,6313,1.098,14.248
CONFIRMED,0.762132307,131.61542,1.22,6.37E+01,0.75,11.5,5594,0.934,14.305
FALSE POSITIVE,56.6993107,146.1473,7.0706,5.82E+03,539.16,76.3,4727,13.547,11.356
FALSE POSITIVE,161.252247,189.10948,23.467,2.19E+03,4.49,84.1,5555,0.811,14.178
FALSE POSITIVE,0.867719291,132.165597,6.323,2.65E+03,37.79,157.1,6220,1.056,14.445
CANDIDATE,1.803697292,131.51365,1.5922,6.97E+01,1,25.8,6438,1.166,10.762
FALSE POSITIVE,0.84112187,132.164939,2.0431,7.51E+04,39.34,89.7,5048,0.707,16.055
FALSE POSITIVE,0.828326025,132.175806,1.42721,1.07E+04,49.67,164.5,5400,0.978,15.044
FALSE POSITIVE,1.219324537,131.94673,4.7501,3.79E+05,60.62,241,5455,0.897,16.4
FALSE POSITIVE,2.401751509,133.711919,2.0835,2.50E+04,268.75,83.1,4577,0.557,15.927
FALSE POSITIVE,36.97709537,133.6264,5.2063,2.17E+05,59.66,204.9,5780,1,17.066
FALSE POSITIVE,16.37188364,140.020073,3.44467,6.59E+04,70.73,639.8,5642,1.415,15.879
FALSE POSITIVE,2.617284592,132.390683,9.5545,2.31E+05,162.67,1215.2,5510,2.649,16.304
FALSE POSITIVE,10.14873521,136.02501,5.603,1.16E+05,71.11,250.9,6366,1.296,16.798
FALSE POSITIVE,2.897436854,132.038502,3.2833,2.90E+05,64.69,274.2,5780,1,17.687
CONFIRMED,5.546083089,133.50348,2.717,2.21E+03,22.27,56.4,7358,4.037,12.252
FALSE POSITIVE,6.87366398,136.13966,7.0845,9.77E+03,12.01,143.2,5662,0.805,15.933
FALSE POSITIVE,6.87366412,132.4575658,4.85,,,,,,15.933
FALSE POSITIVE,0.668483494,132.156558,2.4129,7.23E+05,138.76,334.3,5780,1,18.792
FALSE POSITIVE,1.070272827,131.835891,4.2844,9.89E+03,28.73,284,4628,0.653,15.926
FALSE POSITIVE,0.977170246,132.23783,3.4842,1.51E+02,5.08,94.5,5596,3.938,12.439
FALSE POSITIVE,1.135930136,132.396556,4.5036,2.72E+04,52.05,551.7,6247,0.954,15.524
FALSE POSITIVE,1.801863222,132.48449,7.2492,2.63E+05,145.36,463.4,7479,2.324,12.796
FALSE POSITIVE,54.77145968,143.74319,37.1871,7.22E+03,34.32,751.1,5145,3.866,13.939
FALSE POSITIVE,1.674690886,132.172107,2.0179,5.27E+02,29.78,118.6,6397,1.157,13.593
CANDIDATE,1.013774136,131.95888,1.2774,3.39E+04,18.59,166.8,3644,0.389,16.758
CANDIDATE,290.1401717,307.250618,2.1583,4.84E+03,11.58,69.1,5631,1.263,13.906
CONFIRMED,161.515617,176.49978,6.548,2.22E+03,2.88,25.2,4243,0.641,15.561
FALSE POSITIVE,2.112405306,132.97515,2.5845,4.89E+02,19.01,42.2,5562,0.756,14.811
FALSE POSITIVE,1.870990236,132.68949,1.8432,6.43E+02,26.1,37.4,6384,1.086,15.546
FALSE POSITIVE,5.56648691,133.03305,10.931,6.95E+02,43.67,103.6,4694,12.701,9.837
FALSE POSITIVE,1.33253834,132.066,3.737,6.24E+01,0.64,9.7,5520,0.818,15.627
FALSE POSITIVE,1.241483276,132.10028,2.195,1.41E+02,27.25,32,6140,1.053,13.482
FALSE POSITIVE,3.01551943,132.943637,3.1713,1.60E+05,155.81,367.3,5299,2.761,17.357
FALSE POSITIVE,2.112395777,134.034448,2.7714,2.63E+05,115.26,243.2,5780,1,17.388
CONFIRMED,14.8444836,143.576,6.091,1.78E+02,2.49,10.5,6642,1.846,12.345
FALSE POSITIVE,2.252417903,132.436339,1.9767,3.23E+04,27.09,129.5,3979,0.544,15.625
FALSE POSITIVE,2.900613144,133.422871,3.7357,1.65E+05,38.63,617.7,5977,0.931,16.943
FALSE POSITIVE,174.7697122,172.472322,2.3569,6.81E+04,38.79,100.4,5704,0.804,15.549
FALSE POSITIVE,31.43284649,138.11259,5.3541,1.79E+05,57.21,154,5780,1,17.481
CANDIDATE,1.72110057,132.76068,1.922,2.97E+01,0.7,9.3,5700,1.176,13.351
FALSE POSITIVE,9.72675447,139.47635,19.6214,6.64E+03,995.22,366.4,6327,2.433,13.211
FALSE POSITIVE,8.096939227,132.646466,2.8833,1.43E+05,68.48,177.9,6572,1.418,17.637
FALSE POSITIVE,0.64234865,131.911078,2.1184,3.96E+04,25.76,231.7,5441,0.791,16.639
FALSE POSITIVE,130.4194187,229.758424,4.165,2.29E+03,57.51,90.4,5770,1.685,11.241
FALSE POSITIVE,1.78526527,133.1265,6.2233,1.73E+03,41.19,123.1,6505,1.228,14.026
FALSE POSITIVE,4.8591441,132.6666,3.8588,2.18E+03,6.9,81.6,6586,1.207,14.113
FALSE POSITIVE,5.95077813,135.06469,5.6,7.62E+02,32.26,71.9,5122,9.828,12.861
FALSE POSITIVE,99.673478,219.33483,0.968,2.50E+03,576.14,12.6,4932,0.492,15.801
CANDIDATE,4.7425521,133.13755,1.11,3.58E+03,7.27,10.9,6161,1.053,15.432
FALSE POSITIVE,0.955297055,132.179352,1.7405,8.46E+02,18.16,67.3,5319,0.734,15.45
FALSE POSITIVE,280.476576,299.3871,32.24,6.51E+02,3.16,38.7,5869,0.892,13.608
FALSE POSITIVE,152.8255989,197.41339,22.688,2.17E+03,34.85,98.9,4991,7.506,13.226
CANDIDATE,47.1096306,144.13172,5.741,7.52E+02,78.98,35.1,5258,2.78,13.731
CONFIRMED,2.41660149,131.53713,1.9699,8.36E+01,0.92,33.7,5705,1.026,12.737
FALSE POSITIVE,4.252082243,134.299947,2.7543,8.29E+03,33.14,254.8,5802,0.794,15.286
FALSE POSITIVE,14.18022831,143.127623,4.5344,1.73E+05,62.41,472.3,6289,1.142,17.427
CONFIRMED,282.5253558,363.071925,10.7965,9.75E+03,8.98,696,5725,0.913,12.62
FALSE POSITIVE,1.87887673,133.0741983,6.60887,8.24E+05,148.25,3176.9,6569,1.235,13.244
FALSE POSITIVE,17.79391159,134.035628,4.3194,9.34E+04,33.3,247,5780,1,16.328
FALSE POSITIVE,7.942583252,134.817062,7.0612,8.83E+04,219.02,855.4,5516,2.178,15.994
FALSE POSITIVE,15.85231085,142.52451,4.8707,4.38E+05,679.44,252.4,5780,1,17.518
FALSE POSITIVE,2.415925551,133.610004,9.7769,5.61E+05,300.82,1598.3,8796,3.278,14.467
FALSE POSITIVE,0.656201038,132.0994299,4.17901,1.75E+05,112.77,2065.8,6025,0.999,15.168
FALSE POSITIVE,2.617280959,132.391963,9.661,3.09E+03,395.94,262.4,6432,1.345,13.306
CANDIDATE,18.577903,142.171,20.11,9.98E+01,1.36,6.6,6432,1.345,13.306
FALSE POSITIVE,1.412524016,131.704429,5.74859,1.76E+05,68.92,1475.4,6690,1.174,14.964
FALSE POSITIVE,5.77676732,131.5416,6.822,5.79E+03,26.2,74.1,4401,0.645,15.466
CONFIRMED,88.40678718,176.274619,12.3079,1.72E+03,4.55,328,5611,1.073,12.16
FALSE POSITIVE,3.635723653,134.6084,2.1862,8.00E+01,1.23,43.1,6422,1.295,11.826
FALSE POSITIVE,369.181947,399.5169,3.239,9.13E+02,2.6,9.9,5959,0.859,14.433
FALSE POSITIVE,45.3968385,136.93885,4.477,1.36E+03,21.23,38.9,5649,0.705,15.024
FALSE POSITIVE,15.160166,136.55982,5.856,3.08E+02,2.09,26.1,5940,1.191,13.59
FALSE POSITIVE,2.63009438,132.22517,11.226,3.89E+02,25.55,69.4,6338,1.091,14.651
FALSE POSITIVE,9.40527028,134.55181,2.076,4.71E+02,25.39,20.7,6347,0.996,14.685
FALSE POSITIVE,4.15713766,132.21689,1.808,7.70E+01,1.17,9.2,6470,1.324,12.28
FALSE POSITIVE,3.2136904,132.98252,2.205,5.58E+01,1.22,19.2,6184,1.579,12.618
FALSE POSITIVE,2.87066026,133.66393,1.541,4.51E+02,1.72,13.2,5910,0.796,15.413
FALSE POSITIVE,31.24611088,138.4604477,4.76,,,,,,14.706
FALSE POSITIVE,82.37208458,208.4205685,6.35,,,,,,14.688
FALSE POSITIVE,0.991105114,131.893383,2.2137,2.86E+05,36.87,273.8,4769,0.578,16.948
FALSE POSITIVE,12.42558039,141.5382062,57.2012,1.13E+03,21.34,58.8,4594,0.743,14.652
CONFIRMED,138.944022,153.90645,10.611,5.30E+02,2.57,28,6014,1.115,14.208
FALSE POSITIVE,12.4260454,141.5025,27.7691,5.82E+02,2.64,55.7,5645,0.817,15.604
FALSE POSITIVE,12.4260002,133.9385,30.1966,4.69E+02,2.39,47.8,5645,0.817,15.604
FALSE POSITIVE,1.50650136,132.98952,3.1126,6.69E+01,0.8,41.9,5607,0.948,12.903
CANDIDATE,0.968026356,131.756162,0.7143,2.13E+02,1.78,32.6,6469,1.193,14.479
FALSE POSITIVE,1.179969562,133.381942,1.9745,1.11E+03,120.02,277.9,5500,3.899,12.989
FALSE POSITIVE,10.10176739,131.80667,2.1267,6.02E+02,26.09,28.8,6058,0.867,14.694
CANDIDATE,10.57910009,141.07251,1.4553,3.29E+02,2.03,17.9,6323,1.093,14.572
CONFIRMED,1.480283464,134.37254,2.486,6.05E+01,0.97,21.3,5897,1.259,13.522
FALSE POSITIVE,15.42040937,133.516609,2.3707,1.48E+04,16.62,268.5,5468,0.88,15.596
CONFIRMED,9.97682072,131.76825,3.4873,9.67E+02,2.85,31.3,5500,0.928,14.943
FALSE POSITIVE,61.4913415,163.63194,9.627,3.69E+03,4.57,70.5,4796,0.598,15.943
CANDIDATE,5.0263815,135.5595,4.384,7.72E+01,0.84,8.5,5783,0.962,14.877
FALSE POSITIVE,16.00351679,146.38812,4.001,6.68E+02,18.01,29.9,5283,0.695,14.733
FALSE POSITIVE,1.86390886,132.19741,4.414,1.76E+02,77.99,18.3,6689,3.381,13.027
FALSE POSITIVE,2.03743942,131.55893,3.103,1.13E+02,0.82,16,5751,0.774,15.047
FALSE POSITIVE,332.74984,386.9102,14.77,5.18E+02,2.55,8.7,6372,1.112,15.487
FALSE POSITIVE,45.60304785,171.32001,8.35,,,,,,15.206
FALSE POSITIVE,2.4681015,132.07692,2.83,1.73E+02,1.22,22.1,5516,0.872,14.874
FALSE POSITIVE,12.53449909,134.95078,6.02,,,,,,15.725
FALSE POSITIVE,215.15218,171.913,19.97,2.64E+02,1.36,6.7,5914,0.828,15.075
FALSE POSITIVE,3.17275711,133.98944,5.404,3.13E+02,1.27,30.1,5058,0.739,15.936
CANDIDATE,6.68231249,132.18853,3.251,4.87E+01,2.09,12.3,5343,2.506,13.052
FALSE POSITIVE,0.73619448,132.08341,1.1148,2.47E+02,1.84,27.2,6355,1.09,15.145
FALSE POSITIVE,10.18670759,132.51843,7.498,2.61E+02,0.95,35.5,3995,0.555,14.651
FALSE POSITIVE,365.994154,217.68143,13.071,6.99E+02,2.87,23.8,6074,0.965,14.05
FALSE POSITIVE,0.54028956,131.85133,3.619,2.94E+02,21.45,58.4,5997,0.993,14.568
FALSE POSITIVE,2.49047468,133.44225,2.2003,2.22E+02,1.53,20.7,6067,0.997,15.429
FALSE POSITIVE,2.17257963,133.00429,1.5794,3.36E+02,13.55,27.1,6038,0.971,14.845
FALSE POSITIVE,3.307669761,131.56743,1.672,2.43E+02,3.87,66.7,5959,2.382,12.936
FALSE POSITIVE,3.183961388,132.865355,3.7875,3.93E+04,37.22,339.2,5716,1.76,12.678
FALSE POSITIVE,48.507991,148.3182,8.984,2.89E+02,2.06,11.4,6031,0.966,15.365
FALSE POSITIVE,0.759766456,131.7904,5.323,4.81E+02,29.02,73,6174,1.026,15.932
FALSE POSITIVE,1.219034472,132.100235,2.151,6.92E+03,9.82,99.2,5833,1.192,14.914
FALSE POSITIVE,7.37339245,134.0101,2.883,1.25E+02,13.73,36.6,6484,1.093,12.197
FALSE POSITIVE,4.70847097,134.153065,6.0503,3.26E+04,19.58,607.2,6214,1.061,14.417
FALSE POSITIVE,2.404556949,131.67616,7.4918,4.09E+02,4.69,147.1,6426,1.775,13.474
CANDIDATE,66.119119,145.2356,3.086,8.62E+02,3,9.8,5828,1.028,15.978
CANDIDATE,0.982090079,131.701452,1.44892,5.40E+03,29.95,304.1,5472,0.742,15.933
FALSE POSITIVE,2.972047661,133.24987,1.198,5.95E+03,24.74,20,4491,0.711,15.772
FALSE POSITIVE,2.237180102,133.68185,1.4734,4.94E+02,1.75,23.3,5080,0.793,15.938
FALSE POSITIVE,0.93374232,131.52477,6.552,3.51E+02,18.29,49.1,5553,0.806,15.239
FALSE POSITIVE,134.76309,131.94463,8.77,,,,,,14.922
FALSE POSITIVE,0.495434094,133.458716,1.2496,2.88E+02,1.57,57.2,5529,0.936,14.672
FALSE POSITIVE,8.48031302,135.86745,5.988,1.07E+02,2.74,20.2,6541,2.43,13.124
FALSE POSITIVE,5.40534383,131.8513595,2.32,,,,,,14.313
CANDIDATE,0.66682654,133.041202,0.7847,5.12E+02,1.49,33.4,3993,0.554,15.745
FALSE POSITIVE,0.882131829,131.900716,6.8106,3.62E+03,8.13,70.6,6168,0.911,15.039
FALSE POSITIVE,0.489682339,131.5738141,1.7495,4.32E+05,37.47,628.2,3898,0.53,16.946
CONFIRMED,364.751562,135.47514,13.057,1.48E+03,2.89,25.5,4386,0.63,15.188
FALSE POSITIVE,2.189098506,132.080937,5.1498,2.53E+03,29.7,194.9,5681,0.859,15.753
FALSE POSITIVE,0.7088055,132.168239,3.6789,1.76E+04,41.08,195.6,5989,0.908,15.036
FALSE POSITIVE,88.821421,160.4918,9.35,3.94E+02,234.99,7.8,5081,3.365,13.747
FALSE POSITIVE,1.507761203,132.942717,3.096,2.77E+03,31.77,153.1,5069,0.818,15.583
FALSE POSITIVE,1.506019633,133.02809,2.408,1.37E+02,1.08,18.8,6065,0.896,15.005
FALSE POSITIVE,0.572513875,131.776,2.353,4.93E+01,0.52,10.2,5171,0.76,15.078
FALSE POSITIVE,35.14578122,136.493569,2.253,6.79E+03,32.5,86.8,5437,0.783,15.838
FALSE POSITIVE,3.690317047,131.542094,1.3784,4.66E+02,20.23,43,6120,1.054,14.336
CONFIRMED,105.9566815,182.05127,6.9988,2.29E+03,3.79,51.8,5327,0.8,15.795
FALSE POSITIVE,2.95600563,134.06322,2.6717,7.61E+01,0.81,35.5,5668,0.916,12.58
FALSE POSITIVE,11.80570754,133.050811,2.0494,2.05E+03,18.48,124.9,6065,1.891,12.829
FALSE POSITIVE,25.3710555,141.8015,3.739,7.86E+01,1.43,8.3,6029,1.494,13.78
CANDIDATE,1.38680229,132.532038,1.7065,2.42E+02,29.33,84.4,6823,2.037,12.655
FALSE POSITIVE,8.58966893,132.01936,6.962,4.30E+02,155.18,47.5,3837,80.307,13.866
FALSE POSITIVE,4.468456599,138.741584,1.4195,9.07E+02,24.81,39.1,5869,0.942,13.954
FALSE POSITIVE,0.933754669,132.44306,4.048,8.93E+01,1.48,43.2,6443,1.457,13.343
FALSE POSITIVE,86.79876649,199.89506,2.99,,,,,,15.092
FALSE POSITIVE,164.5750675,222.03648,9.57,,,,,,13.215
FALSE POSITIVE,1.71030803,131.6107,2.718,2.16E+02,1.32,21,5790,0.9,15.862
FALSE POSITIVE,79.9201319,197.21721,4.482,1.33E+03,1.81,21.9,3812,0.476,15.577
FALSE POSITIVE,199.3113,172.4242,6.43,3.84E+02,1.64,6.5,5662,0.789,15.37
FALSE POSITIVE,157.82131,137.7418,12.42,1.92E+02,1.59,6.9,6082,1.147,14.856
FALSE POSITIVE,2.28612573,133.53049,12.408,3.02E+02,22.63,45.3,6063,1.012,15.116
CONFIRMED,199.66876,131.609,8.996,2.52E+02,1.45,13.9,5678,0.921,14.033
FALSE POSITIVE,1.33254971,132.05415,4.69,1.58E+02,1.36,35.3,6150,1.004,15.271
FALSE POSITIVE,0.469334634,131.736456,0.8864,3.40E+02,2.4,49.1,5888,1.008,14.67
FALSE POSITIVE,0.849277809,132.17649,3.137,6.91E+02,20.11,17.1,5743,0.853,15.845
CONFIRMED,71.4523167,148.80814,6.276,2.17E+02,2.19,16.6,6148,1.488,13.781
FALSE POSITIVE,1.752564549,132.71889,3.503,1.17E+02,1.38,38,6221,1.18,13.608
FALSE POSITIVE,0.566816802,131.77983,1.981,9.40E+01,0.68,12.9,4665,0.704,15.678
FALSE POSITIVE,1.752553762,132.72735,3.877,4.15E+02,1.06,32.5,4408,0.529,15.828
FALSE POSITIVE,2.065351521,133.15601,2.661,1.73E+02,1.03,25.3,5266,0.749,14.788
FALSE POSITIVE,2.253551793,132.4798,3.66,1.20E+02,1.7,42.1,6526,1.426,13.121
CONFIRMED,1.06378861,131.52465,1.072,2.52E+02,1.61,21.5,5265,1.002,14.229
FALSE POSITIVE,123.1149477,172.26301,17.24,,,,,,9.473
FALSE POSITIVE,1.854493861,132.49056,4.2367,1.29E+03,29.39,108.2,5431,0.843,14.898
FALSE POSITIVE,1.020713389,132.20309,0.873,1.02E+02,0.9,11.3,5815,0.87,15.186
FALSE POSITIVE,2.1990638,133.06948,3.197,3.45E+02,1.33,19.3,5003,0.707,15.957
FALSE POSITIVE,132.1331011,149.17288,26.715,7.96E+03,75.08,284.3,5067,8.121,9.715
FALSE POSITIVE,1.120646438,131.59197,1.7664,3.23E+02,89.35,45.7,4972,4.034,13.695
FALSE POSITIVE,1.710279417,131.61739,2.252,2.29E+02,1.57,19.9,5834,1.023,15.795
FALSE POSITIVE,65.238281,158.9557,5.756,1.97E+02,5.18,10.3,5254,3.761,11.479
FALSE POSITIVE,0.56679641,131.8085,2.324,2.67E+01,0.46,14.1,5403,0.888,13.686
CONFIRMED,9.88736642,139.52781,4.23,6.80E+01,0.68,14.6,5693,0.816,13.461
CONFIRMED,42.3520039,131.61246,7.773,5.13E+02,6.3,30.5,6864,2.632,12.852
CONFIRMED,0.789160884,131.50545,0.9268,2.15E+02,0.91,23.6,4258,0.622,15.031
FALSE POSITIVE,2.399081606,133.06425,4.384,6.07E+03,40.6,89.9,5780,1,16.494
FALSE POSITIVE,5.14072621,135.0222,27.24,1.46E+02,19.28,44.5,5751,1.035,13.753
FALSE POSITIVE,0.566798545,131.8431,5.224,3.69E+01,0.53,23.3,5629,0.87,13.519
CONFIRMED,1.44445234,132.80685,0.9753,2.01E+02,2.03,20.9,5305,1.449,14.536
FALSE POSITIVE,3.55653637,133.5172,8.7,2.03E+02,1.7,23.1,5950,1.114,14.377
FALSE POSITIVE,9.60853601,137.74499,3.672,5.84E+02,31.99,19.3,6377,1.158,15.974
FALSE POSITIVE,0.933747751,131.52218,3.9236,7.66E+01,2.07,49.5,6985,2.187,13.369
FALSE POSITIVE,3.17463577,132.24293,10.988,4.06E+02,9.32,83.1,5999,0.996,14.934
FALSE POSITIVE,0.902222843,131.7156501,2.0516,2.97E+01,48.23,5.1,3705,89.806,13.547
FALSE POSITIVE,22.4685309,148.4968,3.034,2.42E+02,20.05,21.3,5461,3.301,13.301
FALSE POSITIVE,10.16104834,141.51593,3.0448,9.09E+02,2.72,36.8,5636,0.913,15.047
FALSE POSITIVE,2.743978797,133.76412,6.442,4.00E+04,38.11,56.5,5334,0.81,13.805
FALSE POSITIVE,1.332561398,132.0511,4.103,1.51E+02,2.16,77.1,6468,1.602,13.616
CANDIDATE,12.89623554,136.82697,2.625,4.27E+02,2.55,32.9,6072,0.923,14.107
FALSE POSITIVE,364.14397,376.4124,15.37,5.14E+02,2.2,9.3,6039,0.951,15.508
FALSE POSITIVE,21.78769087,136.69645,4.498,5.08E+02,71.95,38.1,5627,3.05,12.967
CONFIRMED,5.90741476,133.93511,1.016,5.57E+03,5.1,7.2,4963,0.69,15.625
FALSE POSITIVE,2.368173896,133.81015,2.346,1.01E+04,10.92,52.9,5944,0.991,15.533
FALSE POSITIVE,5.73865933,136.91835,4.051,6.89E+02,1.84,40.1,3841,0.509,15.51
FALSE POSITIVE,91.05641908,204.836321,6.7282,5.76E+04,53.1,701.1,6142,1.046,15.959
CANDIDATE,2.52443998,133.77012,2.369,4.58E+01,1.53,10.6,6461,2.225,13.063
CONFIRMED,4.49686066,134.20642,1.7306,1.93E+03,1.93,37,3698,0.444,16.283
CANDIDATE,0.5374094,131.49675,1.2039,9.42E+01,0.96,21.9,5749,0.988,14.832
CONFIRMED,24.7543849,140.20732,3.39,5.93E+02,2.1,18,4852,0.804,15.514
FALSE POSITIVE,0.475068516,131.8191,0.8552,1.10E+02,1.03,21.4,6045,0.955,14.255
FALSE POSITIVE,1.79683793,134.83029,7.911,2.23E+02,3.37,27.9,7592,1.714,13.613
FALSE POSITIVE,187.5125128,178.10516,8.05,,,,,,15.711
FALSE POSITIVE,12.425484,133.99,28.0218,1.17E+02,1.55,43,5478,1.017,13.585
CONFIRMED,17.7838298,146.91035,3.997,2.47E+02,1.6,18.7,6014,1.021,14.651
FALSE POSITIVE,1.204529346,131.93613,1.62,8.69E+01,1.4,11.1,5340,1.504,14.259
FALSE POSITIVE,2.15839583,131.89506,8.09,3.52E+02,14.28,38.9,5272,0.662,15.239
CANDIDATE,1.570592397,131.530377,0.623,2.14E+02,1.37,29.7,5519,0.921,13.14
FALSE POSITIVE,371.1495,415.4245,15.855,5.97E+02,2.07,11.5,5988,0.836,15.342
FALSE POSITIVE,3.374684854,131.769948,4.48335,8.09E+04,49.25,658.3,5754,0.943,15.746
FALSE POSITIVE,2.61841046,136.66312,3.304,1.80E+02,1.12,24.8,5912,0.82,14.598
FALSE POSITIVE,4.593594819,134.889552,2.6391,1.46E+03,8.85,83.5,6075,0.969,14.455
FALSE POSITIVE,125.0426,240.291,8.99,1.04E+02,1.2,6.4,6273,1.139,13.538
FALSE POSITIVE,6.17039154,354.54497,2.116,5.03E+02,2.17,19,6137,0.963,15.406
FALSE POSITIVE,0.364860478,132.07029,1.4736,1.13E+02,0.68,23.5,5220,0.642,14.823
CANDIDATE,6.422943288,135.55302,1.0815,2.61E+02,1.66,30.6,6102,1.016,12.335
FALSE POSITIVE,6.90522317,137.02059,3.533,4.20E+02,4.54,34.4,6596,1.721,13.502
FALSE POSITIVE,1.5259105,132.7061,3.114,8.39E+01,2.63,14.3,6640,2.099,12.203
FALSE POSITIVE,4.27121961,132.10466,2.9283,9.67E+02,2.17,38,4702,0.67,15.938
CANDIDATE,1.306984786,131.529128,1.194,3.02E+02,18.33,38.4,6102,1.026,14.024
FALSE POSITIVE,0.769358923,131.57827,1.5364,4.48E+01,1.93,19.8,5267,2.935,12.055
FALSE POSITIVE,0.755109106,132.56239,2.967,1.06E+02,0.85,34,5452,0.815,13.974
FALSE POSITIVE,25.3239215,138.49766,70.405,1.38E+03,19.02,214.5,5128,0.668,14.856
CONFIRMED,4.61225043,133.86134,2.695,2.91E+01,0.51,13.7,5495,0.961,11.83
CONFIRMED,7.99022379,132.268,3.273,1.66E+02,1.97,17.6,5689,1.542,14.59
FALSE POSITIVE,4.1749166,134.1713,4.828,4.07E+01,0.61,11.8,5910,0.94,13.391
FALSE POSITIVE,0.56678694,131.82489,1.959,6.12E+01,0.63,8.3,5341,0.808,15.817
FALSE POSITIVE,0.73094701,132.22433,4.223,2.28E+02,15.83,31.2,5767,0.837,15.312
FALSE POSITIVE,0.686994057,131.661024,3.5252,2.80E+03,35.3,136.6,5780,1,9.16
FALSE POSITIVE,1.324247867,131.51043,1.4759,8.33E+01,1.3,26.5,6557,1.406,13.869
FALSE POSITIVE,0.780632043,132.190835,1.4109,7.37E+02,79.67,141,5354,2.18,13.331
FALSE POSITIVE,0.730947169,132.22192,4.396,2.48E+02,14.43,49.1,5514,0.826,15.01
FALSE POSITIVE,41.16676097,158.917777,2.2133,5.39E+03,17.82,185.2,5193,0.805,13.418
FALSE POSITIVE,1.083736642,134.1369208,1.57912,8.93E+03,237.84,954.2,5591,5.618,12.923
FALSE POSITIVE,2.45570369,133.03195,3.1,2.74E+02,55.95,23.5,5148,2.314,13.39
FALSE POSITIVE,0.64234875,131.910695,1.3699,1.04E+02,2.78,61.3,7089,2.584,12.305
FALSE POSITIVE,5.204286663,135.885314,6.2598,3.52E+04,16,153,5332,0.86,15.424
FALSE POSITIVE,6.352090869,134.2069907,3.88771,7.51E+04,18.9,1343.2,5089,0.693,14.933
FALSE POSITIVE,1.877350712,132.26591,1.7478,1.86E+02,1.46,23.1,6382,1.059,14.688
FALSE POSITIVE,2.11552348,134.09961,6.712,3.59E+02,21.43,28.9,5900,0.951,15.897
FALSE POSITIVE,2.84573962,134.27578,7.28,2.12E+02,3.63,83.9,5557,2.372,13.591
FALSE POSITIVE,7.01476115,136.88345,3.945,1.22E+02,1.02,27.5,5912,0.87,13.601
FALSE POSITIVE,0.941603153,132.976171,1.1886,4.62E+02,2.29,46.2,5237,0.837,14.834
FALSE POSITIVE,24.40213373,149.47431,12.57,,,,,,13.424
FALSE POSITIVE,1.13357304,131.8204,2.849,3.31E+01,0.59,12,6147,0.954,14.207
FALSE POSITIVE,0.643468999,131.83868,1.1108,1.08E+02,0.88,19.6,5670,0.843,14.658
FALSE POSITIVE,112.645961,182.99824,7.037,1.96E+03,35.36,23.3,5895,0.991,15.701
FALSE POSITIVE,0.526887517,131.86561,0.8971,1.20E+02,0.58,20.6,3945,0.519,14.694
FALSE POSITIVE,4.14244748,132.907,2.203,6.99E+01,1.82,12.3,6785,2.124,11.056
FALSE POSITIVE,0.777663575,131.52537,1.1741,1.34E+02,0.95,28.1,5769,0.812,14.397
FALSE POSITIVE,0.552834211,131.75468,1.2887,1.46E+02,18.09,30,5132,2.648,13.931
FALSE POSITIVE,0.758354475,132.623984,4.56811,5.82E+05,149.44,1560.5,7131,1.83,16.975
CONFIRMED,76.5369531,164.15644,5.574,6.52E+02,3.73,17.7,5596,1.466,15.28
FALSE POSITIVE,3.43525124,132.6333,4.509,1.52E+02,25.43,6.3,5854,1.742,14.603
FALSE POSITIVE,0.962828092,132.20697,4.411,6.30E+01,40.82,22.7,6552,3.44,13.306
CANDIDATE,3.11141514,132.4992,3.074,2.84E+01,0.7,8.3,6450,1.273,13.396
FALSE POSITIVE,1.878156188,136.2716,2.058,7.88E+02,2.51,38.4,5075,0.67,15.75
FALSE POSITIVE,7.81153999,136.33101,5.984,9.13E+02,23.56,41.3,5150,0.71,15.611
FALSE POSITIVE,0.993488979,131.607354,1.9694,2.43E+04,17.9,145.8,5811,0.998,14.701
FALSE POSITIVE,1.334104585,132.3674913,3.14624,6.17E+04,44.9,1334.6,6319,1.083,15.387
FALSE POSITIVE,2.115498574,134.11259,6.738,4.44E+02,25.84,45.4,5917,1,15.147
FALSE POSITIVE,3.40076682,131.8405,4.7,2.11E+01,0.69,7.4,6134,1.496,12.06
FALSE POSITIVE,6.49676881,132.17439,2.527,1.35E+02,3.74,10.6,6418,3.049,12.396
FALSE POSITIVE,2.057499811,133.31318,2.569,3.26E+02,1.27,23.6,4620,0.736,15.504
FALSE POSITIVE,10.5856758,136.9685,4.911,1.79E+02,1.49,8.1,6246,1.092,13.748
FALSE POSITIVE,2.69633621,132.99538,5.238,2.39E+02,15.78,26.5,6106,0.923,15.319
FALSE POSITIVE,11.2580745,140.794,23.516,7.13E+02,2.14,55.4,4257,0.586,15.83
FALSE POSITIVE,0.566795586,131.83245,4.124,3.94E+01,0.66,19.6,6108,0.997,14.549
FALSE POSITIVE,1.099291188,131.50242,1.765,2.83E+02,1.37,19.8,4878,0.843,15.496
FALSE POSITIVE,0.47462889,131.54237,1.0194,3.31E+02,1.43,31.2,4904,0.786,15.692
CONFIRMED,103.4269873,220.22869,5.03,9.50E+02,3.16,17.8,6208,1.024,15.549
CANDIDATE,0.352515897,132.01659,1.0525,1.68E+02,1,38,5465,0.766,14.867
FALSE POSITIVE,0.299697755,132.017121,0.8473,3.47E+02,2.03,53.6,5180,0.782,14.828
CANDIDATE,0.339069751,131.86957,1.1516,5.32E+01,2.09,38.2,5653,2.183,12.771
FALSE POSITIVE,0.56681727,131.7715,1.779,3.59E+01,0.42,9.1,5481,0.708,14.916
FALSE POSITIVE,1.081935491,131.52874,5.136,2.03E+02,0.99,33.9,4938,0.718,15.254
CONFIRMED,0.524175803,131.60105,0.7648,2.37E+02,1.27,22.4,5278,0.815,15.04
FALSE POSITIVE,1.89129881,132.6639,5.294,8.20E+01,0.86,29.8,5806,0.893,13.911
CONFIRMED,4.94330596,135.57568,2.9334,1.26E+02,1.41,27.7,5661,1.008,12.697
CONFIRMED,178.139072,210.11802,9.654,6.79E+02,2.25,20.3,5431,0.879,14.56
CANDIDATE,0.619023176,131.92817,1.496,7.79E+01,0.79,8.9,5395,0.891,15.775
CANDIDATE,120.003364,250.137832,3.3803,3.96E+04,15.08,131.1,4315,0.668,15.635
FALSE POSITIVE,4.067371428,134.316022,5.8962,6.34E+04,68.81,1094.6,5385,0.75,15.858
FALSE POSITIVE,1.540395781,131.99631,1.6305,1.73E+02,0.94,46.6,4955,0.735,12.057
FALSE POSITIVE,32.9045733,141.29325,4.402,6.62E+02,28.34,19.7,5780,1,13.96
FALSE POSITIVE,2.46353343,135.3459,2.954,8.30E+02,21.49,6.8,5541,0.777,14.914
FALSE POSITIVE,22.91339043,140.64839,3.94,5.41E+03,24.11,86.9,5451,0.6,15.469
FALSE POSITIVE,1.541350116,132.32528,3.29,3.78E+02,1.5,51.7,5150,0.784,15.316
FALSE POSITIVE,1.205412526,131.93619,1.537,1.09E+02,12.6,17.2,6292,1.122,13.064
FALSE POSITIVE,1.710316235,131.60973,3.614,4.09E+02,23.38,31.2,6147,1.096,15.961
CONFIRMED,23.9210408,139.07872,5.174,1.58E+02,3.01,21.9,7121,1.972,12.768
CONFIRMED,9.03326435,137.17738,2.857,6.11E+02,1.96,18.3,5311,0.788,15.901
FALSE POSITIVE,356.535835,433.62066,5.467,3.11E+03,28.27,25.7,5385,0.75,15.481
CONFIRMED,3.490785878,133.10269,1.4513,3.37E+02,1.32,32.7,5496,0.725,14.678
FALSE POSITIVE,1.92149487,133.2283,1.891,1.01E+03,79.14,11.6,6831,2.247,12.659
CONFIRMED,1.093665854,132.47213,1.4399,2.18E+02,1.29,33.5,5845,0.874,14.815
CANDIDATE,141.608555,190.27633,7.685,1.26E+03,2.98,43.3,5083,0.844,13.336
CANDIDATE,3.6092231,132.463,2.8,5.24E+01,0.68,4.4,6032,0.929,13.534
FALSE POSITIVE,12.4247333,134.0338,16.828,4.05E+01,1.47,19.3,6632,2.193,12.876
CANDIDATE,11.4927112,133.3086,7.764,2.92E+02,25.01,18.7,6198,1.005,15.472
FALSE POSITIVE,70.7511986,175.37157,6.198,8.58E+02,27.74,24.1,5771,0.936,15.187
CONFIRMED,116.583183,246.6275,5.8,8.19E+02,2.91,8.7,5738,0.981,15.104
CONFIRMED,175.13892,296.03778,10.767,6.35E+02,3.06,17.9,5497,1.241,15.245
FALSE POSITIVE,1.302061421,132.56436,1.8238,1.05E+03,92.86,29.5,7757,2.783,13.095
FALSE POSITIVE,55.25178622,144.456513,6.094,3.99E+04,27.32,585,5793,0.832,15.807
FALSE POSITIVE,5.548250634,133.219686,6.06772,4.29E+04,21.49,1170.5,6124,1.028,15.752
FALSE POSITIVE,4.442520831,133.607376,2.4779,5.32E+02,3.98,100.3,6496,1.33,11.668
FALSE POSITIVE,1.339670241,132.16786,1.895,2.86E+01,1.27,21.7,8867,2.245,10.455
FALSE POSITIVE,2.685223546,133.731821,4.0632,5.49E+03,28.98,238.7,5552,0.719,15.828
FALSE POSITIVE,1.99042642,132.71317,3.083,1.34E+02,1.17,25.3,6198,1.005,14.349
FALSE POSITIVE,67.230028,171.7451,25.01,3.79E+02,2.44,39.5,6157,1.016,14.548
FALSE POSITIVE,0.805259637,132.100758,0.9779,3.42E+02,1.93,50.2,6257,1.022,14.633
FALSE POSITIVE,75.3787816,167.10798,5.268,3.88E+02,1.6,30.1,5061,0.841,12.218
FALSE POSITIVE,2.464160779,131.92201,2.427,1.17E+02,36.93,27.3,5238,1.883,13.145
FALSE POSITIVE,0.566781152,131.85715,3.995,1.33E+02,0.54,24.9,3725,0.46,15.742
CONFIRMED,13.0267964,139.14777,0.785,3.57E+02,2.08,11.4,5083,0.844,13.336
FALSE POSITIVE,4.93129874,134.82009,1.8626,6.76E+02,21.42,31.7,5457,0.779,15.535
FALSE POSITIVE,5.59187448,132.87618,1.6782,2.36E+02,104.18,31.9,3915,58.325,13.627
FALSE POSITIVE,1.88665445,132.3531,1.343,2.10E+03,43.81,15.8,6296,1.249,15.21
FALSE POSITIVE,14.53682228,132.36831,3.195,1.03E+03,73.15,40.8,4946,5.855,12.93
CANDIDATE,172.820248,302.0399,7.343,5.49E+02,2.22,10.6,6174,0.939,14.321
FALSE POSITIVE,1.72853003,131.80572,3.819,9.91E+01,2.43,24,6701,2.237,13.597
FALSE POSITIVE,2.19068738,132.01727,4.41,6.63E+01,1.68,44.1,6208,1.975,12.521
FALSE POSITIVE,372.16478,233.7717,11.288,2.07E+03,5.68,23.5,6194,1.129,15.823
FALSE POSITIVE,0.947730124,132.39338,1.1171,1.53E+02,2.82,18,9464,2.184,9.072
CONFIRMED,234.240739,210.8122,12.925,4.64E+02,3.41,27.7,5814,1.248,13.685
FALSE POSITIVE,341.01495,448.7233,5.12,3.86E+02,1.72,6.9,5327,0.896,14.122
FALSE POSITIVE,6.14631207,132.74983,3.803,8.91E+02,4.79,20.3,6726,1.31,15.05
FALSE POSITIVE,27.36432337,143.46464,3.545,2.28E+03,39.49,42.3,6167,1.107,15.244
FALSE POSITIVE,10.26231992,133.20719,3.568,8.14E+02,1.98,17.3,4316,0.54,13.259
FALSE POSITIVE,1.519529227,132.55256,5.1675,8.37E+03,11.12,155.1,6033,1.046,15.551
FALSE POSITIVE,6.487525901,137.625165,2.4536,2.02E+04,21.23,74.3,4481,0.485,15.693
FALSE POSITIVE,0.56676437,131.8708,2.326,7.65E+01,0.92,11.7,6039,1.005,15.77
FALSE POSITIVE,2.35197616,131.90696,5.304,2.68E+02,21.19,31.7,6147,1.003,15.347
FALSE POSITIVE,0.861643331,131.80744,2.4318,2.33E+02,1.88,41.7,5506,0.688,14.614
FALSE POSITIVE,12.1097626,140.74725,10.174,1.14E+02,1.09,28.2,5437,0.739,13.007
FALSE POSITIVE,63.909601,136.6718,11.85,1.43E+02,0.76,6.1,5227,0.643,14.746
FALSE POSITIVE,19.7352868,138.58362,5.097,3.19E+02,49.24,17.1,6329,1.045,14.689
FALSE POSITIVE,0.566799125,131.81289,3.072,3.07E+01,0.56,22.5,6063,1.004,13.568
CANDIDATE,20.1890396,142.19429,6.251,1.12E+02,1.39,15,6178,1.267,13.573
FALSE POSITIVE,1.061935973,131.723748,3.3177,3.38E+02,24.17,101.2,6274,1.062,14.126
FALSE POSITIVE,1.485898163,132.74414,2.446,2.25E+02,14.96,32.8,5088,0.727,14.151
CONFIRMED,38.5763483,167.85725,19.861,2.82E+02,2.05,76.3,6167,1.221,12.626
FALSE POSITIVE,1.845610523,131.80574,2.337,3.74E+02,77.83,33.3,5974,2.978,13.809
CANDIDATE,7.3812344,137.5646,2.802,1.05E+02,1,8.6,6072,0.923,15.051
CONFIRMED,133.303247,167.76042,7.342,1.02E+03,2.67,20.6,5064,0.864,15.307
CONFIRMED,125.4132302,195.62605,2.3241,1.35E+03,3.14,22.6,4641,0.747,14.073
FALSE POSITIVE,21.5702917,137.2647,40.4,1.49E+02,29.53,41,6070,1.628,13.86
FALSE POSITIVE,0.868723418,132.08264,1.4617,1.97E+02,1.87,23.8,5761,1.046,14.774
CONFIRMED,25.30893566,171.50611,5.7704,1.54E+02,1.77,54.2,5949,1.292,11.472
FALSE POSITIVE,27.25471993,176.52949,0.73,,,,,,11.679
FALSE POSITIVE,34.10787519,183.56881,4.1,,,,,,13.109
FALSE POSITIVE,16.61474421,177.04832,2.77,,,,,,15.245
FALSE POSITIVE,1.412526202,131.70353,5.49,1.50E+02,36.77,70.6,8468,1.91,11.521
FALSE POSITIVE,2.759573341,131.71354,6.999,3.82E+02,6.42,64.4,5640,0.863,14.618
FALSE POSITIVE,3.79188234,134.1344,2.15,4.17E+02,1.95,6.6,6171,0.91,14.394
FALSE POSITIVE,14.38724729,131.85133,1.9078,1.91E+03,29.24,43.5,5830,0.859,15.264
FALSE POSITIVE,58.4302648,168.30179,7.18,1.85E+03,3.45,34.1,4338,0.609,14.782
FALSE POSITIVE,0.566717263,131.9699708,2.6079,1.85E+01,0.43,11.1,5544,0.957,13.724
FALSE POSITIVE,13.37935853,140.92523,8.809,3.54E+02,6.65,36.2,6739,2.702,12.301
FALSE POSITIVE,13.26255423,136.29135,4.65,9.16E+02,3.55,31.4,5973,0.935,15.38
FALSE POSITIVE,20.5696575,140.25123,4.263,4.02E+02,28.96,22.2,6098,0.838,14.659
FALSE POSITIVE,4.52342256,135.46854,2.531,2.19E+02,1.7,15.9,6211,1.058,15.146
FALSE POSITIVE,22.32423657,134.44763,3.669,1.30E+03,4.56,29.9,5648,0.912,15.612
FALSE POSITIVE,0.723947772,132.06247,2.125,2.43E+02,52.16,17.7,5160,2.897,13.578
CONFIRMED,308.544422,296.0738,18.503,5.87E+02,3.28,56.8,6325,1.349,13.215
FALSE POSITIVE,0.905679492,132.196318,2.1164,2.30E+03,35.74,59.3,5780,1,13.38
FALSE POSITIVE,22.735911,144.077,42.435,2.31E+03,5.07,69.4,5780,1,13.38
FALSE POSITIVE,0.909310626,131.725419,3.4411,1.21E+04,48.79,454,6370,1.106,14.971
FALSE POSITIVE,0.648774274,131.74545,2.643,2.31E+02,1.08,26.1,5026,0.729,15.399
FALSE POSITIVE,32.63286247,177.22208,3.08,,,,,,14.949
CANDIDATE,173.9285134,223.7546088,2.64,,,,,,10.087
FALSE POSITIVE,25.64384513,177.41892,5.05,,,,,,15.832
FALSE POSITIVE,25.58546721,177.07745,2.28,,,,,,15.161
FALSE POSITIVE,17.47702,186.5568,54.52,1.38E+02,0.93,2.9,6116,0.782,14.547
FALSE POSITIVE,16.88954693,183.15557,3.41,,,,,,14.736
FALSE POSITIVE,26.77891391,186.20963,3.12,,,,,,14.005
FALSE POSITIVE,13.33386985,263.78932,6.51,,,,,,9.563
FALSE POSITIVE,94.10628163,184.9905063,17.21,,,,,,14.748
FALSE POSITIVE,14.71266408,366.02309,4.21,,,,,,15.557
FALSE POSITIVE,0.696125302,354.767068,2.0054,1.50E+04,28.44,177.2,5245,0.674,15.464
FALSE POSITIVE,302.3886782,309.18675,3.1229,4.13E+04,40.73,294.8,5328,0.857,14.041
CANDIDATE,305.0762469,294.06794,6.255,4.04E+03,7.82,113.4,5716,1.155,13.377
FALSE POSITIVE,5.24372504,132.7225,17.136,2.34E+02,20.41,51.6,5772,0.867,14.579
FALSE POSITIVE,18.7952698,138.6686066,9.9816,2.82E+04,30.77,3596.6,5623,1.841,13.941
FALSE POSITIVE,42.2625935,152.31269,4.465,6.92E+02,12.62,40.7,5432,3.581,13.754
FALSE POSITIVE,3.549386251,134.247174,2.4342,5.07E+04,24.15,108.2,5759,0.892,15.895
CONFIRMED,29.92208104,146.00807,2.7716,3.45E+02,3.09,37.6,6127,1.637,13.377
FALSE POSITIVE,0.566812588,131.79719,3.596,1.71E+01,0.71,17.5,6194,1.718,12.756
FALSE POSITIVE,9.94221873,133.84961,2.453,4.87E+02,19.64,12.6,5213,0.917,14.129
FALSE POSITIVE,9.06557317,135.15009,1.6208,2.43E+02,1.46,24.9,6075,0.916,14.005
FALSE POSITIVE,4.9432827,132.8581,40.01,2.71E+01,1.21,12.9,6701,2.236,11.833
FALSE POSITIVE,7.35390869,132.01829,2.061,9.29E+01,2.29,11.1,6385,2.327,12.865
FALSE POSITIVE,15.7455586,145.54111,13.877,1.61E+02,1.41,37.6,6089,0.95,13.276
FALSE POSITIVE,0.566796615,131.8009,1.999,4.78E+01,0.59,8.5,5858,0.849,15.111
CONFIRMED,8.48651582,138.01698,5.267,1.11E+02,1.34,21.1,6178,1.267,13.573
FALSE POSITIVE,2.189092892,132.082757,5.1128,1.87E+03,33.45,150.7,6106,0.966,15.741
FALSE POSITIVE,2.40435335,133.22999,4.07,7.06E+01,3.05,27.1,6103,3.358,13.25
FALSE POSITIVE,220.9290121,240.81927,7.335,2.46E+03,5.24,70.4,5893,0.941,14.707
FALSE POSITIVE,3.1877519,134.418,14.836,4.52E+02,19.66,83.2,5532,0.896,14.64
CANDIDATE,3.76565247,132.52476,1.557,9.24E+01,0.87,9.1,5815,0.877,14.688
FALSE POSITIVE,10.72396374,357.14874,3.8439,1.35E+04,39.84,127.7,5582,0.905,15.613
FALSE POSITIVE,119.67747,415.4806,32.274,3.25E+03,36.8,52,6075,0.969,15.933
FALSE POSITIVE,185.9526325,288.874323,3.5964,1.11E+04,50.98,147.3,5813,1.164,14.305
FALSE POSITIVE,103.6265092,426.3726042,6.89,,,,,,12.596
FALSE POSITIVE,41.07759033,173.7358974,6.20583,1.34E+05,23.2,5518.2,4451,0.62,11.762
FALSE POSITIVE,2.99540439,132.78128,6.172,2.23E+02,65.37,45.6,6106,3.09,13.173
CANDIDATE,10.5994606,134.8329,9.484,1.29E+02,1.28,11.2,6194,1.069,15.284
FALSE POSITIVE,63.934965,162.84507,12.71,1.12E+03,44.59,45.6,5209,1.595,14.339
FALSE POSITIVE,38.4769457,150.56893,5.825,2.59E+02,4.79,18.4,6079,2.163,13.404
CONFIRMED,37.3228722,152.83532,7.2146,3.08E+02,35.34,42.6,4907,19.53,13.573
FALSE POSITIVE,1.664980224,131.68433,1.7455,2.31E+02,3.68,47.6,5792,1.567,13.831
FALSE POSITIVE,16.6094904,147.61311,3.189,2.73E+02,1.82,12.7,6047,1.05,14.926
FALSE POSITIVE,0.566789505,131.8313,5.835,5.46E+01,3.37,12.6,5894,0.784,15.456
FALSE POSITIVE,2.62982665,132.08013,6.213,1.26E+02,17.88,24.6,6712,1.846,13.395
FALSE POSITIVE,2.69787749,133.65962,1.915,1.17E+02,1.5,8.3,5609,1.348,13.265
FALSE POSITIVE,5.23340265,133.1457,3.242,2.42E+02,1.15,12.7,5266,0.741,15.516
FALSE POSITIVE,3.51289168,133.79619,3.313,1.31E+02,1.12,27.3,5523,0.981,13.76
CONFIRMED,14.09258319,141.1447066,4.1536,5.30E+02,1.82,17.8,5081,0.77,15.753
FALSE POSITIVE,9.087508013,137.2042403,2.7597,1.41E+02,1.37,2.5,6078,1.119,14.172
FALSE POSITIVE,0.65244373,132.05504,1.471,6.11E+02,2.17,41.8,5638,0.883,15.665
FALSE POSITIVE,1.332564704,132.04974,5.9775,1.05E+03,30.04,124,6046,0.972,14.923
FALSE POSITIVE,2.636899795,132.07629,0.9105,4.26E+02,49.84,27.6,5524,0.847,14.72
FALSE POSITIVE,0.660629055,131.86099,5.894,2.32E+02,17.38,103.3,6024,0.849,13.872
FALSE POSITIVE,0.885123683,131.88646,3.3865,1.13E+02,1.14,42,5979,0.998,14.152
FALSE POSITIVE,471.65421,421.64532,3.456,4.80E+02,4.11,12.5,6061,1.653,13.681
FALSE POSITIVE,1.221204888,133.61014,1.8511,1.12E+02,1.1,27.3,5874,0.997,14.135
FALSE POSITIVE,135.9079575,199.74974,1.83,,,,,,11.579
FALSE POSITIVE,0.959853772,131.85197,1.9163,5.58E+01,1.3,27.1,6061,1.653,11.787
CANDIDATE,0.592243731,131.654831,1.386,3.99E+03,6.77,303.8,4920,0.591,15.653
FALSE POSITIVE,46.882525,174.9031,1.93,3.44E+02,1.91,4.9,6045,0.955,15.256
FALSE POSITIVE,20.7191626,143.30626,3.912,1.84E+02,1.85,8.9,5837,1.366,11.413
CANDIDATE,399.37587,300.0792,21.25,5.52E+02,3.93,11.9,6098,1.618,13.281
FALSE POSITIVE,16.60973843,147.6085,4.515,6.68E+02,6.64,29.7,5238,0.752,14.659
FALSE POSITIVE,54.323118,153.7774,25.863,5.38E+02,5.06,19.2,6988,1.67,14.478
FALSE POSITIVE,5.803127153,136.101253,4.9041,5.86E+04,19.04,639.3,5533,0.795,15.896
FALSE POSITIVE,35.51619219,165.930432,2.5,1.10E+04,719.49,85.4,5514,0.871,12.481
FALSE POSITIVE,0.589049151,132.1792702,2.25397,6.20E+04,39.51,1227.6,5592,0.771,13.643
CONFIRMED,80.2321467,162.39301,4.656,8.89E+02,3.24,24.9,5436,0.888,14.32
CANDIDATE,41.88970036,172.00102,1.35,1.30E+03,32.16,20.9,5952,0.907,14.74
FALSE POSITIVE,1.791406261,132.99503,2.8159,3.46E+02,4.51,60.7,6092,1.028,14.574
FALSE POSITIVE,1.25483232,132.18633,2.67,1.18E+02,2.89,11.4,6168,2.572,13.298
FALSE POSITIVE,5.71483873,132.13046,2.748,2.86E+02,1.26,18,5193,0.755,14.167
FALSE POSITIVE,17.5859472,138.7798,3.815,5.10E+02,2.24,8.4,5780,1,13.7
FALSE POSITIVE,1.332567005,132.0492,6.3373,4.01E+02,27.36,110.6,6388,1.223,13.406
CONFIRMED,10.32736351,139.37228,1.889,1.27E+02,1.25,9.7,5757,1.017,14.5
FALSE POSITIVE,2.54557259,132.69874,5.636,5.29E+02,1.97,36,5718,0.863,15.298
FALSE POSITIVE,0.704541784,132.18236,1.0726,2.75E+02,1.72,38.4,6063,1.012,15.192
FALSE POSITIVE,0.697996932,132.136059,4.3323,9.09E+03,28.06,244.1,5176,0.695,15.859
FALSE POSITIVE,6.63449721,134.16545,22.982,9.19E+02,85.25,160.1,6487,2.817,12.842
FALSE POSITIVE,110.9215892,174.22374,5.282,4.98E+02,3.71,48.2,5725,1.384,12.037
FALSE POSITIVE,3.88673217,136.94489,20.491,7.62E+02,21.04,119,5798,0.767,14.197
CONFIRMED,1.544928892,133.5487914,1.43586,5.82E+03,13.43,1109.7,6309,1.412,13.308
FALSE POSITIVE,11.76921923,138.41222,3.219,5.19E+02,3.12,27.4,6215,1.052,14.986
FALSE POSITIVE,44.63898306,156.45087,3.04001,3.68E+04,50.33,488.5,6197,1.035,15.51
CANDIDATE,1.236866732,132.1776,1.242,1.87E+02,1.75,14.2,5621,0.879,15.388
FALSE POSITIVE,174.9598048,151.16448,5.23,,,,,,15.246
FALSE POSITIVE,1.926888595,131.63323,1.235,1.30E+02,1.31,11.7,6268,1.1,14.809
CONFIRMED,34.1420506,136.03624,2.945,7.88E+02,1.06,13.3,3526,0.383,15.921
FALSE POSITIVE,0.241842544,131.86819,0.7257,2.03E+02,1.16,29.3,5834,0.797,15.525
FALSE POSITIVE,0.865759153,131.57771,0.8408,1.92E+02,1.53,18.7,6249,1.076,15.232
CANDIDATE,1.332035996,131.58386,1.391,1.37E+02,0.85,12.6,5376,0.73,15.682
CONFIRMED,8.68910764,133.23559,1.1627,1.68E+03,0.49,9.6,2703,0.118,17.131
FALSE POSITIVE,0.63624396,131.968841,4,,,,,,11.29
FALSE POSITIVE,4.4040248,134.00341,2.41,,,,,,14.814
FALSE POSITIVE,9.81101738,134.18676,2.09,,,,,,14.656
CONFIRMED,8.71980135,139.52134,3.7454,1.60E+02,1.53,22.7,5970,1.2,13.804
CONFIRMED,7.00821787,137.67164,3.812,1.16E+02,1.29,19.2,5970,1.2,13.804
FALSE POSITIVE,0.903583394,131.877566,1.5942,1.03E+03,33.18,151.7,6455,1.101,14.811
FALSE POSITIVE,0.99014722,132.02928,0.9394,3.21E+02,1.34,23,5072,0.747,15.896
FALSE POSITIVE,138.6122771,170.98026,13.79,,,,,,15.072
FALSE POSITIVE,0.77359329,132.09232,1.7603,8.06E+01,0.82,21.7,5747,0.907,14.615
FALSE POSITIVE,0.306937807,131.635518,0.5925,1.19E+02,0.82,29.3,5088,0.741,14.409
CANDIDATE,0.716531851,131.7213,0.655,7.89E+01,1.11,17.9,5552,1.03,13.458
FALSE POSITIVE,0.637487312,131.97829,1.9626,2.11E+02,1.75,25,6173,1.083,15.315
FALSE POSITIVE,5.71489488,134.87432,2.0705,2.93E+02,1.41,21.2,5552,0.833,15.011
FALSE POSITIVE,7.76967007,133.0900444,4.74,,,,,,13.787
FALSE POSITIVE,76.642481,143.224,5.476,6.45E+01,1.36,7.6,5537,1.714,12.852
CANDIDATE,5.47715718,352.84857,1.3849,5.68E+02,2.17,16.7,5029,0.93,15.213
FALSE POSITIVE,73.45736853,373.2353172,5.28,,,,,,15.77
FALSE POSITIVE,9.49361221,136.1777807,6.52,,,,,,13.274
FALSE POSITIVE,4.4296786,133.1491002,1.96,,,,,,15.577
FALSE POSITIVE,5.9703813,356.5416,0.669,2.10E+02,1.69,5.5,5825,0.965,15.545
CANDIDATE,7.57299816,131.94317,2.645,3.02E+01,0.53,10.9,5495,0.961,11.83
FALSE POSITIVE,3.95383243,133.4182993,2.37,,,,,,13.468
CONFIRMED,32.376183,150.41557,4.4639,7.45E+02,2.26,34.2,4580,0.675,14.897
CONFIRMED,284.063137,200.83619,8.297,1.63E+03,6.36,53.5,5791,1.336,13.929
FALSE POSITIVE,129.683661,244.8914,7.86,,,,,,15.705
FALSE POSITIVE,4.30908594,134.70804,1.52,1.61E+02,1.62,17,5754,1.097,14.562
FALSE POSITIVE,57.104588,151.083,11.5,1.44E+02,0.98,9.3,5637,0.821,14.54
FALSE POSITIVE,0.422015793,131.747838,1.23416,1.29E+03,6.69,304.4,5614,0.777,14.403
FALSE POSITIVE,0.945825494,131.62223,1.8496,1.05E+02,1.14,22.1,6116,1.084,14.762
FALSE POSITIVE,0.676715927,131.7606,0.63,2.65E+02,1.29,14.5,5334,0.733,15.713
CANDIDATE,4.64490141,133.67436,2.456,1.06E+02,0.76,11.7,4786,0.77,14.48
FALSE POSITIVE,0.576441813,131.68331,2.027,6.08E+01,0.82,21.2,6459,1.038,13.883
FALSE POSITIVE,0.423854275,132.19107,1.0198,2.35E+02,0.58,33.3,3553,0.368,15.586
FALSE POSITIVE,2.43731228,132.06982,1.89,,,,,,14.513
FALSE POSITIVE,0.692693892,131.804922,1.2804,1.43E+03,32.44,146.7,5907,0.964,15.417
FALSE POSITIVE,0.768934934,131.740302,1.216,8.47E+02,4.09,58.9,5390,0.777,15.503
FALSE POSITIVE,0.998212785,131.81898,2.489,1.19E+02,1.1,18.8,6072,0.988,15.544
CONFIRMED,0.764863517,132.13343,1.16,1.50E+02,1.04,13.6,5231,0.86,15.168
FALSE POSITIVE,0.710894157,132.05192,1.0183,1.23E+02,1.16,18.9,5862,1.049,14.55
FALSE POSITIVE,0.537839241,131.58521,2.169,2.35E+01,1.49,12.4,6456,3.03,10.923
FALSE POSITIVE,0.373684977,131.963342,0.9621,4.57E+02,2.25,53.8,5970,0.908,15.688
FALSE POSITIVE,1.10118564,132.61692,5.2,,,,,,13.308
FALSE POSITIVE,0.544962596,131.52348,1.085,2.48E+02,1.03,18.3,5257,0.639,15.966
FALSE POSITIVE,0.769127296,131.56425,0.998,1.15E+02,0.9,17,6024,0.831,14.98
FALSE POSITIVE,225.5679122,262.51086,6.31,,,,,,15.333
CONFIRMED,4.09578199,131.61992,1.704,4.06E+02,1.64,11.9,4791,0.742,15.958
CONFIRMED,91.9401253,134.3,9.195,4.83E+02,2.62,34.4,5970,1.2,13.804
FALSE POSITIVE,92.57337995,171.1309675,8.45,,,,,,15.181
FALSE POSITIVE,185.0097245,307.67922,17.96,,,,,,15.647
CONFIRMED,4.5770016,132.09921,0.949,7.10E+02,1.33,18,3805,0.497,15.737
CONFIRMED,14.4540329,135.4521,7.183,7.97E+01,0.72,17.2,5559,0.79,13.572
FALSE POSITIVE,0.812587678,131.56261,1.1144,6.29E+01,1.54,21.7,6143,1.877,13.429
CANDIDATE,9.3210841,138.09946,1.81,2.94E+02,0.61,6.1,3773,0.35,15.983
FALSE POSITIVE,19.3073774,139.1411,3.437,3.17E+01,1.21,6.6,6131,2.142,12.506
FALSE POSITIVE,1.000840564,121.293771,1.3292,2.71E+03,80.25,73.2,6287,3.177,12.733
CONFIRMED,13.6164547,140.93263,5.175,3.76E+02,22.29,22.6,5823,0.972,14.802
CONFIRMED,1.766789509,133.08336,1.3345,1.01E+03,1.4,26.7,3698,0.444,16.283
CANDIDATE,7.55842923,137.9981,2.91,3.61E+02,1.46,10.3,4791,0.742,15.958
CONFIRMED,35.8656484,135.92374,8.035,2.51E+02,2.44,26.2,6078,1.189,13.763
CONFIRMED,0.638162933,131.74826,1.2313,1.10E+02,0.91,17.6,5244,0.888,14.405
FALSE POSITIVE,1.72929014,132.5562,3.609,8.45E+01,0.86,9.6,5910,0.94,15.659
FALSE POSITIVE,40.301684,166.83148,1.398,3.75E+02,2.38,6.6,6429,1.177,15.269
CANDIDATE,43.681309,168.9218,12.37,2.58E+02,1.33,9.8,5726,0.829,15.649
FALSE POSITIVE,26.524553,156.16784,2.359,1.75E+02,2.19,10.2,4995,1.703,13.681
FALSE POSITIVE,26.1537851,145.2879,1.802,2.29E+02,1.47,6.2,6091,0.967,14.833
FALSE POSITIVE,0.944598153,132.2327,4.018,2.01E+02,37.61,35.3,4877,9.214,13.199
FALSE POSITIVE,354.63284,178.4349,2.227,2.81E+02,0.9,6.5,4206,0.535,13.357
FALSE POSITIVE,35.40103336,135.1605852,1.75,,,,,,13.994
CANDIDATE,230.180357,230.05245,13.436,3.69E+03,7.57,64,6313,1.246,15.469
FALSE POSITIVE,5.2433865,132.786,12.472,6.54E+01,0.75,19.2,6011,0.902,14.579
FALSE POSITIVE,5.2435703,132.7496,15.864,2.29E+02,12.68,25.1,5558,0.722,15.829
CANDIDATE,55.7583803,160.0006,2.497,1.33E+02,1.59,9,5413,1.403,12.746
CANDIDATE,3.781123,135.204,8.15,9.04E+01,1.16,9,6318,1.216,14.531
CANDIDATE,220.720142,303.8527,8.186,8.63E+02,2,12,5150,0.696,15.827
FALSE POSITIVE,634.84739,248.0735,16.186,5.43E+02,20.5,15.7,5048,8.611,12.532
CANDIDATE,281.5921577,261.81786,5.673,9.31E+03,7.22,76,5330,0.713,15.87
CANDIDATE,103.722152,176.0727,6.061,2.97E+02,1.95,9.4,5784,1.143,14.775
FALSE POSITIVE,29.9756697,135.45089,2.987,2.58E+02,1.84,12,5893,0.986,14.372
FALSE POSITIVE,387.56519,269.7929,13.28,1.08E+03,4.02,11.8,6289,1.02,15.598
FALSE POSITIVE,31.5073649,159.1203,7.362,3.31E+02,0.74,15.4,3554,0.37,15.327
FALSE POSITIVE,18.1118457,134.7252,6.309,3.29E+02,31.25,10.8,6434,1.138,15.558
CANDIDATE,32.5474295,133.6742,6.945,1.57E+02,1.42,11.3,6068,1.061,14.564
CONFIRMED,33.4969115,163.7638,4.833,1.64E+02,2.97,13.2,4928,1.688,13.354
CANDIDATE,411.8969,379.0087,6.203,5.03E+02,2.61,8.5,6362,1.144,14.452
FALSE POSITIVE,34.33339948,152.0693144,2.45,,,,,,12.152
FALSE POSITIVE,1.389947459,132.266549,1.193,1.21E+03,3.39,136.4,5999,0.95,14.293
CANDIDATE,127.671711,227.0906,2.637,4.50E+02,5.52,8,4985,2.633,13.832
FALSE POSITIVE,282.5363563,241.528666,10.3088,2.92E+04,70.53,854.1,6401,1.41,13.252
CANDIDATE,115.2314507,211.6353632,2.01,,,,,,15.879
FALSE POSITIVE,289.490952,363.4177,3.91,7.73E+02,2.87,6.6,5978,1.032,15.14
CANDIDATE,349.58811,183.0587,5.052,3.73E+02,134.79,11.6,3860,74.32,12.989
CANDIDATE,1.680254289,131.898828,12.585,5.16E+04,30.88,178.7,6423,1.246,12.075
FALSE POSITIVE,0.782068488,131.8940201,1.239,1.16E+02,21.02,4.1,4475,20.237,11.378
CANDIDATE,151.13008,278.463,3.49,3.58E+02,4.41,4.6,6768,2.302,11.867
FALSE POSITIVE,440.650872,421.7840447,4.07,,,,,,14.95
CANDIDATE,258.6379778,385.721676,7.11,,,,,,15.594
FALSE POSITIVE,289.7696114,194.4183952,3.19,,,,,,12.714
CANDIDATE,628.15844,152.9787,12.144,5.02E+02,0.95,14.7,3697,0.423,13.347
FALSE POSITIVE,273.223848,272.069,3.787,4.70E+02,8,10.6,5079,3.792,12.741
FALSE POSITIVE,0.650701055,131.830637,0.89164,3.71E+05,281.62,234.3,10921,3.701,17.037
CANDIDATE,263.90141,203.1723,4.303,8.07E+02,23.91,11,5094,6.247,13.485
FALSE POSITIVE,59.742966,188.0166,6.78,2.85E+02,16.91,8.6,5059,7.322,13.084
CANDIDATE,18.7821603,147.8508,5.573,7.72E+01,0.83,9.8,5919,0.94,14.043
CANDIDATE,389.316341,351.36049,5.49,2.60E+03,27.61,34.7,5731,0.958,14.57
FALSE POSITIVE,405.32064,443.8561,7.77,5.62E+02,1.34,6.2,4694,0.574,14.955
FALSE POSITIVE,342.830882,430.438,3.826,4.51E+02,10.76,12,4994,5.205,12.739
CANDIDATE,3.98916186,132.21377,1.913,3.18E+02,28.1,16.3,4998,16.187,13.56
CONFIRMED,42.8774169,156.06967,1.991,1.07E+03,2.67,14.8,5256,0.832,15.654
CANDIDATE,190.800788,236.0389,8.082,2.88E+02,1.67,13,5993,0.986,14.322
FALSE POSITIVE,2.97601892,132.96926,5.5,3.06E+02,164.46,35.3,5140,7.746,13.799
FALSE POSITIVE,2.882424694,131.63584,25.91,6.73E+04,399.44,416.2,4705,8.058,12.812
CONFIRMED,220.142913,245.94139,19.528,1.80E+03,5.94,121.2,6340,1.393,13.771
FALSE POSITIVE,473.95103,366.0309,11.778,3.31E+02,3.32,9.6,6513,1.81,13.978
FALSE POSITIVE,0.534109403,131.80501,0.9513,7.83E+01,2.28,37,10747,2.432,12.314
FALSE POSITIVE,168.77118,233.3138,2.263,2.05E+03,2825.04,5.5,4936,0.719,15.941
CANDIDATE,29.6094263,141.2485,2.71,2.25E+02,2.87,10.8,6079,1.783,14.385
FALSE POSITIVE,22.9138322,140.6387,4.855,3.40E+02,30.24,8,6154,1.334,13.757
FALSE POSITIVE,538.36855,232.5637,19.26,5.46E+02,2.37,7,6148,1.015,15.674
FALSE POSITIVE,65.5327181,151.4591,2.256,3.73E+02,1.79,5.9,5755,0.923,15.319
CANDIDATE,161.537665,280.9898,2.65,1.02E+02,1.37,5.9,6033,1.358,12.426
FALSE POSITIVE,1.018360336,131.67768,7.622,3.94E+05,107,967.4,6160,1.463,14.299
CANDIDATE,209.967521,241.95921,2.585,1.20E+02,1.16,7.1,6437,1.042,12.489
CANDIDATE,369.73011,246.29,14.27,2.75E+02,1.66,9.6,6283,0.999,13.976
FALSE POSITIVE,78.04064906,137.0269121,2.15,,,,,,12.878
FALSE POSITIVE,396.349253,272.6416,2.685,4.13E+02,2.39,5.7,6495,1.168,14.795
FALSE POSITIVE,0.502807253,131.6152743,1.01493,4.66E+03,26.81,240,5109,0.715,15.341
CANDIDATE,21.3684341,143.72266,1.18,4.93E+02,1.72,9.7,5204,0.786,15.47
FALSE POSITIVE,149.526152,196.8608,3.033,7.53E+02,1.69,7.6,3978,0.628,15.345
FALSE POSITIVE,2.845736321,134.280263,11.5703,3.13E+03,402.16,297.8,4878,10.154,12.367
CANDIDATE,29.5632952,158.22504,1.562,5.33E+02,1.9,10.4,5595,0.828,15.684
CANDIDATE,181.81214,144.6702,16.164,4.75E+02,2.04,21.3,6060,0.925,14.94
CANDIDATE,435.50635,267.6857,34.16,5.54E+02,2.06,8.2,5750,0.882,15.667
CANDIDATE,525.560452,440.33369,2.327,1.20E+03,12.74,10.9,4954,3.796,13.795
FALSE POSITIVE,43.60012467,163.4367382,1.48,,,,,,15.385
FALSE POSITIVE,1.710299164,131.6153344,3.92227,1.57E+05,57.97,2291.1,6082,1.006,10.154
FALSE POSITIVE,252.04444,265.201,5.13,1.50E+03,2.49,6.1,4514,0.664,15.884
FALSE POSITIVE,1.39508873,132.059107,2.09,,,,,,11.809
CANDIDATE,95.688682,224.2893,6.465,4.54E+02,28.41,9.8,5040,13.056,13.933
FALSE POSITIVE,153.521361,281.2973,3.893,2.55E+02,3.09,5.7,6233,1.921,13.636
CANDIDATE,38.168652,144.4713,5.086,9.06E+01,1.4,8.3,6164,1.465,13.195
FALSE POSITIVE,3.0031801,132.1161,2.814,3.75E+02,4.7,13.9,6606,1.768,14.526
FALSE POSITIVE,2.96384168,134.119473,5.4768,3.57E+04,43.7,607.5,6095,1.158,14.502
CANDIDATE,69.089357,135.4461,6.207,4.75E+02,1.47,8.6,4848,0.698,15.572
FALSE POSITIVE,43.142257,132.3007,61.73,2.83E+02,37.88,30.5,6198,1.769,14.756
CONFIRMED,3.290304098,131.90944,1.7215,1.36E+04,4.91,220.5,3386,0.427,15.669
CANDIDATE,40.9882124,152.2483,3.599,1.46E+02,1.44,11.3,6705,1.174,13.006
FALSE POSITIVE,326.70552,439.648,3.36,7.94E+02,2.83,9.1,6036,0.998,14.703
CANDIDATE,138.333748,209.39452,2.391,6.04E+02,6.28,8.4,4948,2.547,13.419
FALSE POSITIVE,343.49816,340.5486,7.46,4.31E+02,1.27,7.1,4256,0.624,14.26
FALSE POSITIVE,11.2582311,140.7718,16.89,3.00E+02,1.24,22.2,5242,0.722,15.902
FALSE POSITIVE,139.5421915,186.9535324,3.42,,,,,,13.836
FALSE POSITIVE,155.046089,166.60575,10.205,2.24E+03,444.08,36.7,6513,12.613,12.649
FALSE POSITIVE,14.3641542,144.2631,2.629,8.92E+01,0.98,6.5,5925,1.033,14.016
FALSE POSITIVE,12.4276185,141.3698,18.56,1.47E+02,1.14,12.6,5869,0.942,15.79
FALSE POSITIVE,12.427076,141.4085,17.447,4.75E+01,0.82,25.3,5841,1.193,11.6
CANDIDATE,22.4932751,132.2511,3.172,1.52E+02,6.04,11.2,5186,4.98,11.4
FALSE POSITIVE,315.502534,389.6319,3.112,6.89E+02,19.71,9.5,4970,7.752,12.974
CANDIDATE,215.732414,294.363,1.915,2.08E+02,1.26,7.3,5790,0.856,13.372
FALSE POSITIVE,276.5416798,174.8709449,7.76,,,,,,15.999
CONFIRMED,4.13960513,134.04705,3.31,1.07E+02,1.24,11.6,6535,1.181,14.275
FALSE POSITIVE,200.79976,263.875635,7.6419,9.26E+04,48.77,930.8,5896,0.916,15.814
CANDIDATE,8.0906952,136.7844,2.648,8.24E+01,0.8,8.1,5374,0.902,14.441
FALSE POSITIVE,1.195515364,132.3039982,6.08509,3.96E+05,156.91,4630.1,6047,2.264,13.535
FALSE POSITIVE,210.971635,243.576,3.578,5.19E+02,2.04,6.5,5838,0.897,15.106
CANDIDATE,188.954072,160.7576,14.17,1.67E+02,2.46,10.9,6392,1.899,13.039
FALSE POSITIVE,42.02646,172.228,2.553,1.90E+02,1.5,6,6158,1.016,14.519
FALSE POSITIVE,372.04697,259.4285,14.29,6.73E+02,2.7,25.2,6173,1.041,14.726
FALSE POSITIVE,438.81524,307.9493,6.75,3.33E+02,1.36,9.2,5324,0.755,13.589
FALSE POSITIVE,18.622214,141.6268,4.42,5.83E+03,20.83,20.1,6235,2.471,11.347
FALSE POSITIVE,27.8923345,146.02135,2.204,1.40E+02,2.1,9,5873,1.78,13.373
CANDIDATE,579.81521,343.5587,5.43,6.07E+02,2.71,7.9,5822,0.969,14.473
CANDIDATE,19.12788374,134.8576413,2,,,,,,15.892
FALSE POSITIVE,452.10093,460.4884,12.69,4.64E+02,2.08,6.2,6276,0.956,15.107
FALSE POSITIVE,0.7906069,132.077067,3.3996,6.89E+02,17.97,133.3,4994,0.72,14.469
FALSE POSITIVE,24.5714867,156.0157,29.96,5.06E+02,3.04,31.1,5977,0.956,14.924
FALSE POSITIVE,0.681137796,131.57697,2.7287,1.05E+05,45.75,432.5,5872,0.864,12.545
FALSE POSITIVE,3.722404453,133.56824,2.5214,5.54E+04,144.2,148.9,5747,0.799,15.691
FALSE POSITIVE,230.385488,268.65697,3.134,5.68E+02,10.13,9.3,5024,4.331,13.264
FALSE POSITIVE,222.8490931,340.6821732,2.43,,,,,,14.786
CANDIDATE,493.74242,149.1145,5.685,5.06E+02,7.15,12.4,5015,3.243,12.518
FALSE POSITIVE,1.714414962,131.8661453,5.17207,1.10E+05,116.92,6485.8,6351,1.613,13.309
FALSE POSITIVE,646.2878933,234.150707,5.39144,5.86E+04,43.47,1107.1,6582,1.777,13.03
FALSE POSITIVE,290.438547,283.0998,12.85,2.13E+02,1.11,11.9,5392,0.775,13.064
FALSE POSITIVE,0.766298172,131.687569,1.78462,1.94E+04,15.64,368.9,6267,0.996,15.581
FALSE POSITIVE,1.049468616,132.26871,4.848,2.20E+01,0.84,22.8,7479,1.667,12.519
FALSE POSITIVE,2.362348096,131.705479,3.5979,7.25E+02,89.55,103.6,5088,3.293,13.99
FALSE POSITIVE,136.830243,138.5183,2.956,4.64E+02,17.22,8.4,5096,8.038,13.762
FALSE POSITIVE,103.284757,147.79022,1.674,7.84E+01,1.96,5.5,6185,2.101,12.97
FALSE POSITIVE,36.1904638,146.55956,1.919,2.63E+02,1.69,6.8,6210,1.033,14.969
FALSE POSITIVE,419.75224,525.0002,4.154,7.54E+02,2.82,6.3,6137,1.016,15.691
FALSE POSITIVE,419.95929,354.2265,13.86,1.96E+02,1.53,5.9,5953,1.068,14.44
FALSE POSITIVE,206.309658,231.818,1.498,2.77E+02,2.36,8.3,6028,1.267,12.351
FALSE POSITIVE,8.46184728,134.13323,35.525,4.11E+02,4.92,142.4,7663,1.913,12.509
FALSE POSITIVE,681.01756,136.3997,8.74,1.34E+02,1.69,9.2,6295,1.435,12.119
FALSE POSITIVE,2.19509634,132.74891,1.796,2.28E+02,1.32,14.3,5799,0.878,15.933
CANDIDATE,9.942228056,133.8474942,2.45451,3.11E+04,22.15,1073.3,5268,0.843,14.099
FALSE POSITIVE,141.0058279,135.4379543,3,,,,,,14.941
CANDIDATE,22.2903562,152.37929,1.623,1.30E+02,1.13,8.1,5597,1,13.993
FALSE POSITIVE,73.9239955,168.2132,1.699,6.34E+02,1.64,6.1,5040,0.658,15.959
FALSE POSITIVE,1.8437362,132.23042,21.04,3.41E+02,25.26,83.4,6032,1.114,14.615
CANDIDATE,55.180772,147.7141,9.791,4.75E+02,2.37,11.5,6306,1.076,15.551
FALSE POSITIVE,281.36926,215.41653,66.892,1.24E+04,56.94,135.6,4818,5.303,16.353
CANDIDATE,84.6405853,183.17243,2.657,7.84E+02,1.72,8.2,4386,0.63,15.16
FALSE POSITIVE,262.71162,134.3692,7.72,1.45E+03,3.69,7,5398,0.99,16.546
FALSE POSITIVE,6.0353643,133.1818,9.211,4.72E+01,1.88,23.4,7377,2.552,12.291
CANDIDATE,15.2024426,136.9199,8.11,8.34E+02,113.97,4,3984,41.367,13.297
FALSE POSITIVE,1.52327807,132.3306,3.813,9.24E+02,22.88,78.5,4477,7.912,14.161
FALSE POSITIVE,260.311199,314.5841346,3.23,,,,,,14.34
FALSE POSITIVE,574.37064,391.2165,11.89,2.28E+02,3.11,12,6749,1.905,12.928
FALSE POSITIVE,253.87706,197.0254,11.18,2.66E+02,1.81,5.7,6553,1.086,12.724
FALSE POSITIVE,523.36921,185.174,1.007,9.92E+03,17.45,8.4,6397,0.913,15.577
CANDIDATE,110.089267,174.2529,1.575,1.02E+03,2.4,5.6,5465,0.75,15.792
CANDIDATE,219.931324,329.3836,4.818,6.41E+02,2.3,7.1,5557,0.912,14.254
CANDIDATE,385.29212,440.5319,19.417,2.19E+02,1.57,15.1,6440,1.053,13.086
FALSE POSITIVE,80.292171,145.8825,1.936,1.59E+02,1.33,6,6188,1.049,13.462
FALSE POSITIVE,1.049406508,131.80328,3.0072,4.48E+02,27.45,61.3,4745,13.417,12.387
CANDIDATE,455.195496,312.331,3.565,2.94E+02,2.09,8,6478,1.209,12.376
FALSE POSITIVE,3.58957045,132.99426,3.418,1.22E+03,2.49,53.6,4608,0.746,15.705
FALSE POSITIVE,2.40435325,133.2257,6.825,3.50E+02,24.16,23.3,5780,1,10.63
FALSE POSITIVE,37.078668,142.0615,4.403,1.47E+02,0.8,6.9,5120,0.65,14.617
CANDIDATE,50.55398,160.0628,6.159,2.00E+02,0.94,7.9,4895,0.687,14.867
FALSE POSITIVE,228.196872,323.9146,3.525,1.45E+02,1.42,6.9,6425,1.138,13.061
FALSE POSITIVE,44.71445009,135.3418468,5.7615,9.02E+04,50.54,2629,6185,0.941,14.965
CANDIDATE,200.2350497,305.44985,23.612,1.08E+04,10.99,220.6,6108,0.997,15.392
FALSE POSITIVE,40.8801539,163.3624,5.472,3.96E+02,0.92,10,3746,0.469,15.943
CANDIDATE,31.5034587,159.9712,3.315,2.11E+02,1.17,8.6,5269,0.823,15.164
CANDIDATE,22.2381062,148.3792,2.68,1.04E+02,1.09,7.1,6192,1.055,14.296
CANDIDATE,20.5477769,149.1769,4.634,2.54E+02,1.67,12.1,5922,1.057,15.529
FALSE POSITIVE,25.166806,150.271,2.111,1.35E+03,2.72,7.2,5013,0.704,15.743
FALSE POSITIVE,323.972022,260.24288,1.25,4.62E+02,2.96,8.7,6002,1.302,13.683
FALSE POSITIVE,1.752562808,132.7222455,6.1245,3.68E+05,124.23,5494.6,5853,1.795,11.388
FALSE POSITIVE,45.5827119,138.6761,3.193,7.65E+01,2.42,9.6,7266,2.715,12.661
FALSE POSITIVE,1.89140138,132.6124,9.52,5.58E+02,25.67,12.4,5504,0.952,17.159
FALSE POSITIVE,6.70258007,134.37408,4.632,8.59E+02,403.01,23,4799,13.652,13.25
FALSE POSITIVE,6.2095391,135.2715,2.752,4.79E+01,30.47,8.3,3861,46.169,11.989
FALSE POSITIVE,363.17077,401.1646,28.26,3.85E+02,9.82,20.9,10134,4.842,13.603
FALSE POSITIVE,615.16033,226.4594,3.958,2.67E+02,4.48,5.4,7937,2.711,13.503
FALSE POSITIVE,1.89124738,132.6891,4.697,4.10E+02,1.2,17.4,4615,0.589,16.341
FALSE POSITIVE,1.89125883,132.687,4.656,2.75E+02,23.6,15.3,4449,14.894,13.982
FALSE POSITIVE,362.1273,302.6897,6.719,1.10E+03,1.68,6.5,3734,0.513,15.84
FALSE POSITIVE,353.36705,412.2698,3.279,3.41E+01,2.6,7,8892,4.35,9.725
CANDIDATE,180.4118581,142.86513,3.29,4.27E+03,8.86,33.2,6032,0.973,15.656
FALSE POSITIVE,4.750256809,134.63889,1.9278,3.95E+02,12.35,42.7,5161,5.753,11.54
FALSE POSITIVE,623.005238,201.386299,23.5615,1.40E+05,66.64,2386.6,5689,1.207,14.023
FALSE POSITIVE,45.41810604,166.3910358,5.3,,,,,,14.022
FALSE POSITIVE,1.878877205,133.074035,5.8768,1.04E+05,109.55,525.4,7542,1.999,12.725
FALSE POSITIVE,0.938857507,132.206796,3.98767,1.30E+04,1148.7,962.6,4217,27.676,10.147
FALSE POSITIVE,287.4657966,242.2768409,9.06,,,,,,13.695
FALSE POSITIVE,32.245486,158.2607,13.86,9.36E+01,1.18,10,6197,1.208,9.931
CANDIDATE,392.47291,155.4624,7.867,3.46E+02,5.46,12.2,6626,2.704,12.361
FALSE POSITIVE,142.2040011,140.9358759,3,,,,,,13.854
FALSE POSITIVE,149.237142,168.1563,2.503,7.72E+02,2.22,6.9,5492,0.812,15.683
FALSE POSITIVE,501.51698,449.5543,3.809,4.87E+02,1.99,6.9,5796,0.906,14.768
FALSE POSITIVE,357.77096,309.1578,12.999,2.16E+02,1.42,9.7,5523,0.981,14.161
FALSE POSITIVE,531.33282,295.2843,3.702,6.69E+02,2.67,7.1,6163,1.022,15.191
FALSE POSITIVE,396.048721,471.22802,16.376,9.32E+02,13.52,39.4,5327,2.882,12.992
FALSE POSITIVE,326.370361,190.3324,4.526,5.69E+02,22.6,13.7,5188,9.343,10.963
FALSE POSITIVE,148.666527,156.8241,4.353,3.19E+02,6.81,8.6,5155,3.87,13.697
FALSE POSITIVE,163.104677,140.3163,2.129,5.76E+02,2.58,6,5766,1.04,15.201
FALSE POSITIVE,1.10656965,132.3665,1.669,8.64E+01,1.09,8.4,6237,1.165,14.582
FALSE POSITIVE,46.27052487,173.6558757,8.93033,6.62E+04,35.98,4607.4,6357,1.072,13.529
FALSE POSITIVE,13.4256161,144.7838,11.781,1.42E+02,1.66,12.5,6686,1.332,13.05
FALSE POSITIVE,590.44065,199.918,7.55,1.26E+02,1.62,6.9,6782,1.417,12.773
FALSE POSITIVE,28.88008607,144.4386895,1.35,,,,,,15.363
FALSE POSITIVE,2.858879267,134.17606,2.3753,6.45E+02,515.07,37.1,4893,16.274,12.529
FALSE POSITIVE,241.647602,325.21488,1.742,3.62E+02,1.88,5.6,5962,0.989,13.586
FALSE POSITIVE,528.0796233,466.1720499,3.49,,,,,,15.09
FALSE POSITIVE,25.2218929,143.6316,14.84,,,,,,11.941
FALSE POSITIVE,105.5212746,145.4682374,2.52,,,,,,15.555
CANDIDATE,581.729006,341.09187,6.647,1.87E+02,2.74,8.6,5765,2.005,12.362
FALSE POSITIVE,420.9292036,196.685958,17.3985,8.60E+04,62.76,1740.2,6461,1.197,13.858
FALSE POSITIVE,393.946106,334.4022,6.012,7.48E+02,18.07,10.9,4888,4.622,12.768
FALSE POSITIVE,194.896925,252.0208,2.504,5.57E+02,8.98,8.8,5269,3.706,13.562
CANDIDATE,56.001782,144.09684,1.706,1.25E+02,1.54,7.2,6116,1.332,13.228
FALSE POSITIVE,471.9507625,172.3928906,5.03,,,,,,14.817
FALSE POSITIVE,101.928291,182.2662,2.171,2.44E+02,1.7,6.3,5489,1.11,14.353
FALSE POSITIVE,379.63135,245.0035,16.78,1.04E+03,1.67,13.8,4847,0.527,15.37
CANDIDATE,69.932459,145.91179,2.03,2.64E+02,8.25,8.4,5207,5.183,13.809
CONFIRMED,287.377314,348.83318,18.821,4.38E+03,11.67,60.4,5548,1.793,15.756
CANDIDATE,535.93723,135.5316,11.85,3.37E+02,1.83,8.8,6014,0.958,14.679
FALSE POSITIVE,367.72767,265.14033,3.104,9.26E+02,1.96,5.8,4869,0.657,15.171
FALSE POSITIVE,4.20601251,132.2794,6.82,1.07E+02,0.82,10.7,5514,0.79,15.454
CANDIDATE,313.051405,408.62595,10.969,5.95E+02,2.91,39.5,6218,1.185,12.842
FALSE POSITIVE,4.18236124,134.053289,6.70175,1.94E+05,69.37,2666,6188,1.166,14.74
CANDIDATE,18.9828305,139.257,6.303,4.91E+01,0.72,9.6,5962,1.035,13.048
FALSE POSITIVE,186.59466,317.713,16.57,6.85E+02,2.66,8.8,6163,1.013,15.899
FALSE POSITIVE,7.87173698,132.35405,2.619,3.47E+01,0.54,10.8,5428,0.94,11.237
CANDIDATE,357.437578,195.2194,15.903,2.72E+02,3.13,13.6,7610,1.862,13.723
CANDIDATE,215.634356,230.7211,15.097,1.48E+02,1.92,12.3,6163,1.568,13.793
CANDIDATE,30.928898,153.90647,3.436,2.03E+02,8.1,8.5,5029,5.127,13.907
FALSE POSITIVE,7.155547398,133.998101,4.5711,2.57E+03,48.93,124.6,4992,8.052,13.672
CANDIDATE,293.392635,341.2263,3.661,5.19E+02,6.84,9.9,5203,3.055,13.705
FALSE POSITIVE,63.024229,188.2057,5.77,2.95E+02,1.5,6.1,5691,0.887,15.705
FALSE POSITIVE,506.771836,158.7498,10.535,1.95E+02,1.8,15,6035,1.283,12.588
CANDIDATE,5.43361347,136.711,1.0338,1.42E+03,2.09,17.9,3694,0.566,15.808
CANDIDATE,47.82278681,134.1402656,1.19,,,,,,14.395
CANDIDATE,348.96347,184.8658,13.84,5.85E+02,2.04,11.8,4823,0.792,15.325
FALSE POSITIVE,57.1143966,166.4525,2.182,2.69E+02,1.82,5.9,6136,1.106,14.245
CANDIDATE,59.4037839,159.80356,10.041,1.24E+02,1.65,17,6373,1.209,11.679
FALSE POSITIVE,485.91276,213.3906,2.42,1.37E+03,3.61,7,5957,0.937,15.645
FALSE POSITIVE,20.5311708,136.4829,5.67,2.85E+02,1.39,9.8,5398,0.805,15.673
FALSE POSITIVE,2.31164074,132.12133,2.317,4.89E+02,39.73,24.6,4883,18.427,13.041
CANDIDATE,43.581043,148.4352,6.883,3.49E+02,1.94,8.7,6225,1.031,15.63
CANDIDATE,327.063,438.3693,8.06,1.01E+03,2.82,8.8,5750,0.882,15.941
FALSE POSITIVE,21.92866538,135.528574,9.7526,2.22E+04,65.97,664.6,5001,3.028,10.946
CANDIDATE,651.07431,216.3882,5.603,1.54E+02,1.55,7.1,5696,1.261,12.524
CANDIDATE,49.1782244,165.7659,5.8,4.49E+02,1.79,9.4,5674,0.839,15.527
FALSE POSITIVE,545.54618,406.0538,6.944,1.78E+02,2.01,9,6432,1.476,11.577
FALSE POSITIVE,1.928420823,131.58805,3.8253,1.91E+05,79.4,438.3,6615,1.326,15.175
FALSE POSITIVE,328.84846,385.9456,5.45,9.01E+02,2.23,6,5382,0.724,15.876
CANDIDATE,271.790292,195.52243,2.944,3.18E+02,2.38,8.1,6484,1.32,13.887
FALSE POSITIVE,125.9578198,134.667118,8.63,,,,,,15.184
CANDIDATE,3.5645249,134.4518,2.062,5.39E+01,0.6,8,5435,0.824,12.936
FALSE POSITIVE,426.34444,464.9081,14.139,9.02E+01,1.33,9.7,6395,1.394,12.254
CANDIDATE,48.2455501,141.14725,1.375,6.05E+01,0.64,5,5441,0.827,12.429
FALSE POSITIVE,256.846143,331.8595,6.289,1.71E+03,46743.4,14.9,5208,4.329,13.93
FALSE POSITIVE,146.931518,190.4351,23.78,2.57E+02,2.89,19.3,6237,1.135,13.986
CANDIDATE,377.311149,411.6189,3.33,8.04E+02,2.56,8.3,5897,0.891,15.495
CANDIDATE,265.741374,167.0573,18.078,2.73E+02,3.24,21.6,6537,1.859,13.491
CANDIDATE,470.65357,173.647,3.458,9.85E+02,2.99,8.3,6039,0.951,15.07
FALSE POSITIVE,309.19347,318.487,23.51,1.45E+03,3.07,6.5,5504,0.819,15.68
FALSE POSITIVE,1.541530919,131.98454,4.8691,2.13E+05,115.49,601.5,7631,1.937,15.348
FALSE POSITIVE,122.713036,135.2952,3.999,2.91E+02,1.79,6.5,6244,1.009,15.158
CANDIDATE,15.18575582,144.63985,0.633,2.57E+02,2.26,11.8,6311,1.339,12.493
FALSE POSITIVE,25.50236699,141.3438916,1.8,,,,,,15.292
FALSE POSITIVE,290.625016,349.7098,4.411,1.48E+02,2.86,10.3,5195,2.409,11.098
FALSE POSITIVE,2.945414866,133.95496,2.702,9.69E+02,38.32,47.5,4403,12.927,11.557
CANDIDATE,59.14382117,180.5653307,1.74,,,,,,13.815
FALSE POSITIVE,232.822285,253.934,0.99,2.26E+04,48.88,8.8,6106,0.966,13.122
FALSE POSITIVE,146.355097,226.299,5.034,8.20E+02,0.82,6,3401,0.29,15.913
CANDIDATE,26.092284,149.1087,6.623,1.22E+02,1.35,12.2,6346,1.214,13.98
FALSE POSITIVE,0.523493764,131.6968,0.9015,5.40E+01,1.82,23.5,6122,2.455,13.085
FALSE POSITIVE,514.14221,439.365,4.153,1.49E+03,2.98,5.8,5524,0.78,15.773
CANDIDATE,47.0628978,171.94782,1.545,1.65E+03,4.1,14.5,5838,0.897,15.706
FALSE POSITIVE,26.7371395,146.8472356,4.68919,5.35E+04,29.28,4731.1,5794,1.155,12.688
FALSE POSITIVE,310.61299,267.0451,2.562,9.20E+02,3.04,6.5,6063,1.001,15.503
FALSE POSITIVE,461.1417,388.34717,3.875,3.82E+02,7.1,9.4,5071,3.698,11.372
FALSE POSITIVE,0.987069622,131.9133173,1.0092,3.85E+02,2.43,2.5,6602,1.223,13.114
FALSE POSITIVE,329.71491,347.1667,12.11,3.37E+02,1.39,6,5576,0.758,14.576
CANDIDATE,100.345648,152.8425,7.939,3.72E+02,1.57,15.2,5180,0.8,14.855
CANDIDATE,111.187116,195.2257,3.569,1.11E+02,1.51,7.3,5806,1.281,12.709
FALSE POSITIVE,1.23708565,132.7235,5.743,8.04E+02,36.31,55.3,6556,1.324,14.462
FALSE POSITIVE,498.24938,313.7462,8.73,5.23E+02,14.02,11.8,4949,6.334,12.519
FALSE POSITIVE,1.573020098,132.28063,15.574,2.92E+02,31.6,195.5,6770,1.449,9.616
CANDIDATE,27.765596,132.0878,19.49,1.48E+02,1.2,14.2,5897,0.999,15.197
FALSE POSITIVE,1.534679933,132.331163,1.7237,4.57E+02,18.39,64.6,4965,8.834,12.224
FALSE POSITIVE,71.59889,135.431,10.53,6.54E+02,4.49,5.7,6637,1.662,10.877
CANDIDATE,367.6758,370.244,23.5,7.00E+02,2.77,14,6140,1.048,15.343
CANDIDATE,354.21154,218.299,18.594,8.21E+02,8.41,22,4842,3.035,13.682
CANDIDATE,171.028691,301.7487,11.784,3.94E+02,2.49,13.1,6123,1.252,14.892
CANDIDATE,624.90338,241.5869,12.169,2.49E+02,2.77,10.6,7089,1.729,13.62
CANDIDATE,25.5338535,153.586,2.076,3.68E+02,1.18,8.3,4445,0.635,15.573
CANDIDATE,339.18998,300.2366,5.117,8.22E+02,2.75,7.6,5544,0.966,15.278
FALSE POSITIVE,77.66967809,151.0243323,3.01,,,,,,13.528
FALSE POSITIVE,2.976012511,132.9704424,6.52033,4.49E+05,79.99,3630.4,6572,1.08,11.287
CANDIDATE,349.73652,268.2946,3.428,8.86E+02,2.32,6,5310,0.796,15.466
FALSE POSITIVE,1.606003121,132.4945147,4.88602,4.03E+05,360.08,4679.3,5297,5.059,14.194
FALSE POSITIVE,61.438007,136.9729,3.861,2.53E+02,14.79,9,5080,8.527,13.213
CANDIDATE,436.18813,185.8184,11.35,1.18E+02,1.64,8.7,6499,1.497,13.026
FALSE POSITIVE,147.863607,259.53,1.948,5.60E+02,2.03,6.6,5485,0.867,15.109
FALSE POSITIVE,586.9171181,275.4739232,5.32,,,,,,15.58
CANDIDATE,21.1579573,150.5824,4.706,2.16E+02,1.63,10.2,6063,1.012,15.531
FALSE POSITIVE,19.545185,147.733,1.597,4.02E+01,0.76,5.4,6273,1.16,12.091
FALSE POSITIVE,215.044269,225.6177,3.517,3.51E+02,1.89,8.7,5651,1.02,14.088
CANDIDATE,169.330666,208.7974,2.6,5.33E+02,16.68,9.7,5106,7.052,13.743
FALSE POSITIVE,1.174683069,131.835254,2.5167,3.56E+02,3.06,87.5,5974,1.143,14.009
FALSE POSITIVE,33.2948005,141.5302,2.997,2.16E+02,1.46,6.6,6217,0.989,15.252
CANDIDATE,249.35154,133.929,13.76,1.64E+03,4.42,8.2,5780,1,13.931
CANDIDATE,371.56492,259.8491,14.736,3.76E+02,1.89,16.2,5735,0.972,14.058
CANDIDATE,546.53309,334.0585,16.04,7.58E+02,1.03,12.3,3434,0.36,15.347
CANDIDATE,364.63189,145.6294,22.93,3.03E+02,2.06,13.3,6446,1.155,14.425
CANDIDATE,330.738115,422.7107,4.998,3.33E+02,4.42,8.7,5458,2.453,13.381
CANDIDATE,78.876125,205.1282,4.912,4.72E+02,2.03,8.1,6046,0.927,15.819
FALSE POSITIVE,476.39752,227.0486,12.13,2.88E+02,1.82,11.1,6300,1.064,13.71
FALSE POSITIVE,231.364508,299.729,4.747,1.49E+03,2.45,9.2,4691,0.604,15.267
FALSE POSITIVE,106.779168,146.11456,1.905,1.63E+02,1.94,6.3,7158,1.494,12.598
CANDIDATE,444.04257,334.6734,10.9,4.17E+02,1.48,7.4,5776,0.726,14.795
FALSE POSITIVE,12.5748872,143.1278,3.549,7.31E+02,1.03,7.8,3552,0.387,14.94
FALSE POSITIVE,484.172005,545.2208,4.566,5.18E+02,2.38,11.3,5858,1.04,13.881
FALSE POSITIVE,277.77499,351.829,7.07,1.08E+03,2.48,9.2,4949,0.73,15.058
FALSE POSITIVE,561.08191,133.5178,14.94,2.29E+02,1.93,9.8,6014,1.258,12.602
CANDIDATE,211.330867,244.953,4.66,5.31E+02,2.09,7.5,5941,0.911,15.27
FALSE POSITIVE,28.615014,147.7816,24.74,7.05E+01,1.69,13.5,5562,1.987,14.091
CANDIDATE,105.5904748,192.30383,2.188,2.92E+02,8.16,9.5,4869,4.383,11.653
FALSE POSITIVE,3.017155419,133.68607,13.3898,1.38E+03,38.71,223.5,5893,1.302,13.871
FALSE POSITIVE,94.818136,186.3262,83.31,,,,,,10.866
FALSE POSITIVE,52.6727624,178.5395,3.039,2.48E+02,1.64,6.7,6184,1.038,15.101
FALSE POSITIVE,34.4886903,137.00685,1.22,5.99E+01,0.71,6.3,5629,0.886,12.157
FALSE POSITIVE,2.6228301,131.8572135,7.29719,4.10E+05,70.62,5312.7,6233,0.988,15.768
FALSE POSITIVE,222.068928,290.58724,1.938,6.43E+02,29.97,6.7,5221,12.042,12.552
FALSE POSITIVE,0.56493398,131.787277,2.4385,2.07E+03,30.51,166,5808,0.898,14.784
FALSE POSITIVE,246.12174,301.8089,18,6.85E+03,7233.87,9.2,5780,1,13.671
FALSE POSITIVE,159.05846,209.213,10.08,1.94E+02,1.54,6.3,6365,1.033,12.885
CANDIDATE,550.86514,307.6878,14.548,3.47E+02,2.06,20.8,5912,1.115,13.093
CANDIDATE,380.39474,502.2332,10.775,6.03E+02,1.84,8.6,5772,0.745,15.326
FALSE POSITIVE,419.21314,164.0745,6.385,2.08E+03,5.06,9.6,5780,1,11
FALSE POSITIVE,350.98474,164.2084,14.49,6.00E+02,1.97,10.8,5473,0.816,15.458
FALSE POSITIVE,298.4688,303.902,3.748,3.15E+02,11.33,10.6,5189,6.491,11.454
CANDIDATE,12.5747207,142.34553,2.896,3.23E+02,1.45,10.5,5654,0.774,15.133
FALSE POSITIVE,43.22793081,144.4486525,1.39,,,,,,12.654
FALSE POSITIVE,528.10984,155.1493,18.01,8.98E+01,0.77,8.4,5618,0.811,12.143
FALSE POSITIVE,63.12379762,147.195046,1.87,,,,,,15.008
FALSE POSITIVE,358.5445555,376.8056254,11.46,,,,,,13.044
FALSE POSITIVE,119.669671,176.1667,20.67,4.22E+02,2.21,14.2,6382,1.059,15.493
FALSE POSITIVE,598.31791,295.9314,16.07,2.83E+02,1.27,8.3,5216,0.735,14.415
CANDIDATE,33.3726538,153.5967,3.663,6.18E+02,1.95,10.1,5504,0.796,15.986
FALSE POSITIVE,18.40783671,139.3507372,1.55,,,,,,14.628
CANDIDATE,143.163697,243.7133,4.854,3.90E+02,20.03,12.9,5145,7.653,12.644
FALSE POSITIVE,250.4858,183.25,12.72,6.75E+02,2.1,13.2,5377,0.814,15.433
FALSE POSITIVE,401.38712,328.5916,32.21,1.66E+02,2.04,18.6,5858,1.498,12.616
FALSE POSITIVE,49.312677,162.638,4.057,1.71E+03,2.84,6.6,4541,0.666,16.609
FALSE POSITIVE,288.94276,193.4457,11.43,1.61E+02,1.05,6.7,5786,0.827,14.242
FALSE POSITIVE,273.6857427,350.85157,8.3881,1.54E+04,37.15,202.3,6033,1.65,15.233
FALSE POSITIVE,28.1117095,138.30651,1.689,1.19E+02,1.19,6.5,5780,1,13.855
FALSE POSITIVE,17.74545614,137.697754,4.0678,8.03E+04,116.14,272.2,6337,2.216,12.366
FALSE POSITIVE,603.3102,151.0618,8.025,5.18E+02,2.6,11.9,6446,1.125,13.911
CONFIRMED,7.20281185,135.19499,2.8305,1.83E+03,3.06,49.4,5388,0.717,13.028
FALSE POSITIVE,36.4772788,137.1924,2.092,4.63E+02,1.65,5.8,4910,0.755,15.846
CANDIDATE,282.0309,162.5448,14.69,7.82E+02,3.22,11.8,6343,1.137,14.81
CANDIDATE,179.25465,154.3773,22.35,2.72E+02,1.35,9.9,5692,0.82,15.142
CANDIDATE,65.752109,183.3112,6.854,3.83E+02,2,9.9,5816,1.03,15.478
FALSE POSITIVE,249.613773,201.4461838,3.2,,,,,,15.368
CANDIDATE,59.9655175,140.9936,1.89,3.10E+02,1.92,5.5,5729,1.105,14.647
FALSE POSITIVE,399.49671,368.4202,5.351,1.39E+02,1.39,6.9,6224,1.177,12.796
CANDIDATE,112.951287,172.0238,4.284,5.56E+02,15.19,7.3,5215,6.428,13.446
CANDIDATE,103.363691,194.152,6.012,3.59E+02,2,9.4,5762,1.022,14.505
FALSE POSITIVE,251.958533,367.3803,4.742,2.04E+02,1.4,15.3,5870,0.985,12.289
CANDIDATE,276.879492,176.52152,3.779,1.76E+03,11.67,10.4,5324,0.966,15.772
FALSE POSITIVE,389.169027,388.2063,3.759,5.13E+02,15.36,7.7,5075,6.918,13.443
CANDIDATE,418.04355,194.7139,10.777,4.82E+02,13.73,10.8,5110,5.469,13.637
FALSE POSITIVE,18.78970984,143.82465,4.13997,4.08E+04,44.01,488.7,6477,0.884,15.115
FALSE POSITIVE,0.915782856,132.27591,2.24,3.01E+02,32.86,7.7,6318,1.333,13.806
FALSE POSITIVE,0.66882716,131.8692,1.069,6.82E+01,124.42,6.2,3711,150.091,11.598
CANDIDATE,370.05918,311.474,11.86,6.70E+02,1.9,8.6,5228,0.751,15.612
FALSE POSITIVE,43.5428781,150.4229,3.6768,5.45E+03,17.47,52.1,6669,1.427,15.223
CANDIDATE,19.4534296,139.3373,4.873,1.49E+02,1.25,9.8,6372,1.015,14.518
FALSE POSITIVE,3.72273683,134.6473,8.552,3.78E+01,0.52,14.7,5898,0.819,13.945
FALSE POSITIVE,3.7229369,134.6174,10.57,6.52E+01,0.46,18.6,3724,0.48,14.541
FALSE POSITIVE,1.80455062,132.4262,2.166,3.97E+01,0.65,12.5,6006,1.019,13.73
FALSE POSITIVE,10.1955065,140.26643,2.447,2.21E+02,1.02,7,5182,0.666,15.05
CANDIDATE,232.916142,162.1441,7.037,6.48E+01,1.2,8.5,5807,1.496,10.926
FALSE POSITIVE,3.66115536,133.7708,14.807,3.43E+01,0.81,27.8,6356,1.308,13.164
CONFIRMED,267.282521,589.71975,7.788,4.72E+02,1.43,19.3,4926,0.662,13.725
CONFIRMED,16.9348104,137.2502,3.408,3.46E+02,1.31,11.5,4650,0.706,15.549
CANDIDATE,44.7055876,149.6448,6.262,4.72E+02,72.59,12,5942,0.938,15.253
CANDIDATE,57.3888262,141.62516,3.543,3.44E+02,1.88,11.9,5242,0.856,14.803
CANDIDATE,126.5145764,167.3005742,2.15,,,,,,12.5
CANDIDATE,14.5168151,137.5579,5.796,8.60E+01,1.82,11.7,5934,1.885,13.698
FALSE POSITIVE,225.4342042,210.1832295,13.02,,,,,,15.166
CANDIDATE,359.98653,352.5338,3.866,6.71E+02,1.76,5.6,5171,0.677,15.155
FALSE POSITIVE,1.540399732,131.99296,1.63,5.76E+01,0.58,14.8,5160,0.784,13.328
FALSE POSITIVE,1.540389045,131.99987,1.8325,4.86E+02,32.54,48.6,4964,15.155,13.561
FALSE POSITIVE,1.540393027,131.998449,1.75,5.26E+02,2.17,72.1,5466,0.946,14.844
FALSE POSITIVE,0.888045184,131.84685,2.1961,9.06E+01,2.04,26.6,6316,2.087,12.807
FALSE POSITIVE,43.9311596,134.214029,12.9395,9.30E+03,58.37,1070.3,4888,5.132,12.776
FALSE POSITIVE,494.62409,242.5567,8.36,3.07E+02,1.04,6,4302,0.604,14.205
CANDIDATE,573.23826,343.313,2.641,4.70E+02,6.93,6.8,5172,3.264,13.815
CANDIDATE,314.765374,283.1235,3.325,7.32E+02,2,7.5,5228,0.755,15.578
FALSE POSITIVE,110.7521413,174.9520694,2.09,,,,,,12.372
FALSE POSITIVE,121.1825045,213.3594926,2.97,,,,,,13.476
FALSE POSITIVE,78.60436061,143.9949276,4.65559,7.81E+04,34.8,2384.6,5938,0.985,14.08
FALSE POSITIVE,294.202469,221.2782,2.36,2.48E+02,2.61,5.2,6897,1.635,11.733
FALSE POSITIVE,588.10504,289.5538,15.474,3.27E+02,1.77,11,6214,0.965,14.514
FALSE POSITIVE,116.170346,205.5026,2.656,4.35E+02,1.68,6,5510,0.762,15.232
FALSE POSITIVE,452.30053,261.1684,5.918,8.09E+02,2.29,7.7,5396,0.766,15.494
FALSE POSITIVE,39.5931053,141.0746,2.306,1.57E+02,1.22,5.7,6046,0.972,13.804
FALSE POSITIVE,1.55935718,132.54264,2.892,4.97E+01,1.39,17.9,6475,1.9,13.357
FALSE POSITIVE,100.629443,189.6247,1.708,3.56E+02,1.75,4.7,6351,0.921,15.08
CANDIDATE,438.98396,487.8174,9.62,7.45E+02,32.58,14,5053,11.706,12.356
FALSE POSITIVE,273.169948,309.84052,2.701,2.83E+02,2.8,6.2,5880,1.65,13.831
CONFIRMED,14.5123622,143.8154,4.163,3.56E+02,2.08,11.8,5094,0.87,15.77
FALSE POSITIVE,1.434200327,132.0647,5.968,3.10E+03,44.76,39.1,6911,1.501,7.899
FALSE POSITIVE,8.653098686,136.657941,3.9071,6.07E+04,77.15,262.6,6911,1.501,7.899
FALSE POSITIVE,2.302365255,132.4231,23.88,6.22E+04,63.06,468.4,5948,1.229,10.691
FALSE POSITIVE,0.575445783,132.0648853,0.8463,2.93E+01,1.3,3.2,6215,2.396,13.022
FALSE POSITIVE,214.715417,275.49823,34.146,5.21E+03,71.79,161.3,5022,5.826,12.391
FALSE POSITIVE,23.0295222,151.14686,7.96,5.48E+02,20.81,27.7,5877,0.959,14.802
FALSE POSITIVE,359.04147,274.206,14.04,3.66E+03,27.1,11.2,4596,0.696,14.96
FALSE POSITIVE,0.52363021,131.7669254,3.45121,3.67E+05,52.26,1948.2,5407,0.745,13.901
FALSE POSITIVE,0.523632451,131.76512,1.99,8.10E+00,1.08,13.9,8277,3.518,10.061
FALSE POSITIVE,492.25299,520.86,5.077,3.73E+02,1.8,11.6,5755,0.936,13.465
FALSE POSITIVE,293.5056071,328.7269,3.4075,6.82E+03,48.59,51,5455,1.006,15.184
FALSE POSITIVE,25.95247,149.0004,12.945,8.08E+01,1.56,16.4,7351,1.679,13.357
FALSE POSITIVE,4.34573349,134.40693,2.246,7.35E+01,0.86,9.7,5967,0.976,13.864
CANDIDATE,288.07937,355.49261,3.161,9.91E+02,3.01,7.6,5825,0.965,15.212
FALSE POSITIVE,484.5833593,569.5386194,3.2,,,,,,13.999
FALSE POSITIVE,288.285213,325.0419,5.343,3.78E+02,2.2,11.5,6171,1.127,12.369
CANDIDATE,198.895864,225.4944,4.193,1.78E+03,3.33,13,5184,0.808,15.805
FALSE POSITIVE,19.93826636,145.9495067,1.77,,,,,,15.986
FALSE POSITIVE,491.08027,202.7762,7.42,3.36E+02,1.86,7.9,5931,0.997,14.427
FALSE POSITIVE,3.350209754,131.838052,4.43333,2.83E+04,1447.13,671.1,6657,1.501,11.494
FALSE POSITIVE,628.592314,270.9081,3.603,3.94E+02,6.99,7.6,5058,3.117,12.275
FALSE POSITIVE,471.37787,365.397,16.91,1.03E+02,1.31,12.2,5831,1.305,11.985
CANDIDATE,52.69092296,138.799777,2.31,,,,,,12.358
FALSE POSITIVE,425.22927,268.3096,6.76,8.29E+02,1.4,6.4,3803,0.492,15.973
CANDIDATE,37.71508287,165.6372891,1.8,,,,,,15.294
CANDIDATE,5.1779065,135.756,5.366,1.30E+02,2.93,9.5,5921,2.589,14.326
CANDIDATE,474.22897,161.0544,13.05,4.75E+02,2,7.2,5818,0.925,15.322
CANDIDATE,371.50631,260.1243,8.854,9.92E+02,2.88,14.1,5696,0.924,15.392
FALSE POSITIVE,606.9148877,132.3897061,5.96,,,,,,13.532
FALSE POSITIVE,5.24331899,132.7859,11.137,1.07E+02,0.83,20.1,5430,0.735,15.196
CONFIRMED,47.0320478,175.473,5.892,3.68E+02,1.98,13.7,5370,1.055,14.904
FALSE POSITIVE,10.31453308,132.53723,3.6641,2.00E+03,29.6,71.6,6335,0.837,15.295
FALSE POSITIVE,15.52861675,145.70184,2.131,5.00E+02,1.96,17.3,5750,0.882,15.598
FALSE POSITIVE,53.50186097,132.211255,5.25334,4.57E+05,55.23,1363.9,5436,0.748,15.929
FALSE POSITIVE,10.69223009,139.953907,5.46939,3.77E+05,65.42,2402,6022,0.941,15.507
FALSE POSITIVE,1.60375114,132.16816,1.498,5.10E+01,0.82,9.4,5818,1.116,13.261
FALSE POSITIVE,15.7397651,132.7942,3.297,2.88E+02,1.18,11.2,4733,0.723,15.281
CANDIDATE,117.2680843,146.7201011,2.2,,,,,,12.501
FALSE POSITIVE,73.3377984,136.58646,9.029,1.15E+05,73.06,155.5,7276,1.321,13.559
FALSE POSITIVE,282.159571,259.9132,5.069,1.96E+02,3.09,14.2,6677,2.108,10.826
FALSE POSITIVE,6.58729511,133.3652,8.3582,1.28E+05,58.09,304.2,5619,1.406,14.035
FALSE POSITIVE,459.23193,192.7716,17.722,4.19E+02,2.64,19.5,6067,1.116,13.469
CANDIDATE,62.312419,146.119,5.561,1.23E+02,6.15,9.1,4999,5.615,13.172
FALSE POSITIVE,25.9493253,155.024,12.17,3.55E+02,1.04,13.1,4835,0.526,15.742
FALSE POSITIVE,212.76701,167.485,12.8,7.43E+01,1.08,6.8,6098,1.245,12.045
FALSE POSITIVE,386.62189,319.129,17.72,1.93E+02,1.44,12.3,6085,1.033,13.262
FALSE POSITIVE,84.644104,132.5301,48.182,5.12E+02,34.61,33.5,5229,15.517,15.359
FALSE POSITIVE,575.95408,188.4547,8.618,1.21E+03,2.92,11.4,5398,0.854,15.843
CANDIDATE,426.942225,485.38171,3.965,1.21E+03,2.32,11.8,5126,0.669,15.218
FALSE POSITIVE,117.844963,229.8693,1.951,1.04E+03,2.52,6.6,5317,0.769,15.844
CANDIDATE,83.499618,163.5093,16.03,5.01E+02,1.72,16.1,5141,0.773,15.726
CANDIDATE,91.507044,184.2723,5.019,5.39E+02,1.43,12.4,5040,0.626,14.969
CANDIDATE,188.664098,154.3037,5.179,9.60E+02,2.02,9.4,4788,0.672,15.545
CANDIDATE,75.636309,131.9468,2.588,1.75E+02,1.32,6,6072,0.994,13.825
FALSE POSITIVE,24.614775,142.51094,2.395,2.29E+02,1.28,10.5,5654,0.849,14.346
FALSE POSITIVE,1.21374744,131.7423095,5.79293,1.85E+05,96.19,8755.2,6791,1.619,10.811
CANDIDATE,492.23808,247.5842,12.53,6.77E+02,2.19,13.2,5609,0.854,15.502
CANDIDATE,198.6004,163.566,3.53,3.01E+02,4.6,9.8,5357,2.522,13.183
FALSE POSITIVE,372.30881,379.1454,3.874,5.35E+02,2.09,14.9,5966,0.904,14.866
FALSE POSITIVE,454.244158,494.92901,3.399,2.41E+02,2.93,9.9,6446,1.874,12.055
FALSE POSITIVE,112.48226,177.56967,1.923,1.96E+02,1.37,5.2,6089,0.95,13.725
FALSE POSITIVE,218.5673401,246.0741577,2.38,,,,,,15.52
FALSE POSITIVE,229.948531,339.4719,1.813,1.54E+02,1.09,6.1,6225,0.861,13.119
FALSE POSITIVE,403.5637828,424.8697825,3.64,,,,,,15.016
FALSE POSITIVE,2.41172358,133.8617,2.6311,3.36E+03,50.53,108.6,6363,1.332,14.777
FALSE POSITIVE,92.9314146,147.8009148,2.35,,,,,,14.844
FALSE POSITIVE,103.2229379,145.1458222,2.63,,,,,,14.125
CANDIDATE,5.71966537,131.78147,3.938,1.91E+01,0.82,11.3,6356,1.865,11.331
FALSE POSITIVE,209.0629928,300.828345,10.0389,2.51E+05,72.26,3295.6,6130,1.024,14.174
CANDIDATE,201.621794,261.7721,3.172,4.80E+02,2.02,6.8,5919,0.923,15.169
FALSE POSITIVE,70.33587975,198.9473258,4.65625,2.44E+04,29.56,2148.6,6081,0.966,11.701
FALSE POSITIVE,591.37382,333.48076,4.35,2.45E+02,2.2,10.7,6609,1.391,12.913
FALSE POSITIVE,559.28332,228.2959,4.245,1.36E+03,2.54,6.7,4386,0.709,15.669
CANDIDATE,24.6777128,136.5139,5.088,1.31E+02,6.04,9,4995,5.058,13.434
CANDIDATE,113.0598007,241.0089927,19.03,,,,,,13.43
FALSE POSITIVE,136.355967,157.0974,3.17,1.65E+02,1.42,6.3,6077,1.058,14.254
CANDIDATE,54.6957124,155.2574,6.89,1.10E+03,3.28,12.4,5299,0.757,13.823
FALSE POSITIVE,532.9307,285.017,3.89,1.81E+02,4.68,5.3,7872,3.373,13.103
CANDIDATE,169.8478774,178.6902845,2.82,,,,,,12.687
CANDIDATE,284.699924,257.6791,3.709,3.71E+02,2,7.6,6054,1.028,14.403
FALSE POSITIVE,171.69799,221.34517,2.904,8.78E+02,39.78,7.7,5033,13.679,13.318
FALSE POSITIVE,444.89411,240.274,7.937,3.63E+02,4.7,13.2,6195,2.439,13.037
CANDIDATE,402.20969,369.5086,5.298,4.73E+02,10.03,9.5,4961,4.649,13.66
FALSE POSITIVE,229.86928,265.1432,12.91,1.66E+03,9.57,10.6,6065,2.344,13.868
FALSE POSITIVE,5.14108479,134.9699,25.93,6.11E+02,25.74,57,5893,0.941,15.525
FALSE POSITIVE,179.2723077,149.1729837,2.21,,,,,,12.752
CANDIDATE,584.55603,388.63685,3.671,3.47E+02,6.69,10,5208,3.62,11.367
FALSE POSITIVE,200.8384998,268.6842367,2.37,,,,,,12.488
FALSE POSITIVE,40.1043796,158.8392,3.471,1.87E+02,1.5,9.2,6174,1.089,14.255
CANDIDATE,70.31252504,178.7486804,13.66,,,,,,14.942
FALSE POSITIVE,30.1146815,158.5292451,5.68713,8.71E+04,56.45,2858.1,6273,1.044,14.482
CANDIDATE,69.775633,147.9367,9.205,1.41E+02,1.19,9.7,6224,0.983,14.333
CANDIDATE,58.5029431,185.75495,1.633,1.17E+02,1.54,7,6525,1.412,13.048
CANDIDATE,415.748785,510.09961,3.313,4.64E+02,3.24,9.2,5324,1.534,14.03
FALSE POSITIVE,36.1826854,144.69811,4.2546,9.47E+03,56.41,124.1,5696,1.321,14.824
CANDIDATE,24.1527864,146.4101,4.451,7.81E+01,0.97,9.3,6223,1.095,13.664
CANDIDATE,11.1734401,142.5962,4.545,6.13E+01,1.4,9,7372,1.752,13.335
FALSE POSITIVE,472.2265706,363.713605,4.8732,1.56E+05,48.18,584.6,5763,0.842,15.911
CANDIDATE,428.379308,522.3881,4.066,3.87E+02,2,7.4,5574,0.953,14.105
FALSE POSITIVE,1.507099289,132.09341,4.8361,1.28E+03,26.56,142.7,5762,0.801,15.542
FALSE POSITIVE,253.652263,230.25666,3.85,2.65E+04,1169.79,59.9,3960,0.537,15.921
CANDIDATE,392.72811,371.411,12.48,5.00E+02,1.85,12,5701,0.815,15.033
FALSE POSITIVE,128.6682529,142.6652144,2.67,,,,,,10.719
FALSE POSITIVE,485.57785,327.5177,6.67,8.53E+02,2.18,5.6,5255,0.727,15.857
CANDIDATE,374.05697,177.0559,22.53,9.61E+02,2.34,20.6,5302,0.771,15.583
FALSE POSITIVE,643.4528,204.0423,9.346,5.85E+02,2.03,10.2,5649,0.845,14.984
CANDIDATE,339.633833,260.9552,8.859,5.18E+02,2.04,12,5823,0.901,14.699
FALSE POSITIVE,1.061934307,131.72622,3.211,2.65E+02,18.7,70.9,5853,0.868,14.286
FALSE POSITIVE,9.5497037,137.5008,1.881,7.07E+02,1.45,12.4,3705,0.569,15.467
CANDIDATE,140.884533,243.1411,10.245,1.58E+02,1.52,16.4,5960,1.213,13.06
FALSE POSITIVE,77.138911,166.5847,7.229,6.03E+02,3.39,19,5778,0.911,14.457
CANDIDATE,100.494129,153.8021,2.679,5.76E+01,1.33,6.9,6018,1.75,11.484
CANDIDATE,182.453195,282.5445,2.721,1.84E+02,1.26,5.2,6164,0.927,13.872
FALSE POSITIVE,0.536551592,132.02205,4.89,1.53E+02,12.88,26.2,6140,1.027,15.668
FALSE POSITIVE,68.54443156,161.4962975,2.05,,,,,,11.197
FALSE POSITIVE,130.110715,165.4972,2.227,2.52E+02,1.32,6.4,5960,0.828,14.241
FALSE POSITIVE,242.484764,367.222,6.451,3.62E+02,1.58,7.6,6068,0.829,14.96
CANDIDATE,383.26217,216.192,4.84,4.48E+02,1.57,11,5074,0.761,14.06
CANDIDATE,178.266978,229.75414,5.276,1.86E+03,3.71,12.5,4899,0.713,15.518
FALSE POSITIVE,385.593209,393.8276,2.799,2.83E+02,2.37,5.6,6205,1.358,13.927
FALSE POSITIVE,215.737826,330.88376,7.257,8.48E+03,8.71,36.8,4889,0.724,15.705
FALSE POSITIVE,507.48249,251.1107,8.19,2.32E+02,1.22,9.7,5227,0.744,12.941
CANDIDATE,30.9771151,145.6475,3.188,1.25E+02,4.3,6.8,5197,3.784,13.785
CANDIDATE,19.11280242,143.6245952,1.58,,,,,,15.952
FALSE POSITIVE,30.2111162,160.3175,4.202,9.26E+01,4.44,6.5,5132,4.732,13.514
CONFIRMED,76.377855,146.3485,4.809,1.10E+04,6.28,38.6,3869,0.584,16.595
FALSE POSITIVE,55.24900733,164.9788729,5.15147,2.06E+05,60.79,3452.5,6063,1.012,14.925
CANDIDATE,14.2673439,133.9655,3.171,2.18E+02,1.21,9,5475,0.837,15.181
FALSE POSITIVE,22.52907,142.2496,1.373,3.27E+02,1.39,4.8,5284,0.769,15.607
FALSE POSITIVE,66.247851,162.2694,4.04,6.66E+02,16.67,8.3,5214,6.519,13.234
FALSE POSITIVE,370.91308,261.1884,17.655,2.70E+02,1.74,17.5,5892,1.054,13.648
CANDIDATE,360.6448526,186.8852982,11.19,,,,,,13.579
FALSE POSITIVE,7.41505161,133.31055,2.061,9.37E+02,91.09,18.3,4989,18.266,13.56
FALSE POSITIVE,2.742590902,132.6997,10.4143,6.80E+05,176.4,682.9,7072,1.705,16.267
CANDIDATE,541.04472,372.4781,12.47,1.82E+02,1.08,8.8,5829,0.802,13.607
CANDIDATE,514.271499,416.76798,3.46,6.89E+02,3.01,9,6343,1.137,14.848
CANDIDATE,571.14302,251.0392,10.06,5.31E+02,2.22,8.5,5751,0.943,14.851
FALSE POSITIVE,216.453511,299.1452,3.321,1.14E+03,2.91,7.5,5385,0.878,15.638
FALSE POSITIVE,37.0488669,142.0283185,2.48,,,,,,14.042
CANDIDATE,540.39267,196.0854,9.233,1.78E+03,3.63,15.1,5693,0.856,15.959
FALSE POSITIVE,542.1615893,428.8111364,8.77,,,,,,14.043
CANDIDATE,190.905243,193.3008,2.529,2.27E+02,1.73,7.4,6098,1.131,13.574
FALSE POSITIVE,11.0153889,140.6804,2.666,3.45E+03,65.27,31.8,5515,1.678,14.333
FALSE POSITIVE,28.34230575,141.4055394,1.65,,,,,,12.74
FALSE POSITIVE,231.521608,341.06653,2.819,4.79E+02,1.96,6.1,5695,0.872,14.821
FALSE POSITIVE,180.890384,162.9617,1.901,2.05E+02,2.47,5.8,7037,1.683,13.61
FALSE POSITIVE,60.0546149,181.8867,3.435,3.26E+02,5.24,11.8,5242,2.917,13.571
CANDIDATE,20.5142642,148.7293,3.524,1.53E+02,1.14,9,5221,0.936,14.9
CANDIDATE,495.854189,241.49594,8.65,5.49E+02,2.41,10.9,5613,1.044,14.712
FALSE POSITIVE,2.037453129,131.5522356,5.43155,3.16E+05,136.3,6944.9,6456,2.056,12.22
CANDIDATE,318.25858,276.1817,4.39,7.56E+02,2.03,6,5108,0.759,15.714
CANDIDATE,184.883155,283.41765,3.025,3.04E+02,2.82,9.9,5620,1.621,13.609
CANDIDATE,11.006795,135.9925,5.112,1.46E+02,1.34,10.9,6091,1.047,15.355
CANDIDATE,177.37583,169.0841,21.14,4.60E+02,1.96,12.4,5849,0.919,15.609
FALSE POSITIVE,35.164087,147.7597,86.05,1.53E+03,62.03,38.3,5485,2.087,13.945
FALSE POSITIVE,107.110035,148.1046554,2.12,,,,,,13.845
CANDIDATE,366.55705,238.1402,11.62,5.83E+02,2.63,10.2,5857,1.1,15.2
FALSE POSITIVE,462.2605215,185.8488415,4.05,,,,,,14.584
CANDIDATE,39.42516213,133.1963483,2.18,,,,,,15.72
CANDIDATE,124.887214,133.7933,8.599,1.77E+02,1.78,13.3,6103,1.234,13.701
FALSE POSITIVE,0.533000886,131.735703,1.54684,4.40E+03,40.94,327.4,5934,1.064,15.042
FALSE POSITIVE,200.3509101,170.6693855,3.78,,,,,,13.782
FALSE POSITIVE,114.3285949,153.6678346,2.64,,,,,,15.094
FALSE POSITIVE,99.97889,186.4888,8.76,1.18E+02,1.84,5.7,5229,1.725,13.255
FALSE POSITIVE,374.71687,505.6954,52.986,1.13E+03,5.56,62.2,5768,1.009,14.012
CANDIDATE,295.958914,138.92548,4.244,4.64E+02,2.1,17.5,5505,0.992,13.344
CANDIDATE,120.938669,246.252,8.818,7.82E+02,2.32,15,5456,0.843,15.54
CANDIDATE,362.22202,385.738,14.29,5.25E+01,0.96,14.6,6113,1.277,11.189
FALSE POSITIVE,42.070868,161.03377,1.293,3.86E+02,1.82,5.7,5197,0.938,14.887
CANDIDATE,631.99116,147.27452,2.99,3.46E+02,1.86,7.2,5594,1.006,13.415
FALSE POSITIVE,401.73243,393.61848,1.535,3.66E+02,2.88,5.8,5938,1.504,13.458
FALSE POSITIVE,428.1186,243.23,6.56,4.44E+02,2.18,7.3,6225,1.031,15.26
FALSE POSITIVE,37.3683802,135.1439,2.8,2.07E+02,10.58,8.8,5101,6.422,12.362
FALSE POSITIVE,615.81928,261.7343,14.93,1.68E+02,1.24,11,6120,0.955,13.027
CANDIDATE,557.92882,210.68,4.788,2.62E+02,2.97,8.1,5553,1.844,13.263
CANDIDATE,77.51257,199.556,3.15,1.51E+03,28199.3,5.8,5261,3.63,15.677
CANDIDATE,46.969389,173.8395,1.944,1.88E+03,7.45,7.1,5401,1.717,16.224
FALSE POSITIVE,0.512581525,131.781117,2.54719,3.84E+05,42.41,1583.7,4612,0.604,14.884
CANDIDATE,206.801125,246.8488,6.6,7.16E+02,24.34,16.7,5048,8.611,11.128
CANDIDATE,14.0019064,136.311,4.257,3.76E+02,17.96,11.6,4883,6.502,13.814
FALSE POSITIVE,1.42796645,132.604851,12.8653,6.01E+03,39.76,347.6,6099,0.919,13.731
CANDIDATE,525.757041,306.89848,4.995,8.30E+02,11.07,14.4,5277,3.931,14.519
CANDIDATE,313.82752,166.4928,4.187,1.68E+02,1.26,8.7,5914,0.973,12.355
CANDIDATE,236.0979985,210.0045018,3.65,,,,,,14.466
FALSE POSITIVE,70.61977122,139.6638405,2.09,,,,,,15.341
FALSE POSITIVE,216.1091085,150.9246541,3.95,,,,,,13.771
CANDIDATE,425.593391,225.3273,3.815,2.38E+02,2.25,6.5,5458,1.441,13.766
FALSE POSITIVE,44.51439331,172.4645281,1.55,,,,,,14.424
CANDIDATE,43.08410127,163.7383276,1.38,,,,,,13.782
FALSE POSITIVE,230.8040157,231.8142184,3.57,,,,,,15.673
CANDIDATE,237.819002,320.1617,11.324,6.14E+02,2.55,15.4,5878,1.035,14.573
CANDIDATE,581.87357,389.8661,14.64,9.06E+02,2.96,12.5,5897,0.992,15.738
CANDIDATE,15.9961296,138.93316,1.656,5.01E+02,1.71,10.7,4949,0.777,15.951
FALSE POSITIVE,28.29720723,137.2347229,3.94247,2.32E+04,54.15,2360.6,6327,1.151,12.796
CANDIDATE,213.633124,161.1886697,2.54,,,,,,13.885
FALSE POSITIVE,412.227551,380.0972,4.303,8.20E+02,21.53,9,5079,7.684,13.926
FALSE POSITIVE,586.63177,227.5013,7.299,2.00E+02,1.18,8.4,5228,0.854,13.416
FALSE POSITIVE,364.95068,183.717,0.636,8.24E+02,3.69,5.8,5574,0.884,12.975
FALSE POSITIVE,44.36123319,145.3581805,2.49,,,,,,15.621
FALSE POSITIVE,438.00974,358.2924,11.46,7.92E+01,0.73,8.6,5260,0.717,11.504
CANDIDATE,7.62210397,138.65231,1.902,1.46E+02,3.8,9.2,5222,3.162,13.629
FALSE POSITIVE,3.479508244,133.389072,3.9097,3.00E+03,444.46,195.7,4630,12.623,10.565
FALSE POSITIVE,406.29695,404.6352,5.32,1.37E+02,1.85,10.7,6031,1.566,12.011
CANDIDATE,0.9886684,131.99354,2.023,1.27E+02,3.18,8.7,6456,2.773,12.551
FALSE POSITIVE,3.34465934,134.7267,10.796,5.76E+01,1.17,24.3,5966,1.551,13.596
FALSE POSITIVE,513.14417,359.6183,14.13,2.24E+02,1.3,7.9,5709,0.837,14.334
CANDIDATE,14.5555096,132.8686,2.07,7.25E+02,2.03,8.1,5176,0.738,16.897
CANDIDATE,114.12716,226.87991,1.719,9.74E+02,2.76,6.3,4816,0.823,15.983
CANDIDATE,17.0497376,146.73363,3.271,4.79E+02,45.89,6.4,5039,14.954,13.582
FALSE POSITIVE,13.0366377,138.22895,3.184,1.55E+02,2.23,15.4,6084,1.677,13.543
CANDIDATE,2.64181261,132.53192,2.127,7.00E+01,0.59,12.7,4147,0.683,14.137
FALSE POSITIVE,270.98477,279.048,6.718,1.39E+04,11761.1,10.7,11068,1.555,14.977
CANDIDATE,583.8531,362.1416,5.09,4.91E+02,1.97,5.4,5591,0.86,14.857
CANDIDATE,72.782432,188.2117,3.726,2.46E+02,11.19,8.5,5099,7.317,13.628
CANDIDATE,10.55224191,132.652083,2.7355,9.54E+02,1.75,12.3,4031,0.585,15.712
FALSE POSITIVE,2.74703312,131.79105,2.655,1.52E+02,61.97,23.1,8237,3.134,12.597
CANDIDATE,440.171272,470.35369,12.217,7.84E+02,5.97,38,6261,1.679,13.014
CANDIDATE,37.537859,159.7364,6.513,2.69E+02,1.77,8.2,6095,1.082,15.769
CANDIDATE,474.96952,281.948,4.58,5.95E+02,2.44,6.4,6287,0.962,15.087
FALSE POSITIVE,0.864651455,131.69239,3.461,6.77E+01,0.69,16.5,5587,0.851,14.901
CANDIDATE,74.624063,194.3704,8.881,3.47E+02,1.75,11,6187,0.937,15.335
FALSE POSITIVE,25.4805211,145.4404,10.701,1.59E+02,1.25,17.7,6250,0.986,13.181
FALSE POSITIVE,512.11636,403.34,9.557,3.15E+02,1.47,10.9,5492,0.812,13.8
FALSE POSITIVE,348.61891,227.3466,3.567,6.89E+02,2.4,5.8,5911,0.914,15.306
FALSE POSITIVE,368.70839,232.613,6.08,9.57E+02,2.87,12.2,6409,0.887,15.417
FALSE POSITIVE,7.1091096,133.4379,10.67,1.57E+02,1.08,13,5665,0.82,15.71
CANDIDATE,416.9504,227.392,4.026,4.80E+02,7.35,6.9,5751,2.611,12.692
FALSE POSITIVE,397.3958488,374.57082,6.1014,2.98E+04,64.56,395.7,5544,1.362,14.857
CONFIRMED,62.134919,154.0853,8.711,1.48E+02,6.71,10.6,5889,4.912,13.435
FALSE POSITIVE,1.667482003,133.17729,1.5931,5.46E+02,15.15,50.2,4678,6.72,12.882
CANDIDATE,574.65297,365.2946,4.37,7.25E+02,2.28,7.4,5596,0.821,14.789
FALSE POSITIVE,5.29730786,135.55681,4.02,1.91E+02,1.49,13.1,5780,1,10.25
CANDIDATE,21.9578446,135.06742,1.038,9.66E+01,0.78,6.7,5192,0.802,13.596
FALSE POSITIVE,77.395279,165.805,5.26,4.37E+02,6.16,7.9,5158,2.995,13.774
CANDIDATE,373.41509,346.9457,6.617,1.81E+03,2.55,10,4236,0.612,15.85
FALSE POSITIVE,612.882452,274.9048,2.024,6.31E+02,2.42,7.5,6029,0.956,14.453
CANDIDATE,107.904526,159.9493,2.053,2.49E+02,1.26,6.1,5565,0.802,14.295
FALSE POSITIVE,11.03571773,137.28413,5.62958,1.45E+05,70.42,959.6,6201,1.23,14.916
FALSE POSITIVE,42.093314,141.1113,4.649,8.86E+02,2.19,7.4,4885,0.763,16.523
FALSE POSITIVE,274.1085925,182.1603339,6.59,,,,,,15.496
CANDIDATE,282.029084,170.69,4.686,3.13E+02,2.33,8.1,6886,1.287,13.49
FALSE POSITIVE,339.18109,415.078,5.34,1.58E+02,1.7,11.5,6407,1.344,12.637
FALSE POSITIVE,3.55650976,133.5221921,12.7364,6.87E+05,283.93,3867.7,8105,2.433,11.882
CANDIDATE,3.1318392,132.123,1.632,1.60E+02,1.5,6,6070,1.159,14.122
FALSE POSITIVE,38.27772448,157.8294108,1.73,,,,,,14.293
FALSE POSITIVE,25.28523234,135.9662009,4.76313,6.30E+04,69.68,5902.4,6486,1.136,12.138
CANDIDATE,207.767894,224.425,5.21,3.21E+02,3.52,7.7,5210,1.849,13.744
CANDIDATE,82.508054,162.3992,3.806,3.52E+02,14.04,11.4,4986,7.733,12.594
CANDIDATE,113.083522,217.1521,10.315,1.31E+02,1.59,13,5903,1.4,13.336
FALSE POSITIVE,1.23138339,131.7865,3.943,7.27E+01,0.82,21,5791,0.958,14.804
CANDIDATE,381.37504,490.55,16.57,2.87E+02,1.24,11.8,5513,0.729,14.182
FALSE POSITIVE,322.5566305,321.7790604,3.74,,,,,,12.75
FALSE POSITIVE,7.2269859,136.1514,14.241,1.60E+02,0.79,26.2,4347,0.609,14.941
FALSE POSITIVE,0.762724045,131.650802,1.98818,9.78E+03,41.02,451.7,5313,0.976,14.5
FALSE POSITIVE,206.7642577,325.9501578,2.57,,,,,,15.996
CANDIDATE,529.39169,387.3915,10.869,3.20E+02,4.4,12.1,5283,2.504,13.156
FALSE POSITIVE,362.49906,404.3391,12.17,5.23E+02,2.51,10.3,6043,1.065,15.259
FALSE POSITIVE,190.65896,164.9278,35.472,5.53E+02,2.54,18.3,5508,0.835,15.043
CONFIRMED,509.997402,276.73122,8.481,1.27E+03,2.62,35.3,5037,0.756,14.15
FALSE POSITIVE,1.50650036,132.9895,2.762,4.54E+01,0.81,15,6201,1.126,13.912
FALSE POSITIVE,194.4873221,155.0535312,3.6,,,,,,13.989
CANDIDATE,495.51899,452.8313,3.592,2.98E+02,2.94,6.6,6043,1.634,13.5
CANDIDATE,388.048463,295.8353,3.456,1.50E+02,3,8.3,5779,2.46,11.084
CANDIDATE,34.0269868,164.79638,1.586,3.62E+02,1.57,6.2,4999,0.801,15.592
CANDIDATE,173.219879,201.2993,1.875,2.40E+02,2.41,5.7,6007,1.518,13.957
CONFIRMED,374.878133,491.064,10.556,9.15E+02,4.27,21.9,5636,1.354,14.508
FALSE POSITIVE,5.2362026,133.7395,3.148,2.02E+03,75.83,28.2,6176,1.631,14.786
FALSE POSITIVE,48.55059299,148.6714009,1.79,,,,,,15.227
CANDIDATE,511.882,533.7435,4.822,6.10E+02,2.56,6.5,6141,1.007,15.462
FALSE POSITIVE,247.372131,277.35008,3.271,5.13E+02,2.47,12.4,5780,1,13.359
CANDIDATE,96.16705,134.6749,2.775,2.71E+02,1.15,7.2,5147,0.716,13.419
FALSE POSITIVE,95.254421,181.4574,3.379,4.65E+02,2.2,6.1,6063,1.012,15.833
CONFIRMED,425.483539,149.0438,17.856,9.97E+02,3.2,19.6,5977,1.022,15.807
CANDIDATE,208.800733,328.6955,1.964,5.94E+02,2.88,4.9,6208,1.168,15.239
FALSE POSITIVE,7.863361238,131.685485,3.42771,1.82E+04,22.7,723.3,5615,1.4,12.524
FALSE POSITIVE,120.169838,222.0869054,3.19,,,,,,12.138
CANDIDATE,113.7136303,179.5299204,2.45,,,,,,15.499
CANDIDATE,17.634272,133.29332,1.387,7.67E+01,1.69,9.7,4885,1.979,12.31
FALSE POSITIVE,0.745086745,131.82655,4.29,2.70E+02,1.29,61.4,5325,0.75,15.489
FALSE POSITIVE,247.4772431,195.2104849,7.6,,,,,,15.78
CANDIDATE,208.047137,321.9021,3.22,2.88E+02,2.05,6.9,5991,1.2,13.934
CANDIDATE,30.561533,136.05488,2.227,5.86E+02,1.53,6.9,4294,0.664,15.871
CONFIRMED,6.10968225,133.80253,5.735,6.03E+01,0.79,18.6,6024,1.009,13.328
CANDIDATE,292.09809,324.4378,14.43,5.29E+02,2.09,11.4,5955,0.883,15.003
FALSE POSITIVE,11.8045536,141.8433,3.195,1.29E+02,0.94,7,4971,0.857,14.274
CANDIDATE,578.21623,347.643,2.707,1.21E+02,3.54,3.5,5166,3.244,11.619
CANDIDATE,56.648588,168.47002,4.534,6.49E+02,2.19,11.8,5023,0.782,15.602
CANDIDATE,53.554546,160.3983,5.533,1.28E+02,3.1,8.9,6039,2.622,11.47
FALSE POSITIVE,3.1748772,133.7621,7.089,1.74E+03,8.8,98.6,5116,1.619,14.395
CANDIDATE,119.079642,134.0349,16.268,4.23E+02,17.89,18,4849,8.984,13.468
FALSE POSITIVE,371.18648,260.7045,19.929,3.18E+02,2.06,18.1,6231,1.152,13.937
CANDIDATE,20.5858591,140.6753,3.069,2.60E+02,1.31,6.6,5523,0.753,15.306
FALSE POSITIVE,10.90962154,135.36692,17.8024,5.00E+05,149.1,2345.1,5323,2.064,14.096
CANDIDATE,113.573945,216.47178,3.007,2.50E+02,3.45,7.8,5155,2.233,12.397
FALSE POSITIVE,27.0779813,135.6789,138.54,3.48E+02,2.03,139.4,5906,0.85,14.17
FALSE POSITIVE,1.827660875,132.821298,3.986,4.67E+04,42.1,890.3,6352,1.072,14.268
CANDIDATE,542.91133,409.6919,15.9,7.50E+02,2.27,13.1,5583,0.824,15.373
FALSE POSITIVE,376.554588,247.6177,3.182,4.81E+02,2,5.4,5926,0.913,14.694
FALSE POSITIVE,538.4263,154.9034,12.751,2.42E+02,3.2,16.2,5962,2.028,12.099
FALSE POSITIVE,94.20561159,169.2951411,6.62,,,,,,11.613
FALSE POSITIVE,378.7064396,470.6725521,14.66,,,,,,15.658
FALSE POSITIVE,78.4286313,169.312404,3.7368,8.33E+04,85.77,112.6,5780,1,15.069
CANDIDATE,287.75613,385.4564,5.487,1.99E+03,3.4,6.6,4965,0.781,16.925
FALSE POSITIVE,2.53021,132.0918,21.79,3.68E+02,41.44,24.2,5780,1.296,12.294
FALSE POSITIVE,2.249000963,132.651415,9.6022,5.88E+04,59.61,1159.5,6025,2.293,12.502
CANDIDATE,189.961729,288.3907,12.46,7.00E+02,1.93,11.9,5335,0.742,15.713
FALSE POSITIVE,121.6238738,207.4934505,2.73,,,,,,12.209
CANDIDATE,202.1872277,174.3624491,2.77,,,,,,13.762
CANDIDATE,280.9207069,154.8994005,3.48,,,,,,15.261
FALSE POSITIVE,432.074696,481.2681,4.763,1.09E+03,2.39,7.6,5183,0.739,15.214
CANDIDATE,169.415073,283.3498,3.884,2.40E+02,2.32,9.8,6362,1.378,12.427
FALSE POSITIVE,460.77905,533.8441,15.541,2.39E+02,4.24,12.7,6126,2.717,13.462
FALSE POSITIVE,3.21318517,132.044475,15.47,2.05E+03,8.24,662.9,6712,1.513,12.52
CANDIDATE,57.7749373,154.2915,4.731,2.84E+02,1.85,10.4,6277,1.097,14.753
FALSE POSITIVE,331.7824813,431.8146374,4.94,,,,,,13.789
FALSE POSITIVE,1.20608769,132.0861,2.2272,1.66E+03,44.46,66.9,5657,1.355,14.252
FALSE POSITIVE,613.82905,263.471,18.18,1.48E+02,2.85,10.2,5636,2.357,13.016
FALSE POSITIVE,476.80454,158.1644,10.65,1.44E+02,1.12,5.7,5806,0.901,13.879
CONFIRMED,4.09513876,131.67784,2.462,1.82E+02,1.75,11.6,5858,0.963,15.524
CANDIDATE,502.8356901,234.1810504,9.97,,,,,,15.195
CANDIDATE,81.704814,151.4216,1.468,2.97E+02,1.65,5.8,6099,0.95,14.794
FALSE POSITIVE,0.779615874,131.68006,3.932,8.15E+01,0.83,22,5764,0.863,15.292
CANDIDATE,578.21805,273.3259,4.18,6.37E+02,2.44,5.3,6089,0.95,15.584
CANDIDATE,317.009388,183.1035,3.013,3.27E+02,4.03,7.5,5066,2.27,13.555
CANDIDATE,482.51701,276.2043,14.791,5.73E+02,2.3,10.3,6168,0.96,15.054
FALSE POSITIVE,224.469892,230.1638,2.952,4.59E+02,2.35,5.5,5911,1.091,14.918
FALSE POSITIVE,113.556471,186.2321,2.383,2.79E+02,6.76,7.6,4842,4.164,13.316
FALSE POSITIVE,208.02789,324.5074,10.82,2.55E+02,1.04,8.8,4285,0.632,14.487
FALSE POSITIVE,308.024953,159.18628,2.665,3.53E+02,3.55,10.2,5220,1.887,11.879
CANDIDATE,7.77710639,133.86539,3.418,7.74E+01,0.73,10.6,5073,0.851,13.725
FALSE POSITIVE,1.33261458,132.0098,5.161,1.34E+03,3.65,17.5,4611,0.76,17.511
CANDIDATE,233.64574,297.494,10.05,2.27E+03,5.2,7.6,5780,1,17.106
CANDIDATE,27.285315,153.656,7.47,3.97E+02,2.19,9.6,6304,1.094,14.71
FALSE POSITIVE,105.895315,231.4441,2.581,1.23E+03,2.69,7,5271,0.781,15.979
FALSE POSITIVE,61.224558,181.701,4.103,5.44E+02,2.76,9.7,6343,1.14,15.873
FALSE POSITIVE,28.50787754,132.793009,3.13331,2.44E+04,27.79,449,6131,0.945,14.876
FALSE POSITIVE,444.46522,389.693,0.767,4.08E+03,30.17,9,5134,0.746,15.466
FALSE POSITIVE,8.48039,135.853,6.134,1.34E+02,1.23,12,6193,1.067,14.863
CANDIDATE,445.351255,558.63755,6.516,4.20E+02,3.66,10.6,7202,1.755,13.735
FALSE POSITIVE,72.0153825,168.8166,2.548,1.78E+02,6.94,6.8,5099,5.032,11.888
FALSE POSITIVE,21.12752693,142.67722,2.253,5.18E+01,20.93,18.4,4024,30.882,8.789
FALSE POSITIVE,23.9341825,145.76028,1.607,2.28E+02,1.03,6.5,4415,0.715,14.869
FALSE POSITIVE,87.775799,183.4282,1.862,4.50E+02,2.44,6.3,5604,1.025,15.429
FALSE POSITIVE,65.67350728,189.2618327,2.73,,,,,,15.528
FALSE POSITIVE,222.0640988,339.0218658,2.89,,,,,,14.017
FALSE POSITIVE,35.88227289,165.5325652,3.95004,1.01E+05,35.21,3096.9,5840,0.812,14.295
FALSE POSITIVE,8.780603773,137.923785,3.16989,9.00E+04,52.34,1406.9,5487,0.832,15.674
CANDIDATE,97.5137491,156.92462,2.655,2.80E+02,5.27,9.1,5437,3.18,12.603
CANDIDATE,549.42772,132.9476,6.09,7.19E+02,2.64,12.1,5957,0.971,14.654
CANDIDATE,284.666844,322.5718,2.752,4.18E+02,8.98,5.6,5248,4.413,13.761
CONFIRMED,224.150923,341.02756,12.455,3.49E+02,2.41,34.2,6072,1.286,13.093
CANDIDATE,148.179343,202.2788,12.733,4.67E+02,2.52,12.5,5635,1.183,15.563
FALSE POSITIVE,551.49832,387.3411,40.92,1.87E+03,4.89,37,5926,0.887,15.536
FALSE POSITIVE,351.2878737,207.294303,11.2066,1.35E+05,38.47,1002.8,5911,0.914,15.703
CANDIDATE,376.934014,267.4192,4.28,3.82E+02,2.13,6.1,6074,1.034,13.797
FALSE POSITIVE,46.50446209,142.7268259,1.37,,,,,,15.682
CANDIDATE,17.168095,134.637329,13.04,1.43E+02,4.81,8.1,5053,1.907,14.498
FALSE POSITIVE,124.091252,135.5509,2.172,2.81E+02,1.3,5.7,5275,0.792,14.152
CANDIDATE,403.163148,434.7531,5.735,6.81E+02,2.49,12.1,5812,0.963,14.624
CANDIDATE,341.557931,244.88596,3.365,4.33E+02,6.81,9.6,5138,3.098,12.472
CANDIDATE,476.91977,390.4731,5.07,1.94E+02,2.49,7.4,6282,1.725,12.952
CANDIDATE,9.011888,138.658,4.167,9.88E+02,7.04,15.5,5627,1.735,14.321
CANDIDATE,351.25069,226.8377,3.648,1.32E+03,2.23,6.5,4828,0.63,15.806
FALSE POSITIVE,212.771978,328.1461,2.115,1.24E+03,2.84,6.9,5122,0.824,15.788
CANDIDATE,65.3558881,154.47727,2.165,1.16E+03,2.61,9.6,4703,0.764,15.676
FALSE POSITIVE,18.0766788,146.25271,3.06,2.88E+04,19.47,26.6,5780,1,16.667
FALSE POSITIVE,1.33255577,132.0672,4.282,1.27E+02,0.97,15.4,5122,0.881,15.916
FALSE POSITIVE,1.33259275,132.01197,4.014,7.91E+01,0.97,15.9,6091,0.967,15.3
FALSE POSITIVE,36.6092739,138.77398,1.835,1.10E+03,52.42,7.6,4770,16.114,13.823
CANDIDATE,39.399926,160.2611,5.729,3.41E+02,1.52,9.4,5913,0.795,15.453
CANDIDATE,270.1430241,210.960799,6.32,,,,,,15.059
FALSE POSITIVE,0.812592362,131.55642,1.5646,6.95E+03,25.84,226.6,7117,1.64,14.235
FALSE POSITIVE,81.871309,169.94965,1.606,9.82E+01,1.12,5.4,6343,1.115,12.869
FALSE POSITIVE,0.566805859,131.80997,3.835,6.11E+01,1.25,21.5,6413,1.494,13.857
FALSE POSITIVE,326.3659519,253.1342058,3.75,,,,,,14.983
FALSE POSITIVE,520.58269,221.425,2.264,3.48E+02,1.94,6,6210,1.033,14.027
CANDIDATE,126.586058,222.9909,5.41,1.25E+02,1.54,10.5,6611,1.249,12.968
CANDIDATE,2.7200197,133.3342,1.874,8.69E+02,1.53,8.5,3939,0.527,16.56
CANDIDATE,18.347081,145.001,2.825,1.13E+03,5.65,11.6,5465,1.702,14.261
CANDIDATE,57.140035,145.8694,5.684,1.57E+03,5.78,7.2,5936,1.46,16.558
FALSE POSITIVE,0.718643659,131.889141,2.51246,1.25E+05,50.85,575,5853,0.934,15.121
CANDIDATE,31.70757465,138.2539898,7.6771,7.87E+02,2.96,5.5,5861,0.865,15.197
FALSE POSITIVE,17.94632811,136.9472719,8.15905,1.03E+05,66.65,3497.6,5228,1.722,14.933
FALSE POSITIVE,204.818268,209.59041,1.93,3.04E+02,5.18,5.4,6060,2.93,11.784
CANDIDATE,9.3589254,133.482,3.169,1.53E+03,17.37,8.9,5188,4.521,17.054
CANDIDATE,4.15472242,132.61089,1.791,2.24E+03,23.47,19.7,6996,3.359,12.572
FALSE POSITIVE,23.81490574,135.92167,1.9948,7.92E+04,63.1,444.4,5421,1.89,14.488
FALSE POSITIVE,1.3274511,131.59052,3.465,1.24E+02,0.66,16.6,4137,0.61,15.158
CANDIDATE,87.565484,134.2932,2.527,3.96E+02,2.12,6.7,6064,1.069,15.212
CANDIDATE,535.1515,477.1303,2.826,3.62E+02,2.7,8.6,5468,1.423,12.706
CANDIDATE,495.40462,241,0.63,9.04E+02,152.21,5.5,6225,1.031,13.825
FALSE POSITIVE,209.238576,321.1236,2.245,1.55E+02,1.43,5.4,6302,1.135,13.564
CANDIDATE,353.65927,482.263,4.543,1.02E+03,2.58,7.5,5438,0.82,15.871
CANDIDATE,346.4174,460.5646,9.23,6.62E+02,2.41,7.9,5754,0.946,15.612
FALSE POSITIVE,1.166835206,131.912321,2.17596,1.55E+04,96.28,388.6,8982,2.123,14.99
FALSE POSITIVE,230.7057888,260.3639847,2.69,,,,,,14.626
FALSE POSITIVE,4.99471597,136.1833,3.44,5.30E+01,2.2,14.1,6409,2.83,13.352
CANDIDATE,161.651504,289.32322,2.509,2.54E+02,2.22,8.4,5725,1.289,13.756
CANDIDATE,376.24253,392.8316,4.064,1.86E+02,1.32,6.3,5916,0.96,13.772
FALSE POSITIVE,27.65960779,141.2478883,4.16321,3.18E+05,50.7,4791,5310,0.768,14.706
FALSE POSITIVE,476.727302,496.4298,9.327,1.04E+03,23.42,17.9,5068,7.417,13.587
CANDIDATE,21.7997515,144.3188,4.756,1.10E+02,1.01,8.7,6122,0.964,14.82
CANDIDATE,54.595746,156.83764,2.21,1.36E+02,2,8.7,6014,1.699,13.67
FALSE POSITIVE,22.0495604,133.82677,3.428,1.35E+02,1.9,15.4,6821,1.548,13.454
FALSE POSITIVE,150.7003939,278.5397643,2.82,,,,,,15.396
FALSE POSITIVE,44.48477463,142.9633835,1.67,,,,,,15.179
FALSE POSITIVE,93.6452481,157.28348,2.12,,,,,,15.854
CANDIDATE,585.64118,248.4981,13.97,5.65E+02,2.2,12.5,5779,0.901,14.644
FALSE POSITIVE,574.69029,392.483,4.269,2.77E+02,1.26,7.2,5503,0.764,13.873
CANDIDATE,502.9828392,283.5049194,2.94,,,,,,14.03
CANDIDATE,48.8130123,157.60638,1.538,7.02E+02,2.95,8.8,6202,1.11,15.861
FALSE POSITIVE,280.1604956,286.93817,2.8637,1.29E+04,19.25,54.5,5387,0.799,15.884
FALSE POSITIVE,370.46262,261.4078,9.541,3.48E+02,2.03,12.1,6295,1.08,13.84
FALSE POSITIVE,116.301793,168.3304,2.253,6.49E+02,2.18,6.3,5593,0.842,15.503
FALSE POSITIVE,480.19416,257.1738,10.76,3.72E+02,1.79,9.1,6072,0.923,14.382
FALSE POSITIVE,368.49828,233.4248,14.903,5.82E+02,1.86,18,5255,0.783,14.697
FALSE POSITIVE,6.993576155,131.988507,21.2695,2.92E+03,101.15,643.3,6565,2.467,12.594
FALSE POSITIVE,223.5213173,185.1827031,3.27,,,,,,13.658
FALSE POSITIVE,1.811461128,132.9324534,8.42343,9.22E+05,373.77,3934.3,8572,3.034,13.947
FALSE POSITIVE,2.17491508,131.93954,8.4418,6.35E+05,193.73,1572,6792,1.636,14.281
CANDIDATE,441.61919,348.5033,5.372,8.20E+02,1.71,7.8,4351,0.592,14.497
FALSE POSITIVE,24.5002702,154.6193,4.079,1.54E+02,0.73,13.3,4519,0.597,13.511
CANDIDATE,318.49078,167.0042,3.012,6.30E+02,3.01,6.3,6026,1.176,14.582
FALSE POSITIVE,2.16402661,133.5762679,2.78,,,,,,15.09
FALSE POSITIVE,392.8927563,436.2879702,4.93,,,,,,13.802
FALSE POSITIVE,114.734287,231.5017,3.724,2.43E+02,1.1,6.7,5083,0.71,14.259
CANDIDATE,362.0619,154.1605,14.02,8.86E+02,2.12,13.5,5271,0.698,15.766
FALSE POSITIVE,1.340649911,132.05521,5.0912,6.28E+05,127.25,791,6332,1.222,14.558
FALSE POSITIVE,30.69537638,155.71927,5.6634,1.99E+04,19.39,186.8,6185,1.192,15.496
FALSE POSITIVE,30.69533113,155.7207691,5.94855,8.88E+04,69.4,7846.3,6335,1.286,12.508
CANDIDATE,11.37444271,142.4558524,2.30694,2.79E+04,22.86,643.6,5297,0.808,14.585
FALSE POSITIVE,49.873958,167.55502,1.351,5.62E+02,1.5,5.7,4979,0.629,15.518
CANDIDATE,411.447056,522.27374,3.481,2.85E+02,2.86,7.3,6519,1.672,13.81
CANDIDATE,29.9371143,145.1081,4.435,1.94E+02,1.19,11.6,5115,0.866,14.489
FALSE POSITIVE,114.2504149,235.8523992,2.11,,,,,,15.872
CANDIDATE,651.358046,213.18162,4.384,5.71E+02,14.58,11,5122,6.261,12.888
FALSE POSITIVE,407.97623,378.6999,14.69,2.38E+02,4.63,11.2,7612,2.968,12.234
CANDIDATE,33.3037881,149.4642,3.003,2.72E+02,1.14,8.1,4899,0.713,14.733
CANDIDATE,212.60398,213.4113,5.74,1.89E+02,1.64,7.1,5834,1.207,14.01
CANDIDATE,50.550788,131.5846,2.353,1.55E+02,5,7.9,5031,3.859,11.509
FALSE POSITIVE,239.2557898,133.1367334,5.21,,,,,,13.816
CANDIDATE,285.374561,311.29883,4.865,4.82E+02,5.94,13.7,5142,2.756,13.863
FALSE POSITIVE,6.279888981,135.296067,5.5086,1.51E+03,196.78,150.5,5057,6.222,13.285
FALSE POSITIVE,37.47695717,150.6694873,1.46,,,,,,14.508
CANDIDATE,93.359737,155.8348,5.397,3.83E+01,1.05,8.1,6809,1.673,10.926
FALSE POSITIVE,519.8022187,462.625278,14.9678,7.72E+04,40.88,2502.9,5310,1.03,12.651
CANDIDATE,122.58481,178.4735,22.37,3.19E+02,1.19,7.6,5003,0.669,15.443
CANDIDATE,84.934357,157.8966,3.169,1.30E+02,1.6,5.9,6290,1.395,13.67
FALSE POSITIVE,48.9200563,163.9628,2.295,3.34E+02,1.71,7,5375,0.899,14.981
CANDIDATE,421.98194,226.9386,13.799,1.73E+02,2.02,15,6760,1.515,12.338
CONFIRMED,469.61309,422.5089,13.709,1.23E+03,3.24,18.2,5474,0.763,15.696
FALSE POSITIVE,583.73632,174.6085,15.75,3.39E+02,2.65,11.4,6003,1.442,14.495
FALSE POSITIVE,502.658,174.6294,19.51,2.16E+02,0.69,10,3754,0.473,13.676
CANDIDATE,116.454312,161.9891,15.826,2.13E+03,3.33,30,5197,0.736,16.017
CANDIDATE,397.499229,418.76194,8.019,2.63E+03,6.57,34.8,6423,1.231,15.312
FALSE POSITIVE,243.954706,221.2717,2.562,2.92E+02,1.35,5.2,5578,0.794,14.43
CANDIDATE,24.9093027,155.3824,3.8,3.33E+02,1.32,10.4,4810,0.685,15.712
CANDIDATE,192.138741,269.2098,3.218,1.51E+02,1.93,8.2,6065,1.569,12.534
CANDIDATE,281.95332,231.2826,2.756,1.04E+03,2.31,7.6,4864,0.692,15.399
FALSE POSITIVE,12.71368909,136.9328,1.875,1.92E+02,1.09,9.8,5715,0.782,15.127
FALSE POSITIVE,25.26363805,139.3088062,2.72,,,,,,12.231
FALSE POSITIVE,1.391716834,132.09937,1.421,4.10E+01,36.19,9.7,3749,59.684,13.71
FALSE POSITIVE,70.51623381,142.8575773,4.09296,3.30E+05,52.74,3168.8,5511,0.789,15.284
FALSE POSITIVE,2.645596805,133.705953,2.9095,1.27E+03,167.05,166.8,4980,5.443,12.375
CANDIDATE,388.67155,211.0496,11.701,3.71E+02,1.49,10.1,5354,0.788,14.829
FALSE POSITIVE,105.6327297,229.1273427,2.73,,,,,,13.568
FALSE POSITIVE,274.553579,158.0863,5.95,2.18E+02,1.66,6.7,6267,1.118,13.715
FALSE POSITIVE,251.0230401,194.2011858,3.11,,,,,,13.439
FALSE POSITIVE,1.80774253,132.9483,2.637,5.93E+02,5.29,15.1,5164,1.779,15.651
CANDIDATE,520.655224,160.5611,12.94,3.15E+02,7.58,14.4,5227,4.313,12.518
CANDIDATE,369.93355,175.282,7.6,9.95E+02,3.24,15.8,6158,1.024,15.524
FALSE POSITIVE,28.7369766,153.842,1.586,5.25E+02,1.95,5.5,5722,0.854,15.642
FALSE POSITIVE,2.45649061,133.21452,2.844,2.88E+02,14.14,21,4870,8.531,10.45
FALSE POSITIVE,98.51783198,173.7083904,1.65,,,,,,14.037
FALSE POSITIVE,457.513348,138.6556,5.763,5.63E+02,25.18,3.9,5047,7.821,13.853
FALSE POSITIVE,224.0258992,335.8214821,2.93,,,,,,15.496
FALSE POSITIVE,323.77153,191.0744,17.57,3.54E+02,1.44,10.6,5196,0.784,14.458
CANDIDATE,641.60204,170.8404,16.762,2.37E+02,1.61,10.6,6277,1.031,14.152
FALSE POSITIVE,40.0389613,156.35794,1.711,1.09E+02,0.95,5.7,5701,0.903,13.699
FALSE POSITIVE,22.57197263,145.0344991,4.00349,7.93E+04,46.14,1040.1,5645,0.871,15.45
CANDIDATE,28.406342,133.0507,2.598,2.24E+02,1.41,5.4,6085,0.936,15.423
FALSE POSITIVE,1.018861199,132.07252,6.5005,2.91E+05,93.47,911.3,6225,1.672,14.039
FALSE POSITIVE,80.519237,164.0077,4.044,9.25E+01,1.08,7.2,6251,1.119,12.725
FALSE POSITIVE,149.356804,278.1387,15.415,1.72E+02,2.92,14,6569,2.203,13.825
CANDIDATE,264.466625,134.96749,6.371,4.37E+02,2.61,27,6551,1.236,11.154
CANDIDATE,151.77884,204.5209,2.615,1.90E+02,4.35,8.2,6328,3.134,11.141
FALSE POSITIVE,50.47759052,141.7787075,2.02,,,,,,12.909
CANDIDATE,113.993156,171.1834,7.721,6.97E+01,2.23,15.6,7892,2.496,11.176
FALSE POSITIVE,2.79123954,131.94858,2.843,1.55E+02,2.22,25.3,6407,1.668,13.116
FALSE POSITIVE,223.3176922,233.6828323,3.54,,,,,,13.705
FALSE POSITIVE,44.637111,157.2998,5.868,2.83E+02,1.28,9.4,5222,0.78,15.292
CANDIDATE,102.493119,166.0094,2.814,6.36E+02,2.7,8.3,5166,0.791,15.142
CANDIDATE,284.9421278,359.5238684,3.2,,,,,,13.248
FALSE POSITIVE,365.620697,238.984,32.263,2.72E+04,12.75,671.1,5273,0.768,14.622
CANDIDATE,6.13292733,131.9926,1.561,5.87E+01,1.56,10,5877,2.034,13.421
CANDIDATE,12.63063129,136.70398,2.212,3.01E+02,1.37,9.5,5579,0.798,15.633
FALSE POSITIVE,191.272501,293.2441,3.064,2.87E+02,1.59,5.8,5727,0.918,13.955
CANDIDATE,286.02266,373.7304,10.43,1.04E+03,2.03,9.8,4368,0.637,15.45
CANDIDATE,7.95445779,135.48462,4.6012,6.27E+03,9.5,228.4,6217,1.196,14.406
CANDIDATE,331.70918,312.6153,7.44,3.46E+03,6815.75,9.5,5282,0.805,15.54
FALSE POSITIVE,575.42002,369.5923,17.22,4.02E+02,1.91,11.7,6025,0.949,14.693
CANDIDATE,297.78282,233.4002,18.38,3.92E+02,1.17,10.8,4192,0.59,14.587
CANDIDATE,137.396194,158.9242,17.61,1.55E+02,3.38,13.2,5425,2.655,13.668
CANDIDATE,365.739893,278.581,1.218,3.01E+02,1.73,4.7,5420,0.953,12.962
CANDIDATE,104.198102,161.4469,3.2,6.52E+02,5.13,8.9,5087,2.024,14.457
FALSE POSITIVE,368.72715,434.378,5.06,4.27E+02,1.55,6.4,5401,0.749,14.598
CANDIDATE,74.833577,196.5293,3.247,8.64E+01,1.68,6.4,5933,1.807,12.395
CANDIDATE,8.5852872,137.39662,2.834,1.41E+03,3.02,11,5488,0.818,16.565
FALSE POSITIVE,100.303613,176.75827,10.578,4.88E+05,78.77,354.7,6060,1.046,17.908
CANDIDATE,102.100752,148.9663,2.009,1.94E+02,2.63,5.2,6359,1.83,13.845
CANDIDATE,6.263491873,134.897906,0.8513,2.83E+03,6.46,35.1,6247,1.194,13.952
FALSE POSITIVE,0.83620025,131.91663,3.7127,3.31E+05,65.64,145.4,5780,1,20.003
CANDIDATE,335.43143,395.1813,10.3,2.28E+02,7.12,6.8,5172,4.721,13.938
CANDIDATE,558.21886,419.8232,13.556,1.54E+03,3.1,19.1,5679,0.794,15.326
CANDIDATE,290.02002,138.2587,23.87,1.73E+02,1.56,7.6,6452,1.148,14.737
CANDIDATE,279.21957,179.9274,10.015,3.34E+02,4.92,10.5,5159,2.604,13.845
CANDIDATE,348.665961,165.8497,3.849,3.91E+02,9.56,10.8,5183,4.89,12.038
FALSE POSITIVE,616.34132,154.168,12.724,1.29E+03,2.11,12.5,4197,0.588,15.894
CANDIDATE,222.28056,131.8546,3.035,2.72E+02,2.56,8,6543,1.531,12.401
CANDIDATE,570.01886,375.0523,3.52,4.29E+02,1.62,6.8,5496,0.79,14.441
CANDIDATE,378.9313911,254.5741017,14.11,,,,,,15.316
CANDIDATE,580.8532679,386.2877879,16.63,,,,,,15.927
FALSE POSITIVE,390.40832,265.436,7.916,2.52E+02,0.63,8.5,3659,0.4,13.974
FALSE POSITIVE,191.528018,260.9129,2.342,1.72E+02,1.32,6.4,6054,1.009,13.337
FALSE POSITIVE,386.59946,221.2945,3.305,3.81E+02,1.89,5.8,6137,0.963,14.79
FALSE POSITIVE,15.4032765,137.9906,3.246,2.53E+02,1.32,9.2,5272,0.799,15.555
CANDIDATE,7.58062893,132.89809,3.484,8.61E+01,0.97,10.9,5753,1.041,14.498
FALSE POSITIVE,61.0011095,144.84614,1.049,4.08E+02,2.55,4.6,6418,1.171,15.227
FALSE POSITIVE,198.232389,294.73515,1.919,4.16E+02,2.28,5.7,6263,1.113,13.991
FALSE POSITIVE,0.66062715,131.8646,4.56,2.49E+02,26.13,7.8,6322,1.075,14.162
CANDIDATE,248.421771,230.379,4.187,7.04E+02,18.92,8.8,4895,6.428,13.586
FALSE POSITIVE,456.5734,228.3838,5.465,3.98E+02,7.88,7.6,5002,4.042,13.731
FALSE POSITIVE,601.13797,226.686,15.26,1.73E+02,1.81,9.9,5786,1.388,13.17
FALSE POSITIVE,344.06248,451.4323,15.6,1.36E+02,5.26,17.7,7664,3.697,11.566
FALSE POSITIVE,39.94344731,170.5021796,1.71,,,,,,12.218
CANDIDATE,551.22396,185.7811,5.896,5.71E+02,2.1,17.2,5691,0.887,14.465
FALSE POSITIVE,466.90824,136.3731,2.64,6.60E+02,2.19,5.4,5340,0.867,15.202
FALSE POSITIVE,361.30991,469.7513,12.968,2.76E+02,7.07,10.6,4911,4.419,13.851
FALSE POSITIVE,199.4424134,240.8521,7.2533,3.22E+04,56.11,486.4,5869,1.17,14.372
FALSE POSITIVE,31.59115876,162.501885,2.6431,1.43E+03,72.91,83.5,5178,2.295,13.687
FALSE POSITIVE,356.99135,235.7367,17.03,7.48E+02,2.47,13.8,5539,0.913,15.684
FALSE POSITIVE,96.120478,166.9531,1.125,2.85E+02,2.08,6,6038,1.186,13.917
FALSE POSITIVE,9.63647672,134.93429,2.999,4.76E+01,2.02,11.1,5125,3.007,12.162
FALSE POSITIVE,45.680876,142.3574,2.293,3.50E+02,14.5,3.7,4835,7.917,13.409
FALSE POSITIVE,43.169798,159.086,9.686,1.21E+02,1.47,6.9,5929,1.292,13.158
CANDIDATE,395.94327,183.6179,16.09,1.51E+03,2.53,14.5,4596,0.678,15.921
CANDIDATE,76.37924,205.0612,0.645,2.76E+02,1.73,5.7,5451,0.936,13.717
CANDIDATE,58.669218,168.6211,3.712,1.69E+02,1.28,10,5548,0.986,13.899
CANDIDATE,355.84731,447.657,16.68,1.24E+02,1.68,9.8,6823,1.493,13.127
CANDIDATE,61.611129,133.8909,14.96,8.29E+01,1.29,22,6533,1.386,12.332
CANDIDATE,150.728285,223.0487,2.718,2.14E+02,1.27,5.6,5778,0.871,14.396
CANDIDATE,253.790434,267.5242,3.702,6.04E+02,2.06,6.4,5426,0.85,15.327
FALSE POSITIVE,322.544807,267.9262,11.236,8.80E+01,0.68,12.1,5359,0.741,11.697
CANDIDATE,35.6606167,151.4719632,1.59,,,,,,13.951
FALSE POSITIVE,22.57494749,149.09617,36.756,1.34E+03,49.49,302.6,6581,1.468,11.612
CANDIDATE,587.38162,188.1143,11.973,8.64E+02,36.77,12.8,4784,11.839,13.715
FALSE POSITIVE,85.5692223,188.06607,4.954,5.39E+02,6.85,18.2,5361,1.951,13.982
CANDIDATE,7.07987663,131.6046,2.589,3.10E+02,1.36,10,4808,0.806,15.975
CANDIDATE,91.240335,155.7237,2.314,2.06E+02,1.75,5.7,6493,1.205,13.89
CANDIDATE,357.41382,311.3642,3.675,7.77E+02,3.01,6.7,6233,1.076,15.388
CANDIDATE,359.854745,305.6179,3.429,3.02E+02,2.25,6.1,6495,1.168,13.728
CANDIDATE,89.366114,208.893,3.945,4.94E+02,1.97,6.3,5861,0.875,15.409
FALSE POSITIVE,422.255426,160.6562,4.974,1.94E+03,5.09,17.4,6273,1.139,15.17
CANDIDATE,37.6259039,167.22072,3.91,4.11E+02,1.81,11.7,5874,0.871,15.013
CANDIDATE,100.414752,134.1167095,1.72,,,,,,12.124
CANDIDATE,41.9934673,143.89297,3.226,2.94E+02,1.56,9.4,5766,0.915,14.847
CANDIDATE,94.67782,187.4731,2.215,2.87E+02,1.46,5.9,5360,0.866,14.258
CANDIDATE,290.196139,264.8759,13.698,2.81E+02,2.35,15.7,6238,1.403,13.511
FALSE POSITIVE,471.39698,247.0802,10.714,3.30E+02,1.87,13.1,6587,1.008,13.731
CANDIDATE,175.452812,204.8241,2.734,1.42E+02,3.96,6.1,6184,3.304,13.086
CANDIDATE,367.07446,182.838,5.887,3.68E+02,2.15,6.6,6315,1.116,14.666
CANDIDATE,366.684634,315.09143,3.284,4.56E+02,10.75,9.1,5090,4.962,13.026
CANDIDATE,291.306507,362.2906,2.91,1.13E+03,2.49,7.1,5031,0.748,15.789
CANDIDATE,93.006,144.36,2.461,1.25E+02,1.97,6.7,5518,1.742,12.979
CANDIDATE,26.46288074,133.4096502,1.4,,,,,,13.023
FALSE POSITIVE,436.42852,452.2705,13.8,1.64E+02,1.26,9.2,5997,0.971,13.298
CANDIDATE,20.69920737,132.7199526,2.17,,,,,,11.957
CANDIDATE,466.002988,435.01156,10.278,2.36E+03,4.92,42.3,5830,0.876,14.692
CANDIDATE,302.77571,323.5739,3.183,1.11E+03,1,7.1,3358,0.303,15.755
CANDIDATE,115.1995292,218.1108918,2.67,,,,,,11.794
CANDIDATE,355.86134,358.0075,23.39,1.22E+03,2.79,15.2,5736,0.801,15.887
CANDIDATE,236.506437,361.9687,5.004,7.44E+02,10.37,10.6,5066,3.9,13.856
CANDIDATE,19.3854894,142.34859,1.031,4.56E+03,6.13,2.7,5432,0.913,13.891
CANDIDATE,416.8789312,227.5106644,4.45,,,,,,15.69
CANDIDATE,48.38798413,176.4653521,1.23,,,,,,15.025
CANDIDATE,357.588538,250.4138,3.367,3.45E+02,3.53,7.2,7435,1.876,13.382
CANDIDATE,545.205601,237.24091,3.296,2.00E+02,1.66,7.1,6273,1.155,12.812
CANDIDATE,105.053389,208.7282,1.988,1.77E+02,1.52,5.8,6471,1.13,13.724
CANDIDATE,24.7967294,131.91,4.278,9.71E+02,3.14,13.8,5496,0.776,15.627
CANDIDATE,44.7060191,154.40282,0.25,2.92E+02,60.47,6.6,5509,0.811,13.783
CANDIDATE,125.277815,170.8865,4.442,4.32E+02,15.75,11,5119,7.738,13.325
CANDIDATE,27.2020672,151.86606,1.811,1.80E+02,1.87,8.7,5869,1.396,14.172
FALSE POSITIVE,64.71316809,171.3677102,5.69869,3.13E+05,62.03,3582.5,6175,0.974,13.882
CANDIDATE,40.7282314,162.1513,13.677,2.22E+02,4.58,19.4,6531,2.231,12.717
CANDIDATE,183.3804845,298.0782368,3.25,,,,,,13.612
FALSE POSITIVE,1.036592136,132.089545,2.296,2.12E+03,293.01,150.6,4884,8.747,11.449
CANDIDATE,398.51312,165.2177,5.41,2.49E+02,1.23,5.9,5776,0.759,13.843
CANDIDATE,559.785594,433.1966,3.496,2.75E+02,1.88,7.3,6201,1.111,13.295
CANDIDATE,109.43946,223.4128,3.801,1.87E+02,1,7.3,5359,0.741,13.718
CANDIDATE,194.2583534,288.4461343,3.15,,,,,,15.779
CANDIDATE,164.507439,212.7605,11.428,4.34E+02,2.15,11.7,5866,1.02,15.025
CANDIDATE,370.84786,260.7921,13.966,1.44E+03,4.03,15.2,5291,0.886,15.479
CANDIDATE,73.908995,159.8067,3.916,1.01E+02,0.94,7,5865,0.918,13.144
CANDIDATE,96.32561456,153.0316267,2.28,,,,,,14.451
CANDIDATE,212.646179,221.6137,2.539,9.53E+02,3.19,5.4,6108,1.03,15.611
FALSE POSITIVE,371.54879,183.5693,9.841,1.26E+02,1.13,10.1,5225,0.954,12.235
FALSE POSITIVE,226.499243,131.6622,1.328,1.27E+02,0.89,4.7,5093,0.798,12.059
CANDIDATE,251.48808,192.461,6.8,3.05E+02,1.74,6.4,5979,0.902,14.495
CANDIDATE,32.4185265,161.4252,5.154,1.11E+02,1.62,7.9,5622,1.441,13.325
CANDIDATE,19.15976088,141.5680129,3.10166,3.25E+04,25.24,900.3,4492,0.516,15.053
FALSE POSITIVE,2.61594288,132.415,6.45,7.21E+01,0.92,13.4,6063,1.012,15.367
FALSE POSITIVE,1.686009643,133.060575,1.1818,3.90E+02,1.81,48.5,5783,0.88,14.391
CANDIDATE,32.033211,146.8143,5.289,7.13E+01,0.85,9.2,6039,1.005,13.186
CANDIDATE,43.3975622,153.934,3.908,5.85E+02,1.69,8.6,4871,0.725,15.944
CANDIDATE,478.7918502,184.4598838,4.06,,,,,,14.63
FALSE POSITIVE,344.961485,208.2266,3.023,4.28E+02,1.61,6.2,5481,0.775,15.023
CANDIDATE,22.2659599,144.87,4.816,6.13E+01,1.18,8.3,6888,1.492,11.299
CANDIDATE,199.064336,180.0893,13.623,2.65E+02,6.12,15.4,5157,3.436,14.323
CANDIDATE,277.114286,196.18868,3.926,5.67E+02,17.56,10.4,5117,7.549,12.348
CANDIDATE,323.159363,149.1299,2.427,3.69E+02,3.41,7.4,5251,1.811,13.789
CANDIDATE,21.512259,139.0225,4.337,1.31E+02,1.13,7.1,5611,0.997,14.489
CANDIDATE,303.226376,344.05409,1.802,1.46E+03,3.66,12.7,5952,0.955,14.897
CANDIDATE,22.8631517,143.1523,1.659,1.03E+02,4.84,8.5,5043,4.874,12.26
CANDIDATE,97.942437,157.97325,2.575,1.00E+02,2.29,7.8,5997,2.284,11.366
FALSE POSITIVE,163.820347,232.6163,1.331,1.20E+03,2.59,7,4822,0.771,15.001
FALSE POSITIVE,151.577009,194.7958,2.59,4.68E+02,3.67,9.3,6854,1.674,13.965
CANDIDATE,493.30572,361.8842,5.425,4.05E+02,1.08,7.2,4558,0.548,13.771
CANDIDATE,449.87203,298.195,6.539,1.13E+03,2.59,10.5,5310,0.786,15.29
CANDIDATE,419.93373,391.9313,10.29,2.85E+02,1.82,12,6686,1.053,12.71
CANDIDATE,322.221973,217.0496,7.531,4.66E+02,2.18,8.9,6026,1.006,14.718
CANDIDATE,235.413973,307.0728,3.065,1.03E+03,3.2,6.9,6028,1.001,15.583
CANDIDATE,366.68293,257.6476,3.854,1.08E+03,3.15,6.4,5217,0.869,15.847
CANDIDATE,240.57135,239.50353,11.164,9.22E+02,2.93,36.9,6146,0.943,14.466
CANDIDATE,217.792748,210.6893,4.695,1.49E+03,6.15,16.6,5600,1.283,15.138
CONFIRMED,259.34304,165.6794,16.04,3.50E+02,6.04,13.1,5490,3.204,14.759
CANDIDATE,388.0388485,513.4051356,4.44,,,,,,13.583
FALSE POSITIVE,8.34410791,136.54528,1.606,2.55E+02,1.75,9.9,6321,1.058,15.067
CANDIDATE,4.76815507,131.85686,2.115,6.10E+01,0.49,9.2,4680,0.649,13.442
FALSE POSITIVE,545.4562397,131.6984103,5.91,,,,,,12.104
FALSE POSITIVE,2.709570339,134.084891,5.57527,1.32E+04,223.75,900.9,5030,5.208,13.368
CANDIDATE,49.49059818,160.3970528,1.61,,,,,,13.841
CANDIDATE,364.18129,245.1789,6.65,4.70E+02,1.78,7,4988,0.85,14.923
CANDIDATE,37.7935113,167.4179,1.718,6.72E+01,0.89,6.9,6178,1.076,11.982
FALSE POSITIVE,0.855294909,131.6579596,2.89112,6.77E+03,49.03,870.3,5846,1.207,13.683
FALSE POSITIVE,350.609298,163.1091,1.621,3.70E+02,3.88,3.6,6658,1.992,13.329
CANDIDATE,172.621943,170.014,4.435,7.88E+02,26.09,3.4,5119,9.343,13.414
CANDIDATE,264.708077,370.4525,3.975,4.61E+02,6.17,6.3,5283,2.907,13.581
FALSE POSITIVE,452.40428,189.0844,17.2,2.17E+02,1.58,8.2,6195,1.029,13.752
FALSE POSITIVE,0.699985822,131.840533,3.02633,3.89E+05,46.27,626.9,5264,0.724,15.667
CANDIDATE,8.67237968,132.55073,2.826,9.91E+01,0.87,12.3,5620,0.882,14.219
CANDIDATE,35.9216912,148.93441,0.585,2.21E+02,1.38,5.6,5161,0.829,13.791
FALSE POSITIVE,35.8726918,131.5668,4.402,9.16E+02,62.51,24.6,5254,15.369,13.375
CANDIDATE,102.300622,208.6092,4.473,7.81E+02,35.36,13,4895,9.435,13.83
CANDIDATE,359.8455,210.5057,34.84,5.04E+02,14.76,12.3,4945,6.632,12.117
CANDIDATE,22.7783121,145.96798,1.037,1.56E+02,1.89,7.3,6538,1.477,13.787
CANDIDATE,114.406187,225.7127,4.92,1.31E+03,2.42,11.4,4641,0.691,15.746
CANDIDATE,132.114,238.008,2.514,2.17E+02,0.75,5.7,4342,0.523,13.586
CANDIDATE,623.2344,274.3089,14.448,6.03E+02,2.04,15.8,5600,0.839,14.645
CANDIDATE,46.16051579,137.0802908,2.37,,,,,,15.655
CANDIDATE,217.170081,229.9068,4.291,9.37E+02,109061,9.5,5083,11.723,12.446
CANDIDATE,287.33114,360.8412,12.722,4.07E+02,2.07,19.7,5426,1.007,13.618
CONFIRMED,9.8788502,134.3829,2.951,4.55E+02,2.64,13.4,6477,1.148,14.496
CANDIDATE,189.456089,233.6331,3.077,4.53E+02,2.2,5.4,5991,1.026,15.242
CANDIDATE,230.358183,233.7677,2.031,1.02E+03,2.87,6.2,5803,0.884,15.571
CANDIDATE,211.54114,236.2702,5.4,7.51E+02,1.88,5.3,5433,0.689,15.784
CANDIDATE,88.523517,189.2756,7.22,8.28E+02,1.6,7.7,3827,0.462,15.841
FALSE POSITIVE,386.2240091,506.1610851,4.93,,,,,,14.166
CANDIDATE,134.35872,201.2636,13.3,7.52E+01,1.27,16.5,6948,1.433,11.083
CANDIDATE,55.01469183,156.7945344,2.34,,,,,,13.113
CANDIDATE,198.781156,284.3868,6.77,1.38E+02,1.69,10.3,6493,1.424,12.752
FALSE POSITIVE,588.63759,246.525,3.84,3.22E+02,1.52,7.4,5135,0.849,13.714
CANDIDATE,111.149082,193.6316,2.911,3.94E+02,1.87,5.9,5763,0.948,14.889
CANDIDATE,284.87177,333.9721,15.63,1.07E+02,1.84,10.1,6437,1.773,13.074
FALSE POSITIVE,9.8338474,132.5363,14.585,5.76E+01,0.98,23.8,5929,1.202,12.792
CANDIDATE,190.860818,256.5195,2.823,5.12E+02,1.84,6.2,5463,0.803,15.491
CANDIDATE,374.41813,462.0983,17.9,4.30E+02,2.42,8.9,6195,1.124,15.429
CANDIDATE,263.30198,308.8678,2.213,3.78E+02,2.19,5.6,5758,1.132,14.225
CANDIDATE,370.31761,230.3001,12.588,1.89E+03,2.98,15.1,4665,0.701,15.988
CANDIDATE,37.959659,145.234,2.793,2.88E+02,1.41,6.9,5573,0.827,15.337
CANDIDATE,405.6296,245.7373,11.26,3.04E+02,1.4,5.8,5583,0.79,15.006
FALSE POSITIVE,1.080695116,131.86822,7.449,3.13E+05,155.22,198.8,7796,2.34,14.355
CANDIDATE,11.8307724,140.1105,8.791,1.36E+02,1.16,12.4,5550,0.958,15.337
CANDIDATE,434.28175,363.313,8.14,6.63E+02,1.94,12.8,5544,0.75,14.886
CANDIDATE,33.814176,142.4542,7.69,2.23E+02,1.49,8.1,6122,0.996,15.863
CANDIDATE,16.2957847,133.6205,5.16,4.10E+02,2.13,14.2,6063,1.012,15.735
CANDIDATE,28.201998,146.9903597,3.86,,,,,,12.044
CANDIDATE,58.92565,176.6709,14.56,4.47E+01,1.5,5.3,7282,2.216,12.044
FALSE POSITIVE,24.0733775,141.13539,19.612,1.33E+03,27.78,76.9,4647,6.055,11.43
CANDIDATE,19.2405821,138.7454,4.99,2.07E+02,1.19,9,5031,0.848,15.099
CONFIRMED,232.040326,262.2531,12.235,2.91E+02,2.05,15.2,5903,1.156,13.797
CANDIDATE,28.684308,148.2364,4.64,2.82E+02,1.35,9.1,5243,0.821,15.099
CANDIDATE,265.29617,297.8704,4.1,6.08E+02,2.99,5.9,5589,1.218,14.424
CONFIRMED,61.569765,182.0201,9.75,2.98E+02,2.44,10.9,5626,1.389,15.589
CANDIDATE,58.940569,159.6218,4.769,5.70E+02,2.48,9.2,5819,0.99,15.606
CANDIDATE,14.1502311,141.47344,1.503,2.08E+02,0.74,9.3,3705,0.529,13.693
CANDIDATE,486.12702,426.1722,9.495,1.21E+02,1.18,8.1,6008,1.062,12.988
FALSE POSITIVE,1.71029474,131.61307,2.946,1.59E+02,1.04,14.5,5365,0.729,14.658
CONFIRMED,31.8245304,144.5289,4.17,7.90E+01,0.8,7.7,6338,0.847,13.827
CANDIDATE,140.2440875,217.2997957,5.43,,,,,,15.717
CANDIDATE,48.04066636,162.9114822,1.62,,,,,,12.877
CANDIDATE,12.008552,141.7017,4.613,7.66E+01,2.08,11.8,5303,1.964,13.726
CANDIDATE,10.4314847,135.54229,2.09,5.91E+01,0.77,9.6,5361,0.774,13.241
CANDIDATE,47.5571352,135.8497,1.708,3.39E+02,1.85,6.7,5861,0.958,14.732
FALSE POSITIVE,1.838514245,132.101259,3.2601,1.19E+05,57.6,470,5799,1.055,13.925
FALSE POSITIVE,8.412008943,139.6485198,5.41096,1.36E+05,50.83,5696.2,6247,1.314,13.551
FALSE POSITIVE,3.912679136,133.4288498,3.556,2.92E+05,1794.2,1229.9,5616,0.72,14.756
FALSE POSITIVE,7.544804312,137.11963,8.2678,6.50E+03,63.99,587.2,5953,1.609,12.92
CANDIDATE,27.2497521,131.8837,11.609,1.02E+02,4.49,14.6,5440,4.524,13.33
FALSE POSITIVE,2.283466438,132.34883,7.7999,8.64E+05,218.79,1103.1,6723,1.719,14.312
FALSE POSITIVE,0.692807507,131.88094,1.49242,2.53E+04,46.44,260.9,5780,1,15.726
FALSE POSITIVE,17.27929077,135.2741342,5.07591,1.64E+05,27.66,2841.5,5251,0.658,15.16
CANDIDATE,16.9972894,143.87301,2.585,2.25E+02,3.14,11.1,5897,1.86,14.5
CANDIDATE,93.05654364,174.8833198,2.34,,,,,,12.749
CANDIDATE,88.433122,212.6803,2.392,1.20E+02,1.7,4,7092,1.525,12.749
CANDIDATE,282.34315,261.7746,3.956,2.21E+02,2.35,3.7,7092,1.525,12.749
FALSE POSITIVE,4.326946311,132.1921929,5.55905,4.09E+05,106.99,4247.8,6231,1.501,13.253
FALSE POSITIVE,527.29093,209.218,14.305,2.01E+02,1.3,16,5671,0.919,12.796
FALSE POSITIVE,168.858303,237.5792,12.964,1.19E+02,2.41,9.7,6608,2.189,13.409
CONFIRMED,5.34264143,134.38122,2.453,6.91E+02,1.72,19.9,5101,0.67,13.116
FALSE POSITIVE,19.38444245,137.214882,20.5899,3.37E+03,28.3,685.3,4968,5.026,11.98
CANDIDATE,1.645319649,132.13077,1.635,1.08E+03,2.46,11.8,5416,0.756,15.517
FALSE POSITIVE,2.179924994,132.1293516,4.87581,2.53E+05,60.99,4541.1,6106,0.966,13.96
FALSE POSITIVE,10.13540105,132.3238999,5.6831,2.56E+05,89.16,4311.3,5895,1.415,13.92
FALSE POSITIVE,2.02487934,131.9026,1.621,1.46E+02,1,7.7,5440,0.825,14.808
CANDIDATE,15.3573445,132.60166,1.634,1.17E+02,1.42,9.6,5818,0.986,12.72
CONFIRMED,5.71668787,136.32274,1.97,4.32E+02,1.92,11.8,5638,0.883,15.665
CONFIRMED,51.1658019,172.30921,4.637,2.59E+02,1.51,12.2,4963,0.826,14.55
FALSE POSITIVE,12.4249559,141.5823,16.332,1.10E+02,0.88,17.6,5524,0.847,14.72
FALSE POSITIVE,12.427135,141.4159,12.81,3.25E+01,1.05,4.2,6561,1.821,13.306
CANDIDATE,77.792718,190.1476,6.08,2.88E+02,2.17,9.1,5497,1.241,15.245
CANDIDATE,163.5148985,144.8531292,3.08,,,,,,15.553
FALSE POSITIVE,1.946198513,132.314091,4.0336,1.31E+05,52.58,902.8,6224,1.433,13.993
CANDIDATE,5.288547653,135.807213,3.2646,2.19E+03,55.28,218.9,4918,9.169,11.317
CANDIDATE,294.055263,421.853,14.32,7.70E+02,2.8,21.1,6108,1.011,14.827
FALSE POSITIVE,30.4838006,149.8133,2.6,1.84E+04,23.87,9.4,3857,0.531,15.021
FALSE POSITIVE,5.7584367,135.11279,2.587,7.37E+02,66.22,26.8,4754,25.287,13.819
FALSE POSITIVE,25.9522913,154.8689,10.977,5.58E+02,2.03,14,5692,0.866,15.999
FALSE POSITIVE,8.58599537,136.21367,2.4078,8.18E+02,39.03,36.9,4805,13.941,11.598
FALSE POSITIVE,9.892240848,136.693856,4.1774,5.28E+03,40.38,314,6225,1.009,13.664
CANDIDATE,126.505657,239.693,8.836,9.55E+01,1.51,3.7,7092,1.525,12.749
FALSE POSITIVE,1.129848432,131.789871,2.07578,4.66E+03,120.13,490.6,4846,7.102,13.8
FALSE POSITIVE,7.244778994,131.8598491,3.3873,9.91E+04,25.68,1761.4,5530,0.788,13.926
FALSE POSITIVE,110.1552727,211.5620379,2.04,,,,,,13.926
FALSE POSITIVE,0.730964241,132.19448,2.483,4.40E+01,0.99,28.7,5929,1.463,13.036
CANDIDATE,117.684591,157.4182,2.219,1.35E+02,1.52,5.3,6362,1.279,13.036
FALSE POSITIVE,17.73402024,143.9226707,7.27595,1.87E+05,93.52,2905.9,5883,1.554,12.553
CANDIDATE,46.245164,136.47891,5.663,4.92E+02,2.46,15.5,5553,1.107,15.376
CANDIDATE,9.7043379,138.1975,3.515,1.29E+02,1.19,8.6,6273,1.044,14.752
CANDIDATE,34.775371,162.2065,2.93,3.88E+01,0.67,5.7,6028,1.047,11.538
CANDIDATE,0.306702491,131.51216,0.9074,1.39E+02,0.93,21.9,5310,0.786,15.229
CANDIDATE,12.7713826,141.3553,3.347,1.42E+02,1.26,8,6273,1.044,14.752
FALSE POSITIVE,0.829019343,131.46667,4.8401,2.78E+05,90.08,631.1,6645,1.328,14.661
FALSE POSITIVE,1.1080999,131.7222,3.3542,3.81E+05,124.19,155.4,5299,1.769,14.305
CANDIDATE,42.294739,133.8808,34.63,2.54E+02,140.14,25.2,4926,7.849,12.057
FALSE POSITIVE,215.778765,180.324,3.737,3.78E+02,14.71,5.8,4902,7.056,12.057
CANDIDATE,1.444486083,132.31096,1.437,9.81E+02,1.73,12,4569,0.559,15.356
CONFIRMED,5.99273265,131.75079,2.6502,6.98E+01,0.91,19.2,5574,1.065,12.639
CONFIRMED,5.10110666,132.42955,2.657,6.51E+01,0.85,19.5,5574,1.065,12.639
CANDIDATE,11.6089351,142.73625,2.957,2.00E+02,46.44,8.7,6303,3.53,13.487
FALSE POSITIVE,94.22498,196.1757,22.445,3.46E+02,1.84,15.5,5880,0.893,15.534
CANDIDATE,14.2378417,140.4771,4.86,1.93E+02,1.1,10.5,5273,0.801,14.838
FALSE POSITIVE,241.0122,263.077,1.19,2.16E+02,4.41,4.1,7843,2.909,13.205
CANDIDATE,10.8206034,140.5078,2.848,1.17E+02,1.19,7.3,6032,1.06,14.633
FALSE POSITIVE,164.689421,287.2483,1.847,5.21E+02,2.24,4.6,6089,0.95,15.377
FALSE POSITIVE,4.264729569,135.198495,2.2075,2.27E+04,29.95,201.6,6052,1.417,12.873
FALSE POSITIVE,4.804469712,136.0047256,3.51946,1.33E+05,30.97,1177.8,5561,0.809,14.654
FALSE POSITIVE,6.150529292,132.522141,4.4562,2.42E+03,49.79,301.4,6691,1.565,13.303
FALSE POSITIVE,4.944927575,131.61124,3.4648,1.03E+03,19.43,62.5,4428,0.701,14.928
FALSE POSITIVE,4.442517008,133.608114,2.43922,2.53E+04,26.08,396.2,6316,1.119,11.297
CANDIDATE,10.2090268,140.6805,6.264,3.67E+01,0.92,9.8,6188,1.524,13.31
FALSE POSITIVE,62.7356439,152.22026,10.7925,2.44E+05,90.12,1115.3,6211,1.44,14.27
FALSE POSITIVE,7.035518449,137.950087,3.5286,2.14E+03,24.91,91.5,5288,0.71,14.884
CANDIDATE,54.2916336,172.0219,3.364,9.78E+01,1.67,7.9,6711,1.565,10.915
CONFIRMED,453.54212,360.0617,17.026,8.61E+02,9.23,48.8,5874,3.006,13.436
FALSE POSITIVE,0.579516759,132.00256,1.342,2.70E+01,0.6,9.8,6339,1.102,13.559
CANDIDATE,122.8054416,179.31732,2.663,3.13E+02,118.62,10.6,5874,3.006,13.436
FALSE POSITIVE,16.2480865,143.96708,8.232,4.39E+02,2.38,21.1,5729,0.923,14.708
FALSE POSITIVE,466.9407,244.7508,30.56,9.79E+02,2.9,13.7,5729,0.923,14.708
FALSE POSITIVE,289.788624,370.8039,2.857,4.74E+02,5.51,6.6,8057,2.407,10.924
FALSE POSITIVE,55.00402906,134.2268671,6.06,,,,,,13.335
FALSE POSITIVE,2.873657901,132.5847,2.1054,4.39E+04,110.29,65.6,5692,2.287,12.702
FALSE POSITIVE,1.680425996,132.33173,5.4548,2.77E+05,102.31,440.1,6844,1.629,14.11
FALSE POSITIVE,0.53345831,132.001459,1.32,,,,,,11.957
FALSE POSITIVE,20.6864602,133.8900931,37.7424,1.36E+05,184.22,1656.7,4809,5.145,13.957
FALSE POSITIVE,131.68018,229.6497,14.73,2.07E+03,5.96,9.2,6468,1.302,12.714
CANDIDATE,37.8404232,146.77624,6.408,2.33E+02,1.76,23.7,6243,1.149,12.949
FALSE POSITIVE,200.762693,308.7451,2.215,1.92E+03,15056.9,5.5,7981,3.298,12.377
FALSE POSITIVE,1.123258617,132.02671,4.27355,3.78E+05,150.94,779.2,7945,2.17,15.01
CANDIDATE,47.25643291,158.8207171,2,,,,,,11.543
CANDIDATE,32.0273169,150.635,5.144,1.62E+02,1.14,8.8,5505,0.909,15.004
CANDIDATE,8.75630628,132.47009,2.852,8.19E+01,1.12,9.8,5839,1.227,13.382
CANDIDATE,9.6183111,138.3435,4.215,2.50E+01,0.85,11.9,6134,1.665,11.265
FALSE POSITIVE,12.4250319,141.4868672,1.4446,2.95E+01,0.89,2.7,6290,1.506,13.582
CONFIRMED,386.370512,452.874,11.007,1.34E+03,2.96,13.1,5119,0.834,15.825
CANDIDATE,0.518060209,131.9425,1.8062,2.26E+03,61.49,140.6,5405,1.772,14.463
CANDIDATE,17.3695112,136.6159,4.012,3.14E+02,1.45,8.6,5119,0.834,15.825
CANDIDATE,17.8693759,140.2811,6.886,6.30E+01,0.81,9.8,6328,1.013,13.517
CANDIDATE,17.236085,148.4127,4.209,3.30E+02,1.98,10.4,5543,1.111,15.377
FALSE POSITIVE,12.4297161,141.2846,15.078,1.93E+02,1.26,13.3,5754,0.905,15.842
FALSE POSITIVE,12.4288476,141.2012,16.43,1.65E+02,1.12,15.2,5595,0.886,15.47
FALSE POSITIVE,12.4258252,141.5229,21.841,1.30E+02,1.27,30,5968,1.048,14.332
FALSE POSITIVE,153.725848,284.07258,117.52,5.26E+03,259.36,302.3,4794,6.816,11.167
FALSE POSITIVE,12.4257907,141.5345,19.859,3.40E+02,1.27,28.2,4873,0.693,15.71
FALSE POSITIVE,12.4253356,141.58,27.49,3.74E+02,2.02,35.4,5442,0.783,15.539
FALSE POSITIVE,12.4254201,141.5458,18.56,1.45E+02,0.84,24.9,5571,0.691,14.667
FALSE POSITIVE,12.424995,141.5904,20.282,5.15E+01,2.06,21.4,6098,2.657,13.262
FALSE POSITIVE,12.4227918,141.7972,27.29,2.03E+02,1.44,15.5,5279,0.72,15.955
CANDIDATE,485.92297,299.5015,3.756,1.23E+02,1.07,5.5,5551,0.957,12.12
FALSE POSITIVE,22.9134463,140.6466918,4.11699,2.52E+05,81.61,6512.7,6621,1.297,11.856
CANDIDATE,9.6550473,137.07505,2.752,3.13E+02,1.45,12.2,4999,0.843,15.692
FALSE POSITIVE,10.0046881,136.47719,2.389,5.06E+01,1.9,8.3,6620,2.641,11.856
FALSE POSITIVE,8.65315602,136.64735,2.627,4.18E+02,1.37,13.6,4746,0.696,15.863
CANDIDATE,228.65412,282.7548,2.487,1.79E+02,3.63,6.6,6845,2.674,12.914
FALSE POSITIVE,2.243015737,133.450825,4.31675,2.78E+05,92.34,5552.2,6181,1.444,12.785
FALSE POSITIVE,4.694218481,133.780334,4.53365,1.75E+05,35.81,739.8,5512,0.787,15.584
FALSE POSITIVE,0.87683182,132.06142,1.96,,,,,,15.397
FALSE POSITIVE,0.953734449,132.413233,1.7616,1.24E+03,47.65,120.5,7332,1.46,12.771
FALSE POSITIVE,2.073873563,132.59754,6.5605,6.04E+05,274.78,637.1,7803,3.373,14.701
FALSE POSITIVE,15.71378722,132.0981464,11.3122,6.04E+04,27.64,3602,5843,1.006,14.049
FALSE POSITIVE,7.964440392,136.194674,9.1701,6.85E+04,18.98,693.8,5250,0.736,14.641
FALSE POSITIVE,0.518071538,131.92715,1.7865,2.20E+03,42.1,152.1,5876,1.209,14.013
FALSE POSITIVE,2.151214629,131.74391,2.226,3.33E+02,14.54,28.5,4748,8.179,11.576
CANDIDATE,12.7143635,134.79818,3.101,5.25E+02,2.2,9.9,5947,0.962,16.154
CANDIDATE,80.4103783,171.29626,3.487,5.91E+02,4.93,14,5476,1.673,13.237
CANDIDATE,1.93188768,133.1676,1.087,3.78E+01,0.57,8.8,5896,0.914,13.5
FALSE POSITIVE,320.1847186,423.2096375,11.94,,,,,,13.909
FALSE POSITIVE,12.426469,141.4649,25.71,1.81E+02,1.66,24.2,5691,0.887,15.178
FALSE POSITIVE,12.4262889,141.4617,18.764,9.42E+01,1.23,20.5,6246,1.092,14.285
FALSE POSITIVE,12.424747,141.6151,25.24,1.39E+02,1.35,30.7,5514,0.826,14.418
FALSE POSITIVE,12.4255705,141.5298,28.88,1.39E+02,1.37,21.1,5742,0.827,14.961
FALSE POSITIVE,12.426173,141.5013,30.64,1.15E+02,2.67,36.9,6367,1.357,13.605
FALSE POSITIVE,12.4244306,141.647,26.15,2.14E+02,1.59,15.5,5761,0.791,15.899
FALSE POSITIVE,6.71738328,137.2100078,3.60057,1.65E+05,37.65,1208.2,5301,0.936,12.778
FALSE POSITIVE,24.9559985,149.094437,2.76331,4.86E+03,36.91,555.6,8617,3.018,11.458
CANDIDATE,5.2449156,136.0365,8.367,3.55E+01,0.52,11.7,5823,0.878,13.695
CANDIDATE,168.6693478,132.5942053,4.07,,,,,,13.497
FALSE POSITIVE,4.426942241,133.564383,1.6116,2.90E+03,5.43,68.9,5511,0.746,15.469
CANDIDATE,571.280892,368.0081,21.827,4.61E+02,3.65,37.8,7081,1.619,12.767
CANDIDATE,4.66185924,133.58514,3.164,4.93E+01,1.16,15.8,7081,1.619,12.767
CANDIDATE,1.213672208,131.94978,1.3644,2.73E+03,697.14,24.8,6113,0.995,14.912
FALSE POSITIVE,3.454241684,131.711253,4.69505,8.82E+04,75.11,6581.3,6562,2.433,13.198
CANDIDATE,90.097375,143.8471,12.697,2.83E+02,1.7,11.5,6116,1.008,15.416
CANDIDATE,7.72966941,138.92566,2.091,4.27E+02,2.1,8.4,5947,0.962,16.154
CANDIDATE,51.85656556,167.340205,2.21,,,,,,13.173
FALSE POSITIVE,1.457256942,131.60891,6.51381,3.65E+05,98.16,2443.8,6630,1.416,14.713
FALSE POSITIVE,10.81824842,137.17026,18.2848,1.37E+04,11.71,581,5955,0.894,13.392
FALSE POSITIVE,2.559236603,132.263863,1.6706,1.13E+04,37.66,45.7,5955,0.883,14.752
FALSE POSITIVE,281.35877,390.582,7.74,2.79E+02,4.22,6.2,6049,2.522,13.654
CANDIDATE,154.536881,177.697,15.44,2.59E+02,4.1,3.5,6049,2.522,13.654
FALSE POSITIVE,462.12345,408.2031,8.46,6.99E+02,1.9,6.9,4547,0.747,15.165
CANDIDATE,87.707513,205.7369,2.184,5.78E+02,1.72,7.1,4944,0.721,15.322
CONFIRMED,5.1117547,133.76122,3.281,2.68E+02,2.81,12.1,6432,1.345,13.306
CONFIRMED,9.6310258,132.7273,5.255,2.97E+02,2.9,12.7,6432,1.345,13.306
FALSE POSITIVE,101.889228,213.9353,2.71,8.09E+01,1.43,8.5,5802,1.59,11.443
CANDIDATE,437.5158614,522.0553193,4.16,,,,,,12.981
FALSE POSITIVE,48.5023669,168.2091,1.053,7.40E+02,906.03,5.5,3396,0.28,15.896
FALSE POSITIVE,524.14139,344.9169,11.603,4.04E+02,1.88,9.2,6225,0.931,14.892
CANDIDATE,8.97377221,139.73978,2.135,1.07E+02,2.96,9.4,6537,2.829,13.36
FALSE POSITIVE,41.86539723,161.17679,6.663,4.31E+03,31.14,103.4,6063,0.788,14.528
FALSE POSITIVE,4.553370029,135.433898,3.2209,2.37E+04,25.84,570.6,6306,1.109,11.471
FALSE POSITIVE,5.262652179,135.6269856,2.85554,2.27E+04,35.99,2246.9,7049,1.549,13.537
FALSE POSITIVE,345.9820728,392.1763832,2.97,,,,,,15.962
FALSE POSITIVE,16.6218534,133.5526451,3.91517,5.53E+04,22.32,1872.6,5949,0.907,15.229
FALSE POSITIVE,19.74161604,136.446922,3.07231,8.88E+04,82.98,2153,6535,1.529,10.543
FALSE POSITIVE,5.455766383,136.907217,2.8923,1.05E+05,28.2,536.8,5067,0.694,15.863
FALSE POSITIVE,22.44620704,149.1595,7.5491,1.63E+03,58.2,138.8,6070,1.777,11.878
CANDIDATE,205.41415,295.6538,10.26,2.84E+02,1.67,7.9,6123,0.991,15.416
FALSE POSITIVE,1.237147407,132.6581514,7.06623,4.35E+05,106.18,5557.4,6064,1.449,13.82
FALSE POSITIVE,1.28619671,131.87462,1.114,1.37E+02,1.27,5.9,5650,0.926,14.256
FALSE POSITIVE,2.649026189,133.379281,2.4698,5.22E+04,32.7,190.1,5838,0.988,13.87
FALSE POSITIVE,6.932281325,134.876198,11.0301,6.41E+03,90.57,325.8,8675,2.168,11.52
FALSE POSITIVE,2.151384476,133.1088143,3.34471,2.64E+05,66.2,2657.6,6184,1.257,12.916
FALSE POSITIVE,0.562273947,131.52433,3.1572,6.70E+01,0.73,52.4,5632,0.847,13.042
FALSE POSITIVE,17.4352218,143.2261,51.666,6.03E+02,67.91,121.8,6313,2.641,13.439
CANDIDATE,114.271739,163.3628542,2.19,,,,,,13.05
CANDIDATE,26.40805532,155.746607,2.7,,,,,,12.655
CANDIDATE,46.07931317,159.6728081,1.87,,,,,,12.655
CANDIDATE,24.8434837,148.1777,4.8,2.17E+02,1.58,14.2,5670,1.022,14.028
CANDIDATE,7.7016694,134.2294,10.898,1.56E+02,4.44,17.8,5174,3.608,15.268
FALSE POSITIVE,117.634213,176.0874,3.82,2.53E+02,3.78,8.7,5236,2.332,12.742
FALSE POSITIVE,21.02544702,148.2226428,6.52216,1.16E+05,135.84,4881.9,6631,2.438,13.079
FALSE POSITIVE,0.933753371,131.50945,4.438,4.73E+01,1.44,19.8,7286,2.056,13.231
FALSE POSITIVE,1.72153588,131.7292,1.9227,3.99E+04,12.89,29.3,4535,0.668,16.459
CANDIDATE,4.67250377,135.23678,4.441,7.96E+01,1.11,13.8,6146,0.987,13.775
FALSE POSITIVE,2.765621941,133.680095,2.3191,8.34E+03,34.42,173.2,5423,0.828,15.664
FALSE POSITIVE,3.664964374,134.152879,3.9058,9.08E+04,30.98,437.8,5726,0.987,15.643
FALSE POSITIVE,6.8072842,135.5474,1.9477,1.46E+04,31.15,32.9,5182,1.824,14.044
FALSE POSITIVE,2.136577151,133.026579,2.4682,7.91E+04,43.89,124.3,5457,0.905,15.281
FALSE POSITIVE,2.638432816,133.003946,2.42989,4.85E+04,49.77,529.4,6502,1.753,12.601
FALSE POSITIVE,11.99100036,139.598337,6.4648,3.76E+05,78.78,802.9,5988,1.13,17.777
FALSE POSITIVE,2.03746414,131.54567,2.895,1.39E+02,1.12,14.1,6117,0.947,15.341
FALSE POSITIVE,37.80694072,153.8409531,3.84264,1.06E+05,72.01,1571.8,6387,1.105,14.898
CANDIDATE,21.9711574,137.6914,5.012,1.78E+02,1.32,7.8,5763,0.997,15.57
CANDIDATE,144.688915,256.343,9.468,3.97E+02,3.33,11.6,5372,1.71,14.569
FALSE POSITIVE,12.42555055,141.5457,28.492,4.09E+02,3.79,123.7,6381,1.423,13.244
FALSE POSITIVE,12.42592247,141.54848,31.5,8.71E+03,79.21,190.8,4849,6.952,12.696
CANDIDATE,1.54287434,132.61697,1.1121,4.01E+02,1.05,20.7,4530,0.539,15.121
FALSE POSITIVE,12.4237327,133.9642,18.15,3.01E+01,1.12,20.1,5221,2.067,12.409
FALSE POSITIVE,94.38163,171.3362,11.87,9.12E+01,2.04,7.5,5221,2.067,12.409
CANDIDATE,33.3200908,150.0494,6.5265,6.19E+03,13,84.5,6264,1.651,14.624
CONFIRMED,7.5844241,137.847,3.918,1.01E+03,5.83,23.8,6264,1.651,14.624
FALSE POSITIVE,210.899577,230.1954,2.167,3.35E+03,4.85,7.8,5332,0.843,14.788
FALSE POSITIVE,3.103730697,132.8744585,6.93402,3.69E+05,75.28,5143.6,6075,1.091,15.001
CANDIDATE,91.20573037,210.1533987,4.17,,,,,,12.962
FALSE POSITIVE,253.40538,273.6514,7.43,2.41E+02,2.69,5,7304,1.69,12.962
FALSE POSITIVE,5.110771787,133.315344,2.48392,5.07E+04,26.98,394,6029,0.894,13.985
CANDIDATE,7.07394528,136.64371,2.319,2.28E+02,0.84,9.5,4777,0.561,15.629
FALSE POSITIVE,1.463773705,132.807589,1.9123,6.48E+04,21.79,119.7,5446,0.668,13.318
FALSE POSITIVE,4.46255312,133.64977,14.0957,2.27E+04,52.74,140.9,4847,3.619,14.673
FALSE POSITIVE,79.87804945,184.7704412,3.19,,,,,,12.96
CANDIDATE,14.516741,138.83799,2.706,2.27E+02,1.45,10.1,4954,0.828,15.377
CANDIDATE,20.5718107,142.80267,3.399,3.79E+02,1.34,13,4922,0.708,15.322
FALSE POSITIVE,3.026764871,133.3279059,4.32532,6.67E+04,26.36,1561.2,6283,1.01,14.044
FALSE POSITIVE,3.840130917,135.139765,2.8951,6.04E+04,33.44,275.6,5931,1.012,14.479
FALSE POSITIVE,5.554227226,135.16203,4.77434,1.42E+05,31.71,1517.7,5433,0.843,12.376
FALSE POSITIVE,1.570919281,132.47362,3.2232,6.51E+04,59.12,316.9,6192,1.162,13.406
FALSE POSITIVE,35.08976902,153.396702,3.9623,5.75E+03,33.1,170.8,5603,0.846,14.266
FALSE POSITIVE,5.233450136,133.1261573,8.57374,4.30E+05,70.33,3921.8,5841,0.977,13.424
FALSE POSITIVE,3.6037011,131.6711,2.994,1.61E+04,66.94,33.4,5633,1.547,14.492
FALSE POSITIVE,3.518356021,131.8005089,6.90375,3.17E+05,64.49,3217.6,6201,0.989,15.168
CANDIDATE,11.867172,142.985,4.815,5.96E+02,4.03,13.4,6264,1.651,14.624
FALSE POSITIVE,2.6160943,132.5162,21.34,2.93E+01,0.81,5.6,6645,1.42,12.754
FALSE POSITIVE,2.404386969,133.2105484,7.40348,3.13E+05,79.72,8577.4,6466,1.21,11.941
CANDIDATE,142.685885,175.9722,3.792,1.20E+03,2.76,9.3,5767,0.799,15.484
FALSE POSITIVE,4.390513938,132.550761,2.9472,4.68E+04,41.83,290.7,6081,1.454,13.209
FALSE POSITIVE,3.86963822,131.6242,2.29,,,,,,11.399
CANDIDATE,12.4970599,140.8987,3.877,1.80E+02,1.44,10.6,6174,1.021,14.191
FALSE POSITIVE,7.384681,132.1721,3.548,1.43E+02,1.22,10.6,6174,1.021,14.191
CONFIRMED,21.0907909,133.96316,4.751,4.18E+02,1.88,19.7,5723,0.818,14.223
FALSE POSITIVE,3.371796653,134.876289,3.4421,3.67E+05,306.28,560.2,5615,0.912,15.909
FALSE POSITIVE,1.927177921,132.571474,2.7742,1.36E+05,28.94,204.7,5193,0.774,15.706
FALSE POSITIVE,0.575925434,131.92458,2.4676,1.37E+05,38.24,354.4,5461,0.683,14.563
FALSE POSITIVE,496.17566,174.0663,11.63,2.93E+02,3.46,11.3,6643,1.976,13.515
FALSE POSITIVE,6.256352128,133.543181,2.3512,3.29E+03,30.76,120.4,5772,0.836,15.798
CONFIRMED,16.17803,132.326,5.18,4.49E+02,2.25,6,5929,1.069,14.472
FALSE POSITIVE,2.37795507,132.557333,2.4329,4.39E+03,92.61,257.5,9565,2.286,11.639
FALSE POSITIVE,2.053866175,132.944062,4.8045,5.02E+03,158.25,380.5,5051,4.089,13.912
FALSE POSITIVE,36.5521313,165.0716,2.481,2.83E+02,0.9,7.7,4722,0.527,15.377
FALSE POSITIVE,5.177577252,132.9009561,2.4777,1.33E+03,73.82,23.6,7429,1.796,12.616
FALSE POSITIVE,4.08029328,131.7047,2.8343,1.13E+03,2.92,43.1,5619,0.874,15.488
CONFIRMED,104.3519624,190.10261,3.695,2.44E+02,1.39,15.8,5650,0.87,12.57
CANDIDATE,6.06330298,136.17607,3.275,2.01E+02,1.64,13.1,6308,1.153,15.212
CANDIDATE,86.431871,423.0356,7.374,4.15E+02,2.85,11.2,6325,1.112,15.212
CANDIDATE,26.1152887,145.5641,12.54,7.00E+01,2.38,10.6,5190,2.912,13.274
FALSE POSITIVE,469.52303,381.4073,5.487,3.56E+02,2.1,10.5,6197,1.035,14.091
FALSE POSITIVE,11.83271013,137.5928634,6.152,1.76E+02,1.17,12.7,5639,0.859,15.228
FALSE POSITIVE,32.66996259,159.4801924,3.581,3.65E+02,1.37,6.2,4871,0.741,15.536
CANDIDATE,269.306232,285.6272,14.931,1.71E+03,24,18.1,5251,0.817,15.855
FALSE POSITIVE,19.93364711,143.94041,8.6122,1.75E+05,75.88,1863.4,6505,1.29,14.575
FALSE POSITIVE,1.071911311,131.607529,3.8559,9.82E+03,40.32,397.6,5885,0.933,15.083
FALSE POSITIVE,18.0196514,148.6673673,5.08572,1.77E+05,31.77,3373.3,5278,0.659,14.928
FALSE POSITIVE,117.934158,197.8657,9.25,1.88E+02,3.76,12.9,6790,2.597,13.232
FALSE POSITIVE,4.032762189,133.3016604,4.14212,1.19E+05,35.22,1520,5960,0.962,13.861
FALSE POSITIVE,2.371589507,132.743293,3.5116,2.35E+05,88.22,386,5340,0.601,14.528
FALSE POSITIVE,5.09112124,135.17945,2.159,1.15E+02,3.58,11.4,6705,3.293,11.585
FALSE POSITIVE,4.206070484,132.248423,10.6988,1.20E+05,172.66,508,8212,3.185,11.684
FALSE POSITIVE,0.905677864,132.197687,2.2432,3.67E+03,325.51,107.4,5037,7.553,6.966
CANDIDATE,96.509214,223.808,0.589,1.53E+03,860.3,3.8,7343,2.955,8.655
CANDIDATE,69.64679311,138.283056,3.71,,,,,,13.735
CANDIDATE,111.65546,148.8939,1.051,2.89E+03,2121,7,6967,1.863,13.735
CANDIDATE,86.13201864,164.2236993,3.11,,,,,,13.735
FALSE POSITIVE,94.219289,196.1952,24.312,1.03E+03,2.15,37.6,4641,0.694,15.703
FALSE POSITIVE,297.113395,309.1459,4.529,2.75E+02,5.37,10.1,6626,3.206,9.666
CONFIRMED,180.921729,234.3344,8.99,7.42E+02,2.3,16.2,5818,0.848,14.876
FALSE POSITIVE,4.478116695,132.8719936,3.357,1.18E+05,38.85,3665.4,6304,1.058,15.534
FALSE POSITIVE,0.579108481,131.7753,1.659,6.84E+01,0.42,9.3,4604,0.501,15.815
FALSE POSITIVE,1.27620899,131.6866,2.169,1.86E+02,1.46,11.4,6304,1.058,15.534
FALSE POSITIVE,528.50344,209.8264,6.394,1.34E+02,2.2,11.7,7102,1.874,11.741
CANDIDATE,47.14404783,172.855768,4.35,,,,,,11.741
CANDIDATE,197.0543157,266.1346771,6.38,,,,,,12.366
CANDIDATE,406.496216,325.9025,3.495,3.80E+02,1.77,6.9,5847,0.884,13.893
CANDIDATE,491.6151681,295.3512988,6.31,,,,,,13.893
FALSE POSITIVE,2.027383251,131.686117,1.5528,3.86E+03,31.12,126.1,5544,0.875,15.476
FALSE POSITIVE,10.73370737,141.11176,7.6706,6.16E+03,18.7,239.5,5971,2.003,13.602
FALSE POSITIVE,9.449438672,136.025779,5.5479,1.29E+04,60.59,231.4,6558,1.431,13.099
FALSE POSITIVE,8.752913958,138.724933,3.4546,4.18E+04,119.91,326.1,7279,2.624,11.961
CANDIDATE,499.47338,455.5672,12.248,1.66E+03,3.71,15.7,5251,0.817,15.855
FALSE POSITIVE,1.985586627,132.9336782,2.53163,7.26E+04,105.22,1594.1,6651,3.219,11.427
FALSE POSITIVE,16.57902805,146.733098,7.803,3.80E+04,49.01,813.6,5870,2.3,12.887
FALSE POSITIVE,513.42784,174.3904,6.278,5.23E+02,14.87,11.5,4833,6.065,13.175
FALSE POSITIVE,2.064900876,132.874485,6.8769,1.09E+04,38.19,364,5714,0.901,14.597
FALSE POSITIVE,9.751720174,138.538319,16.1937,3.33E+05,182.09,1767.3,5147,3.145,13.531
CONFIRMED,19.672324,134.3013,4.812,6.50E+02,4.07,20.6,6486,1.485,14.263
CONFIRMED,32.657035,152.881,5.953,6.20E+02,3.73,17.9,6486,1.485,14.263
CANDIDATE,7.3138454,137.561,2.273,2.48E+02,2.73,9.2,6486,1.485,14.263
FALSE POSITIVE,4.592401261,133.139791,4.96038,8.74E+04,52.18,5784.8,7201,1.724,12.93
FALSE POSITIVE,6.70995253,134.02352,2.297,8.60E+01,1.1,9.8,6461,1.131,13.872
FALSE POSITIVE,5.776794344,133.6275034,6.33505,1.22E+05,129.2,8022.8,7666,3.601,11.61
FALSE POSITIVE,23.19923256,146.6907294,2.09,,,,,,15.778
FALSE POSITIVE,0.503199724,131.90627,1.117,2.76E+02,1.06,10.1,4013,0.63,14.155
FALSE POSITIVE,4.768540307,133.8648842,0.9938,3.48E+02,1.84,4,5491,0.887,14.189
FALSE POSITIVE,73.91858615,154.696798,6.9735,1.84E+05,89.96,933.5,6300,1.057,15.401
CANDIDATE,212.4350367,239.8349648,4.26,,,,,,12.914
CANDIDATE,11.1619384,133.5538,5.195,1.24E+02,1.97,13.4,6200,1.64,13.374
FALSE POSITIVE,2.38793696,133.22902,17.302,1.14E+02,25.56,41.7,6769,1.161,14.394
FALSE POSITIVE,589.17968,185.0175,10.2,2.53E+02,4.91,7.7,5295,3.152,13.439
CANDIDATE,76.83994597,171.7707187,3.11,,,,,,12.914
CANDIDATE,78.86684,143.7314,4.5,8.61E+01,1.3,4.8,6907,1.381,12.914
FALSE POSITIVE,4.618767943,133.386655,6.03,3.26E+04,32.36,674.9,6195,1.781,11.685
FALSE POSITIVE,3.60727417,133.77548,14.0841,8.42E+05,221.55,710.9,7026,1.785,15.076
FALSE POSITIVE,2.565717939,133.22148,1.7084,1.94E+03,180.8,45.8,11360,4.712,10.846
FALSE POSITIVE,22.05274533,151.552457,5.5924,1.39E+04,32.56,343.5,5510,0.741,15.44
FALSE POSITIVE,2.881338104,132.909319,3.5943,2.53E+03,31.58,111.3,5783,0.88,15.139
FALSE POSITIVE,4.078355243,132.160073,6.4649,3.61E+04,16.73,310,5872,0.867,14.936
FALSE POSITIVE,7.73590441,137.98785,4.4389,4.65E+02,21.3,59.5,5927,0.86,13.241
FALSE POSITIVE,3.530164642,134.77535,4.11466,6.99E+04,35.71,731.2,6208,1.344,13.924
CANDIDATE,28.8672107,156.19578,3.782,3.47E+02,1.51,12,5191,0.837,15.258
CANDIDATE,48.9528113,139.6768278,1.66,,,,,,12.182
FALSE POSITIVE,94.225938,196.1319,22.08,5.30E+02,1.93,25.4,5421,0.852,15.454
CANDIDATE,431.78556,507.3561,9.135,3.33E+02,1.36,9.4,5642,0.747,14.401
FALSE POSITIVE,395.07333,244.4858,7.844,6.45E+02,230.33,16.4,3599,98.38,13.544
FALSE POSITIVE,1.51918335,131.913532,5.45573,5.00E+05,128.17,899.3,7426,1.698,15.106
FALSE POSITIVE,13.59940118,133.0874188,2.52,,,,,,15.191
FALSE POSITIVE,2.745910734,133.1719105,4.02594,2.87E+05,61.16,1550.9,5372,0.96,15.316
FALSE POSITIVE,1.608363345,131.58432,2.1988,9.61E+04,19.36,312.3,5022,0.589,13.819
FALSE POSITIVE,5.746017234,132.042549,3.6347,2.92E+04,29.32,393.9,5940,0.96,14.737
CANDIDATE,144.102562,198.0696,2.753,1.71E+02,1.67,4.1,6528,1.26,12.431
CANDIDATE,112.317402,241.6462,3.471,1.82E+02,1.77,7.8,6528,1.26,12.431
CANDIDATE,9.13315062,139.9861,2.1557,2.31E+02,1.48,23,6122,0.964,11.767
FALSE POSITIVE,3.963787093,135.029951,3.10316,2.50E+04,28.11,584.8,6617,1.18,14.281
FALSE POSITIVE,1.759208679,132.6537254,4.60837,3.62E+05,66.06,1967.2,5721,0.961,15.409
FALSE POSITIVE,1.6031794,131.5678,0.91,,,,,,14.653
CANDIDATE,335.56311,340.6688,13.06,1.58E+02,1.83,7.2,6200,1.448,13.959
FALSE POSITIVE,6.496031958,135.4687416,5.21924,1.09E+05,32.33,1797.6,5516,0.988,14.502
FALSE POSITIVE,4.012537983,134.652406,2.0101,1.98E+04,9.96,166,4483,0.63,15.381
FALSE POSITIVE,1.594162001,132.634679,5.4958,9.88E+03,26.11,415,5388,0.885,14.585
FALSE POSITIVE,10.23893988,132.722552,3.4851,3.15E+03,22.09,427.6,6244,1.807,13.897
FALSE POSITIVE,5.499941387,136.869403,5.1339,4.01E+04,23.34,506.4,6435,1.157,15.48
FALSE POSITIVE,8.667826242,137.3415297,5.06514,4.35E+04,37.51,4638.1,6712,1.538,13.089
FALSE POSITIVE,265.2996227,316.91977,8.8452,1.00E+05,33.81,616.3,5873,0.863,15.518
FALSE POSITIVE,265.2999623,316.91821,8.8577,3.18E+04,25.56,154.7,6108,0.997,15.279
FALSE POSITIVE,98.1020983,170.33189,1.225,1.84E+02,1.97,6.9,6669,1.427,13.557
FALSE POSITIVE,182.467019,215.019,7.607,1.02E+03,3.73,12.5,6299,1.167,13.408
FALSE POSITIVE,126.5783727,198.1194352,2.5,,,,,,13.408
FALSE POSITIVE,11.41437505,142.59649,6.276,4.60E+04,44.08,34.2,6826,1.52,11.254
CANDIDATE,154.607419,250.5204,9.225,2.80E+02,1.56,13.4,6017,0.931,13.936
CANDIDATE,57.132855,152.9919,4.958,4.14E+02,1.81,11,5157,0.904,15.369
FALSE POSITIVE,151.31847,148.9275,16.45,1.05E+02,1.13,6,6003,1.085,12.744
FALSE POSITIVE,10.4032399,138.18443,23.85,1.06E+03,51.47,272.8,6428,1.436,13.272
FALSE POSITIVE,1.853209359,132.249661,1.7543,1.23E+04,32.99,238.9,6384,1.716,13.085
FALSE POSITIVE,14.66769462,139.161736,2.4462,2.99E+04,145.18,86.5,7517,3.226,13.415
CANDIDATE,28.2251049,153.7452,2.354,2.01E+02,1.59,8.9,6014,1.021,14.651
CANDIDATE,150.381954,205.2811,4.968,3.96E+02,2.26,7.8,5569,0.954,15.198
CANDIDATE,95.906433,226.921,4.08,8.36E+02,2.17,11,4620,0.736,15.504
FALSE POSITIVE,11.4132144,140.11988,2.371,7.64E+01,1.03,10.4,6188,1.155,13.746
CANDIDATE,445.21685,202.847,16.37,2.12E+02,1.37,11.1,5670,0.95,13.865
FALSE POSITIVE,172.178768,139.442,1.19,5.01E+02,2.29,4.7,6208,1.009,14.349
CANDIDATE,35.502865,150.4186,8.149,1.16E+02,2.18,11,5528,1.839,14.31
FALSE POSITIVE,13.78752053,136.762097,2.55435,1.30E+04,25.33,2126.1,6399,1.289,12.14
FALSE POSITIVE,8.2904597,132.24956,2.6002,1.73E+05,23.96,297.2,4601,0.566,17.409
CANDIDATE,66.789347,184.4713,4.08,3.59E+02,2.07,9.5,6297,1.031,15.083
CANDIDATE,6.150251376,134.4228253,1.68923,2.13E+03,100.03,471,8914,2.867,10.622
FALSE POSITIVE,8.214204254,135.01403,4.5905,7.42E+04,42.29,613.1,5654,0.774,16.356
FALSE POSITIVE,15.71377375,132.09973,7.464,9.48E+03,10.85,98.1,5812,0.96,14.292
FALSE POSITIVE,5.918619554,132.924716,3.94804,9.41E+04,29.98,1117,5957,0.971,15.678
FALSE POSITIVE,3.319523463,131.923046,3.3465,3.88E+04,38.37,249.4,5761,0.791,15.101
FALSE POSITIVE,5.874197307,134.3187261,4.26585,2.06E+05,59.2,2200,6103,1.083,14.857
FALSE POSITIVE,19.7959731,135.93667,5.342,3.34E+02,3.47,16.6,6731,1.876,9.816
CANDIDATE,29.5126153,134.7234,6.314,1.88E+02,1.84,9.4,5746,1.351,15.334
FALSE POSITIVE,209.0005502,149.8223238,2.52,,,,,,15.334
FALSE POSITIVE,5.614892073,132.842964,3.7294,2.37E+03,1192.79,122.3,4289,35.695,11.925
CONFIRMED,12.2064304,134.053,2.407,1.34E+03,5.41,16.2,5254,1.514,14.13
CONFIRMED,6.6513189,135.289,2.135,1.06E+03,4.81,15.3,5254,1.514,14.13
FALSE POSITIVE,3.905532605,133.349361,6.8091,7.31E+04,21.37,350.4,5495,0.798,12.862
CONFIRMED,210.631486,300.72292,8.419,1.66E+03,3.23,25.9,4895,0.759,15.195
CANDIDATE,455.27405,367.95,2.4,3.66E+02,1.54,4.5,5178,0.818,13.829
CANDIDATE,117.761,175.5599,3.454,5.39E+01,0.62,7.1,5564,0.85,11.195
CANDIDATE,46.331703,173.2164,4.514,3.00E+02,1.39,9.4,5477,0.815,15.378
CONFIRMED,0.766691517,132.19667,1.2638,2.44E+02,1.22,29.5,4821,0.788,14.903
FALSE POSITIVE,5.2438528,132.6659,10.539,1.36E+02,1.11,17.8,5815,0.918,15.656
FALSE POSITIVE,93.6273251,222.5881699,1.92,,,,,,15.956
CANDIDATE,7.1931193,137.2737,2.935,1.26E+02,1.12,10.7,5518,1.008,14.834
FALSE POSITIVE,6.474202359,134.3950738,3.35989,2.03E+05,28.96,1284,4947,0.624,14.998
FALSE POSITIVE,8.4803048,135.85228,7.5348,2.67E+03,4.13,70.1,5478,0.812,15.736
FALSE POSITIVE,8.947426242,132.0457395,4.89701,8.60E+04,45.87,7878,6297,1.506,12.985
FALSE POSITIVE,9.93443795,132.87307,8.098,2.75E+03,35.54,92.8,5763,0.998,15.777
FALSE POSITIVE,2.173552528,132.3118,1.6107,3.03E+03,23.51,35.9,5008,0.594,14.605
CANDIDATE,47.7439509,160.15905,2.99,9.69E+01,1.74,15,5949,1.292,11.472
CANDIDATE,4.57834367,132.2982,3.987,1.41E+02,1.44,11.4,5782,1.22,15.214
FALSE POSITIVE,10.15771597,139.442275,2.9526,9.52E+03,42.27,168,5993,0.986,15.589
CANDIDATE,12.654896,134.6826,4.325,1.01E+02,1.02,10.4,5833,1.022,14.264
CANDIDATE,131.258668,182.3187,4.89,1.53E+02,1.59,8.5,6443,1.248,12.236
CANDIDATE,92.552007,221.5872,2.135,2.83E+02,2.1,7.3,5808,1.22,14.452
CANDIDATE,75.072964,147.1591,9.21,7.43E+01,1.09,7.1,6443,1.248,12.236
FALSE POSITIVE,404.701927,196.6089,3.981,2.36E+02,1.94,7.8,6443,1.248,12.236
FALSE POSITIVE,0.779609509,131.67843,4.013,8.85E+01,1.07,21,5899,1.07,15.211
FALSE POSITIVE,15.80529628,135.9561178,1.56,,,,,,13.148
FALSE POSITIVE,2.103239235,132.8681395,7.08365,3.15E+05,64.15,3069.4,6074,0.965,14.169
CANDIDATE,31.8134892,137.82331,1.422,2.34E+02,1.18,5.2,5505,0.776,14.458
CANDIDATE,115.230655,176.644,17.735,1.64E+02,4.02,21.3,6585,2.517,12.605
CONFIRMED,184.262741,255.2287,11.94,2.92E+02,2.57,21.1,6115,1.291,13.312
CANDIDATE,106.25976,132.2417,6.101,3.54E+02,1.5,7.7,4827,0.823,15.141
CANDIDATE,505.462916,458.07755,10.127,1.72E+03,3.46,17.6,4817,0.833,15.768
CANDIDATE,274.743032,300.5018,9.137,3.09E+02,2.16,12.2,6277,1.207,13.749
CANDIDATE,360.477635,253.9112,4.332,6.04E+02,11943.8,7.3,6266,1.522,14.327
CANDIDATE,18.0811429,140.5222,4.44,7.12E+01,0.75,5.7,5693,0.856,14.754
CONFIRMED,20.9569985,139.07664,3.493,1.92E+03,2.38,22.7,3891,0.564,16.279
FALSE POSITIVE,15.24933591,143.662829,3.82224,3.46E+04,45.92,635.5,6385,1.189,13.593
FALSE POSITIVE,4.816610903,133.763636,3.82353,8.02E+04,26.15,759.1,5796,0.904,14.843
FALSE POSITIVE,2.305903447,131.7928588,3.3828,2.33E+04,39.04,511.7,9696,2.492,16.321
FALSE POSITIVE,1.814128042,131.938871,3.0646,2.06E+03,426.98,163.9,4822,12.899,11.78
FALSE POSITIVE,1.247121237,132.39461,9.363,9.67E+02,18.39,92.1,4852,0.651,13.704
FALSE POSITIVE,4.128795314,132.5796644,2.771,1.55E+05,52,1041.8,5949,1.083,13.1
FALSE POSITIVE,3.269176601,133.257825,2.7233,5.91E+04,164.61,515.5,6372,1.015,14.966
CANDIDATE,5.902596818,136.388994,5.5711,5.49E+04,25.8,533.9,6184,1.094,15.179
FALSE POSITIVE,15.99509405,147.305407,8.45037,4.43E+04,17.09,2019.7,5899,0.805,15.284
CANDIDATE,214.013044,179.8607,7.87,1.23E+02,1.54,9,6698,1.37,12.445
FALSE POSITIVE,0.70914232,132.1761,1.936,2.56E+03,7.27,2.6,5350,0.693,14.677
FALSE POSITIVE,9.86869589,138.99584,2.876,5.92E+03,21.68,15.8,7301,1.717,10.656
FALSE POSITIVE,66.34455122,153.314206,3.64,,,,,,15.189
CANDIDATE,143.09688,143.701,17.74,1.25E+02,1.48,6.4,6725,1.31,11.538
CANDIDATE,73.4567573,172.3647107,2.74,,,,,,11.538
FALSE POSITIVE,0.978362973,132.126,1.206,3.71E+01,1.04,15.9,7193,1.671,12.34
CANDIDATE,13.0327301,133.6778,3.902,2.42E+02,1.64,11.1,6122,0.996,15.863
CONFIRMED,37.6333868,158.8156,4.49,1.66E+03,2.25,18.6,3891,0.564,16.279
CANDIDATE,31.9533679,159.6588,8.424,1.06E+02,1.65,15.2,6313,1.467,12.742
CANDIDATE,458.16754,462.2522,6.97,6.83E+02,2.11,5.6,5536,0.816,15.983
CANDIDATE,67.8766605,187.3703,2.598,3.89E+02,1.92,9.1,6018,0.975,14.953
FALSE POSITIVE,15.0367776,133.6558,3.042,5.04E+02,8.02,10.8,3729,0.514,15.665
CANDIDATE,25.0901574,138.4988,8.273,3.77E+01,1.35,12.1,6033,1.788,12.014
CONFIRMED,12.25384348,143.70549,2.373,1.48E+02,1,12.3,5413,0.82,13.747
CANDIDATE,326.6708,327.7185,10.84,3.86E+02,2.2,10.8,5896,1.072,14.388
CANDIDATE,143.2110936,221.7556468,2.71,,,,,,13.224
CANDIDATE,362.97828,256.5011,14.083,2.61E+02,1.96,13,6086,1.216,14.061
CANDIDATE,240.192808,168.3047,9.72,6.06E+02,2.68,12,6004,0.977,14.957
FALSE POSITIVE,22.16127178,148.46378,3.699,5.26E+03,69.44,56.6,5893,1.745,13.034
CANDIDATE,86.723653,195.3511,4.852,2.41E+02,1.43,9.4,5830,0.876,14.246
FALSE POSITIVE,2.745121487,133.619276,2.9845,1.46E+04,9.55,86.7,4608,0.658,15.187
FALSE POSITIVE,282.9656538,193.502758,21.4259,4.68E+05,71.61,1365.9,5999,0.959,13.974
FALSE POSITIVE,37.32030954,135.426946,6.9616,4.33E+03,36.96,171.3,5910,0.94,14.277
CANDIDATE,36.566324,141.4473,4.832,2.94E+03,15.41,8.1,5294,2.884,17.195
FALSE POSITIVE,5.889372452,134.779685,4.94674,5.68E+04,50.78,4146.7,7249,2.071,12.472
FALSE POSITIVE,2.581595167,132.947414,4.9153,1.71E+05,40.94,338.2,5720,0.989,15.35
CANDIDATE,20.5736113,149.1939,11.222,7.60E+01,3.86,12.3,5440,4.524,13.33
FALSE POSITIVE,0.566801886,131.8258,5.733,5.90E+00,0.54,16.3,7589,2.169,10.238
FALSE POSITIVE,180.71809,222.2962,10.85,3.12E+01,1.28,8.6,7608,1.991,10.505
FALSE POSITIVE,6.5583706,133.83031,3.286,1.36E+02,39.06,18.1,6144,1.606,10.609
FALSE POSITIVE,434.39148,131.4436,13.02,1.20E+02,1.59,10.4,5971,0.868,10.614
FALSE POSITIVE,71.1577054,178.29611,4.85,,,,,,10.923
FALSE POSITIVE,73.26417,173.8331,5.54,3.84E+01,1.32,3,5424,2.11,11.026
CONFIRMED,11.3220104,142.7143,5.86,1.71E+01,0.91,8.1,6003,2.193,11.158
FALSE POSITIVE,681.9363102,289.0653808,7.94066,1.87E+05,61.52,5388.3,6095,1.035,11.3
FALSE POSITIVE,0.705891195,131.62062,5.281,1.50E+01,1,32.9,10346,2.449,11.321
FALSE POSITIVE,377.88909,143.4845,9.259,9.28E+01,3.17,11.6,9030,3.218,11.471
FALSE POSITIVE,199.21638,293.6619,9.23,6.25E+01,2.36,10.6,8914,2.867,11.472
FALSE POSITIVE,121.70747,229.2617,1.37,9.82E+01,3.02,6.9,6362,2.27,11.496
FALSE POSITIVE,273.528359,246.3207,22.346,4.09E+02,115.4,32.1,7682,2.783,11.575
FALSE POSITIVE,3.88258905,134.82111,2.741,5.78E+01,0.78,13.2,5780,1,11.706
FALSE POSITIVE,135.57186,245.3504,9.94,4.12E+01,0.83,5.7,6070,1.277,11.766
CANDIDATE,0.954388314,132.44537,6.26,5.72E+01,2.27,56.3,7056,2.785,11.872
FALSE POSITIVE,173.06929,221.2582,12.84,5.77E+02,30.29,19.9,7296,1.818,11.943
FALSE POSITIVE,1.039046871,131.54272,1.689,2.44E+01,0.48,9.3,5689,0.976,12.023
FALSE POSITIVE,0.607538435,131.70989,5.549,3.49E+01,1.34,30.4,7076,1.691,12.156
FALSE POSITIVE,0.98762513,131.97212,1.127,2.86E+01,1.14,14.8,9456,2.022,12.234
FALSE POSITIVE,113.0707574,171.705,9.03,,,,,,12.267
FALSE POSITIVE,66.713573,170.075,4.487,6.39E+01,0.98,6.7,6745,1.182,12.301
FALSE POSITIVE,135.223193,246.3872,8.989,5.63E+01,0.92,8.9,6181,1.227,12.452
FALSE POSITIVE,195.7093855,177.4118,10.78,,,,,,15.322
FALSE POSITIVE,27.6775212,146.1243,2.513,2.94E+02,23.04,12.3,5797,0.828,13.678
FALSE POSITIVE,35.2340413,164.0831,11.874,4.66E+02,2.21,14.7,6295,1.014,15.598
FALSE POSITIVE,20.9794338,147.72605,3.762,2.39E+03,24.76,32.2,5182,0.666,15.486
FALSE POSITIVE,15.6937855,131.9841,5.149,3.68E+02,1.99,14.2,5868,1.037,15.281
CANDIDATE,5.77451117,134.51434,3.752,1.56E+02,1.87,11.2,5821,1.492,15.589
FALSE POSITIVE,20.73376301,132.84493,5.8043,1.05E+05,54.58,97.3,5780,1,17.474
FALSE POSITIVE,63.571688,186.4598,6.01,5.91E+02,2.14,5.4,5504,0.819,15.635
FALSE POSITIVE,338.20075,263.5018,15.23,6.78E+02,2.08,11.1,5381,0.811,15.65
CONFIRMED,124.922516,129.7295,11.942,4.99E+02,3.37,24.4,5970,1.2,13.804
FALSE POSITIVE,1.303570451,146.145985,2.28163,3.32E+05,235.58,573.2,4884,3.584,15.832
FALSE POSITIVE,3.72277264,136.51757,15.869,1.11E+03,22.78,58.1,5333,0.688,15.673
FALSE POSITIVE,3.886730304,135.0201,16.1723,3.72E+05,61.58,280.6,5780,1,16.81
FALSE POSITIVE,49.5740154,201.97177,63.196,8.77E+03,5.01,200.6,4040,0.527,13.534
FALSE POSITIVE,10.42360821,138.01504,5.404,8.78E+02,1.67,18.7,4260,0.58,15.719
CANDIDATE,10.1384691,137.7149,4.026,9.28E+01,0.74,9.1,5483,0.779,14.64
CONFIRMED,85.517344,181.351,9.331,2.70E+02,3.04,12.9,5592,1.451,14.513
FALSE POSITIVE,161.2529031,189.10446,24.3711,9.40E+04,59.07,576.6,9341,1.87,7.391
FALSE POSITIVE,0.761119678,131.68986,1.43,1.11E+03,27.81,9.7,6911,1.501,7.899
FALSE POSITIVE,94.212787,196.3636,14.48,5.57E+04,35.89,112.3,6911,1.501,7.899
CANDIDATE,8.6040858,138.163,3.01,8.76E+01,0.94,6.4,6250,0.986,15.173
FALSE POSITIVE,1.330333096,132.785555,5.045,6.19E+04,24.3,700.5,5984,0.906,15.423
FALSE POSITIVE,1.140133012,132.34077,9.251,2.23E+02,126.77,63.4,6715,5.97,13.411
FALSE POSITIVE,7.946367138,135.0947711,2.58667,2.78E+05,36.01,1228.9,4789,0.573,13.811
FALSE POSITIVE,16.8320798,133.1746947,7.79748,4.84E+04,61.35,5156.6,6300,2.755,13.125
FALSE POSITIVE,7.346159047,136.8912771,6.5974,1.22E+05,44.48,2541.2,5616,0.81,15.63
FALSE POSITIVE,26.2402438,151.5242,3.024,1.74E+02,1.16,7.9,5649,0.875,14.68
FALSE POSITIVE,10.73842724,139.893962,2.3544,1.68E+03,6.96,112.8,6180,1.686,11.809
CANDIDATE,65.415183,140.2325,4.224,4.17E+02,1.31,8.9,4348,0.646,15.559
CANDIDATE,72.28198,156.753,2.478,1.27E+03,13.11,5.4,7694,3.627,9.277
FALSE POSITIVE,23.83238251,143.2182023,7.06068,2.79E+05,63.78,2389.2,5722,1,15.581
FALSE POSITIVE,1.428766771,132.1908553,3.9753,9.22E+01,1.01,3.6,6197,1.035,14.701
FALSE POSITIVE,14.5567427,135.6994,1.421,1.85E+02,1.38,8.9,6153,0.993,14.927
FALSE POSITIVE,1.106560721,132.3745985,2.64151,2.54E+05,47.63,643.6,6205,0.873,15.415
FALSE POSITIVE,0.721624431,131.859672,2.54242,1.58E+05,40.61,514.4,5067,0.715,14.424
CANDIDATE,371.7096571,163.4814151,4.65,,,,,,14.936
FALSE POSITIVE,10.81589054,139.7935811,4.73495,4.54E+04,32.48,4313.4,6269,1.508,12.96
FALSE POSITIVE,4.1747072,134.604,11.13,,,,,,12.472
FALSE POSITIVE,0.622303871,132.0916,1.84,8.09E+01,0.77,9.9,5672,0.853,14.519
FALSE POSITIVE,23.3924063,139.7612,3.416,6.23E+01,0.84,8.1,6221,1.05,12.845
CANDIDATE,75.906736,185.6963,11.64,2.69E+01,0.63,9.2,6140,1.206,11.649
CANDIDATE,2.15888911,131.97752,1.791,1.02E+02,0.72,9.9,5269,0.713,15.377
FALSE POSITIVE,4.608901433,133.9949845,8.73393,3.79E+05,48.72,2624.6,5938,0.755,15.322
CANDIDATE,17.5806026,148.6715,4.17,1.39E+02,1.87,8.4,5839,1.358,14.989
FALSE POSITIVE,3.326193904,133.329774,2.08375,1.78E+05,14.72,502,3520,0.349,14.888
FALSE POSITIVE,12.82327546,136.1765764,5.32062,1.22E+05,44.29,2541.7,5973,0.826,15.626
FALSE POSITIVE,37.18327633,158.645758,14.0996,2.21E+05,55,2648.4,5657,1.168,13.84
FALSE POSITIVE,5.065329723,134.9819163,4.90392,1.56E+05,60.35,5497,6350,1.286,13.955
FALSE POSITIVE,0.957079167,131.7737065,3.85011,4.87E+04,72.76,3062.6,6367,1.468,13.484
FALSE POSITIVE,9.380632783,132.5586444,4.295,6.58E+04,46.72,1053.1,5926,0.913,15.435
FALSE POSITIVE,10.06468789,135.251088,3.59854,1.01E+04,30.11,585.4,5185,0.705,14.674
CANDIDATE,2.71772323,133.9451,3.22,7.03E+01,0.72,9.3,5135,0.874,14.52
FALSE POSITIVE,7.73591011,137.9876592,5.01919,3.15E+05,50.46,3786.7,5623,0.763,12.408
FALSE POSITIVE,3.359470825,133.952372,2.14715,2.71E+03,129.93,504.1,6587,3.514,12.983
FALSE POSITIVE,20.72925511,134.55034,7.53677,3.42E+05,53.87,2957.7,5256,0.802,14.807
FALSE POSITIVE,3.04459739,132.4989,7.638,6.61E+01,0.62,18.2,5525,0.753,14.567
FALSE POSITIVE,3.796448299,131.37037,11.5917,5.23E+05,232.39,1487.2,8117,3.07,14.005
FALSE POSITIVE,3.79654367,133.2353,11.4071,7.08E+04,159.34,283.7,8117,3.07,14.005
FALSE POSITIVE,15.92699063,144.4526221,11.5142,3.94E+05,93.94,3458.3,5191,0.65,15.538
CANDIDATE,23.9830523,136.7741,8.77,8.32E+01,1.17,11.3,5696,1.292,13.863
FALSE POSITIVE,1.219049953,132.09455,1.477,5.35E+01,2.48,10.1,5742,3.374,13.92
FALSE POSITIVE,0.64585177,131.889136,1.97644,3.09E+05,51.1,808.3,4399,0.463,15.33
CANDIDATE,134.413808,227.9768,13.907,2.06E+02,1.69,12.5,6013,1.187,14.262
FALSE POSITIVE,1.70192371,131.955498,3.0271,4.98E+04,40.15,351.1,5826,1.262,12.533
FALSE POSITIVE,1.20693963,132.63953,6.881,2.00E+01,0.97,24.3,7331,2.041,12.317
FALSE POSITIVE,3.008602107,132.923023,4.34296,1.20E+05,56.15,502,6033,1.026,13.053
FALSE POSITIVE,41.81145,166.5262,2.208,3.02E+02,1.4,5.9,5593,0.812,15.017
FALSE POSITIVE,0.846291334,132.1935855,1.79962,1.90E+05,30.8,1049.3,4627,0.526,15.994
FALSE POSITIVE,1.930451347,131.770748,3.87956,5.31E+04,58.77,602.3,6154,1.168,13.017
FALSE POSITIVE,2.427967843,133.598772,4.7847,1.27E+05,108.33,472.8,7652,1.921,10.367
CANDIDATE,347.97611,169.433,16.77,3.41E+02,1.62,11.9,5995,0.878,14.648
FALSE POSITIVE,6.840305932,137.5713643,4.32742,1.25E+05,62.08,2025.7,5970,0.908,15.445
FALSE POSITIVE,1.032967155,131.92284,1.17,1.27E+02,21.22,8.3,5283,18.959,12.698
FALSE POSITIVE,2.489550708,132.044138,2.84685,2.98E+04,36.91,443.6,6018,0.794,13.669
FALSE POSITIVE,2.980479588,134.40206,3.72527,3.75E+05,70.52,1737.7,6065,1.047,14.647
FALSE POSITIVE,4.81712182,133.10276,2.45699,3.58E+04,43.45,445.3,5419,0.795,15.973
FALSE POSITIVE,2.479948394,133.643169,5.7219,1.51E+05,35.62,489.6,5391,0.822,14.742
FALSE POSITIVE,1.58742695,131.9849807,2.66475,7.62E+04,37.64,1150.7,6440,1.241,13.296
FALSE POSITIVE,19.66840482,132.523858,21.1764,3.53E+05,42.91,1834.5,5260,0.717,13.486
CANDIDATE,11.8187288,132.51,4.017,2.49E+02,2.09,10.3,5803,1.328,15.271
CANDIDATE,5.78901936,136.9845,3.102,1.10E+02,0.78,7.8,5289,0.748,14.791
FALSE POSITIVE,0.968065631,131.97214,1.772,9.25E+01,0.68,14,5367,0.687,15.247
FALSE POSITIVE,0.824181335,131.68906,2.4864,2.25E+02,18.2,40.2,5977,0.883,14.638
CANDIDATE,12.26708306,141.2841427,2.7,,,,,,12.322
FALSE POSITIVE,2.45261841,133.60879,1.9,8.55E+01,0.69,8.8,5216,0.751,15.223
CANDIDATE,6.33342309,133.7198,3.46,1.23E+02,7.62,7.5,4352,0.613,15.073
CANDIDATE,5.522479,133.1184,2.666,3.31E+01,0.76,8.6,6532,1.247,13.05
FALSE POSITIVE,0.706423768,132.15228,1.0597,4.61E+01,1.16,15.9,6514,1.585,12.892
CANDIDATE,9.4588054,136.8156,3.66,2.70E+02,1.78,8.6,6247,1.066,15.812
FALSE POSITIVE,25.9534494,154.8716,6.001,5.29E+02,2.06,10.5,5591,0.86,15.79
FALSE POSITIVE,3.49550335,132.0754,3.799,6.09E+01,0.66,9.6,5582,0.85,14.248
FALSE POSITIVE,25.95193721,154.881253,15.9897,3.99E+05,123.34,915.3,6569,1.729,9.277
CANDIDATE,71.008017,140.865,5.395,1.70E+02,1.11,6.6,5847,0.849,14.603
FALSE POSITIVE,31.02431043,158.8651537,7.63621,9.65E+04,93.29,4403.8,6011,1.741,12.512
FALSE POSITIVE,0.634131057,131.78951,2.851,2.71E+01,0.58,11.7,6428,1.109,12.939
CANDIDATE,2.90805147,134.3193,2.812,1.03E+02,0.97,8.3,5889,0.869,14.557
FALSE POSITIVE,1.992098705,132.891052,4.03833,6.94E+04,45.85,1186,6024,0.9,14.985
FALSE POSITIVE,1.78752921,132.4646,5.315,6.29E+01,5.86,16,6286,7.342,11.8
FALSE POSITIVE,1.77555333,131.92,14.41,8.35E+01,1.26,14.1,6594,1.138,13.335
FALSE POSITIVE,5.462689263,134.26516,3.2605,4.18E+03,36.25,82.6,5929,0.888,13.266
FALSE POSITIVE,3.58966681,134.56621,18.534,4.21E+02,95.86,102.3,6564,3.837,13.391
FALSE POSITIVE,1.37347867,132.22105,12.62,2.90E+02,4.25,27.2,6877,1.753,12.821
FALSE POSITIVE,1.00960235,131.6797,7.847,3.19E+01,1.94,12.5,6028,2.412,13.572
FALSE POSITIVE,1.060996585,132.53457,2.6494,4.11E+04,64.99,339.5,5433,1.348,14.34
FALSE POSITIVE,2.735152701,133.6322499,0.1046,2.83E+02,3.27,4.7,6333,1.523,13.911
FALSE POSITIVE,9.459993213,138.3433458,5.3012,2.38E+05,51.89,3164.4,5569,0.829,12.989
FALSE POSITIVE,1.208524388,131.985195,1.8478,4.76E+03,26.71,181.3,4963,0.701,15.349
FALSE POSITIVE,3.79187443,134.134368,3.5521,2.31E+05,47.49,1111.9,5622,0.723,13.764
FALSE POSITIVE,17.84432316,133.6947708,5.07999,2.22E+05,90.67,4456.6,5993,1.485,13.745
FALSE POSITIVE,34.6506368,143.0279,10.287,5.03E+02,12.35,21.6,6681,4.185,12.954
CANDIDATE,2.56271232,131.69665,2.163,2.94E+01,0.48,8.2,5190,0.899,13.273
FALSE POSITIVE,12.64330354,139.7603975,5.48853,2.37E+05,34.94,2907.6,3977,0.562,15.701
FALSE POSITIVE,1.36293943,132.7485,10.32,5.44E+01,31.28,15.8,6831,2.106,13.658
FALSE POSITIVE,185.103836,296.7426,4.19,5.81E+02,14.63,10.9,4992,6.226,13.623
FALSE POSITIVE,1.267693801,132.120397,3.57993,3.34E+05,64.84,713.8,5446,0.961,13.62
CANDIDATE,15.08186,141.7289,4.004,8.16E+01,0.98,7.1,5794,1.012,14.45
CANDIDATE,2.44693823,133.00092,0.954,2.64E+01,0.56,9,5821,1.033,12.16
FALSE POSITIVE,7.002865192,136.013297,5.90232,3.50E+05,75.09,8168.6,6818,1.216,13.934
CANDIDATE,13.05609,140.7128,3.498,1.71E+02,1.3,10.8,6078,0.994,15.154
FALSE POSITIVE,0.85450941,132.2059,3.723,1.37E+01,0.35,9,5922,0.921,12.812
FALSE POSITIVE,30.13013,152.231115,13.4919,2.81E+05,83.75,2583.7,6674,1.347,13.076
FALSE POSITIVE,7.0435762,136.2789,15.76,,,,,,12.484
FALSE POSITIVE,9.12208711,138.8352077,4.62417,5.88E+04,52.66,1599.1,5857,1.039,13.666
FALSE POSITIVE,366.71923,185.6459,9.8,2.46E+02,3.35,9.8,6295,2.049,13.302
FALSE POSITIVE,6.373454978,136.899832,3.9377,6.08E+03,51.6,258.1,5953,1.254,13.583
FALSE POSITIVE,1.075577069,131.558551,4.11779,1.41E+05,69.11,1589.6,6011,1.267,13.893
FALSE POSITIVE,0.811390968,131.8759,1.0114,1.40E+02,14.74,19.2,4994,12.487,11.817
FALSE POSITIVE,14.6494599,132.1027,2.883,2.21E+02,1,7.4,5017,0.688,15.376
FALSE POSITIVE,321.00742,301.0957,13.01,3.07E+02,3.7,11.1,5258,2.004,13.636
FALSE POSITIVE,27.81892382,158.10282,8.3777,2.38E+05,50,156.8,6126,0.915,15.325
FALSE POSITIVE,8.467706136,139.412302,4.05376,7.73E+04,43.98,976,5873,0.843,14.408
FALSE POSITIVE,24.70361995,136.13429,6.9719,2.18E+05,30.13,268.7,5030,0.65,15.517
FALSE POSITIVE,5.1348689,134.236,48.69,1.16E+02,16.17,36.1,5515,1.001,14.49
FALSE POSITIVE,5.251918489,136.74098,5.59653,2.96E+05,51.51,6979.7,6099,0.919,14.912
FALSE POSITIVE,3.62944008,134.701164,5.94104,1.30E+05,40.08,5131.4,6284,1.093,12.789
FALSE POSITIVE,43.26330502,150.3780757,10.0915,3.59E+05,62.75,2415.6,5623,0.917,14.977
FALSE POSITIVE,6.042029838,132.205367,8.0666,1.33E+05,23.94,312.5,5030,0.587,13.373
FALSE POSITIVE,2.892087553,133.201742,3.16757,7.16E+04,47.55,563.9,5622,0.924,15.599
FALSE POSITIVE,5.40597608,131.61052,2.79,4.61E+02,31.78,23.5,4840,15.355,12.504
CANDIDATE,3.64049242,134.96786,1.194,4.21E+01,0.61,9.5,5745,0.936,12.646
FALSE POSITIVE,0.510804497,131.88057,2.539,4.27E+01,1.58,15.4,6596,2.176,11.513
FALSE POSITIVE,0.645850521,131.88911,1.2082,5.49E+01,0.69,16.8,5381,0.911,14.107
FALSE POSITIVE,18.84497113,149.94759,4.9442,4.14E+03,5.35,79.8,5220,0.695,15.695
CANDIDATE,5.1581317,131.7314,7.773,3.79E+01,2.02,13,5155,3.355,13.031
FALSE POSITIVE,14.75947767,139.7828128,9.7746,3.57E+05,76.06,3813.5,6522,1.105,13.822
FALSE POSITIVE,10.47625827,136.5282906,7.77203,1.20E+05,54.13,8251.5,6109,1.536,12.421
FALSE POSITIVE,1.588298157,132.1833032,4.37027,1.65E+05,120,1071.6,7742,2.094,12.186
FALSE POSITIVE,1.58826263,132.19139,2.655,7.89E+01,0.47,8.5,3931,0.544,15.455
FALSE POSITIVE,3.909314318,131.8944811,5.36124,9.71E+04,42.54,1587.6,6425,1.143,14.618
FALSE POSITIVE,1.38385822,132.762,1,,,,,,14.367
FALSE POSITIVE,0.79708975,131.8481,3.301,1.93E+01,0.54,9.8,6056,1.196,13.391
CANDIDATE,25.9136674,131.8232,10.498,1.10E+02,3.37,16.1,6167,2.346,12.556
FALSE POSITIVE,8.5412411,131.6163,3.654,2.99E+02,1.4,10.7,5602,0.732,15.661
FALSE POSITIVE,1.013922622,132.414157,1.6393,3.50E+04,31.98,79.8,5110,0.647,15.856
FALSE POSITIVE,17.91874306,146.3929572,4.36387,1.18E+05,56.94,4696.8,5870,1.63,13.776
FALSE POSITIVE,2.287515702,132.3567704,10.0879,3.59E+05,86.76,3017.9,6773,1.391,13.99
FALSE POSITIVE,659.2907,254.33,22.106,3.38E+02,4.66,27,6917,1.837,10.629
FALSE POSITIVE,24.84708721,154.1275658,7.28274,3.18E+05,52.38,6707.7,5644,0.854,14.608
FALSE POSITIVE,0.85574731,131.8240876,2.01,,,,,,15.482
FALSE POSITIVE,20.86785566,136.4038679,5.73122,8.26E+04,53.53,2768.6,6095,1.016,14.492
FALSE POSITIVE,3.401949837,134.6247,16.5797,2.48E+03,14.32,304,7094,2.17,12.471
CANDIDATE,6.96197304,135.55021,2.806,1.51E+02,0.97,8.8,5008,0.814,15.352
CANDIDATE,7.8935324,133.8053,3.444,4.76E+01,0.78,8.3,6306,1.109,13.954
FALSE POSITIVE,2.252822538,131.6331462,3.41062,2.70E+05,57.6,1575.9,6116,0.951,13.387
FALSE POSITIVE,2.25284817,131.6206,3.069,6.00E+01,8.61,8.8,6850,1.53,13.178
CANDIDATE,1.320499473,132.61488,1.184,2.04E+02,18.94,12,5172,13.454,11.466
FALSE POSITIVE,5.39525573,131.542553,7.8377,1.04E+05,152.74,175.7,7216,2.804,10.143
CANDIDATE,13.1538409,143.31,11.56,1.05E+02,1.03,10.6,5443,1.008,15.007
FALSE POSITIVE,0.939740093,131.7401,3.682,1.07E+02,34.87,14.3,4297,33.474,10.147
CANDIDATE,36.0484798,150.0591,5.763,1.28E+02,1.24,8.5,5602,1.1,14.743
CANDIDATE,4.2742605,133.0463,2.687,2.64E+02,1.88,11.4,6477,1.148,14.496
FALSE POSITIVE,265.299451,326.26375,4.563,4.95E+03,7.1,34.3,5873,0.863,15.518
FALSE POSITIVE,265.310499,326.24511,4.013,1.53E+03,4.69,11.6,6108,0.997,15.279
FALSE POSITIVE,35.4261827,161.164,4.393,3.18E+02,153.72,7.1,4289,35.695,11.925
FALSE POSITIVE,8.460438928,133.7744903,4.73492,7.64E+04,36.62,1797.4,5951,0.702,14.813
CANDIDATE,27.556452,132.1916,8.23,2.89E+02,1.4,6.7,5509,0.836,15.979
FALSE POSITIVE,4.318726936,131.605675,2.67349,5.94E+04,29.74,394.4,5896,0.916,15.69
FALSE POSITIVE,3.22598684,134.7245837,1.67,,,,,,13.43
FALSE POSITIVE,76.45315813,133.986308,5.1822,9.66E+03,22.89,151.8,4831,0.54,15.312
FALSE POSITIVE,7.698431197,137.868033,5.43677,4.25E+04,42.72,942.6,5774,0.876,15.451
FALSE POSITIVE,0.504296702,131.905285,1.4145,6.00E+03,50.41,231.8,6140,1.187,13.318
FALSE POSITIVE,5.194256813,134.5723735,7.25775,3.89E+04,41.77,2390.4,6100,2.086,12.739
FALSE POSITIVE,61.42252657,161.2406686,3.76585,3.38E+05,41.01,850.4,4867,0.613,14.951
CANDIDATE,566.28176,440.2605,20.39,1.20E+03,2.79,8.9,5829,0.802,15.992
FALSE POSITIVE,9.761172507,133.7034265,11.4007,2.06E+05,95.58,3150.9,6468,2.048,13.773
FALSE POSITIVE,1.36513839,132.0907941,1.86,,,,,,13.911
FALSE POSITIVE,1.061008464,132.5213941,2.8029,4.09E+05,32.58,997.7,4239,0.454,13.349
FALSE POSITIVE,1.36840167,131.5320332,4.58,,,,,,12.103
FALSE POSITIVE,5.8957069,136.3002,56.84,1.30E+02,32.41,24.1,5956,0.934,14.087
FALSE POSITIVE,1.67473779,132.7799,5.67,,,,,,11.48
FALSE POSITIVE,1.039370613,131.62419,1.0713,7.44E+02,12.6,182.9,6429,3.137,13.028
FALSE POSITIVE,2.31169425,132.3203,8.689,3.84E+01,1.76,16,9451,2.679,13.234
FALSE POSITIVE,2.072177815,133.095727,4.54864,2.94E+05,46.55,590.7,5519,0.718,15.08
FALSE POSITIVE,3.34328534,134.8451,27.29,1.67E+02,64,79.5,6541,2.652,13.276
CANDIDATE,0.52740121,131.6718,4.807,1.32E+03,1.49,31.1,3582,0.41,14.353
FALSE POSITIVE,0.905678252,132.19647,1.249,7.04E+01,0.78,11.1,6075,0.909,14.92
FALSE POSITIVE,0.905672916,132.20453,1,1.10E+02,0.76,12.1,4949,0.741,15.283
FALSE POSITIVE,0.790046373,132.1225,4.9939,1.49E+05,56.93,174.5,6785,1.342,14.838
FALSE POSITIVE,1.804591904,132.3963298,3.85009,1.37E+05,80.87,1666.6,6271,1.515,13.877
CANDIDATE,1.400903699,131.84562,0.883,1.37E+02,1.16,9.8,6375,0.975,15.514
FALSE POSITIVE,1.14073528,132.5852,2.394,1.35E+01,0.68,7.8,8847,1.685,12.5
FALSE POSITIVE,3.31976683,131.7956,4.523,4.80E+01,0.7,8.5,6100,0.94,14.644
FALSE POSITIVE,0.52880817,131.67844,2.2865,5.77E+01,1.84,38.8,6224,2.368,13.274
FALSE POSITIVE,0.700606479,131.59767,0.993,2.35E+01,1.22,9,6280,2.449,12.609
FALSE POSITIVE,9.469191607,140.9753434,9.55999,6.35E+04,49.17,4419.3,9454,1.832,13.292
FALSE POSITIVE,15.53753378,140.2734399,5.8262,2.09E+05,40.9,2807.8,5704,0.868,14.875
CANDIDATE,17.3816224,142.4067834,2.73456,5.91E+04,26.55,1149.7,6116,1.02,15.567
FALSE POSITIVE,2.172042913,131.764641,8.0331,1.54E+05,100.79,583.6,7128,1.775,13.908
CANDIDATE,28.655498,157.1618,8.58,1.74E+02,1.45,10.1,6268,1.1,15.426
CANDIDATE,13.4450174,137.24788,2.118,1.96E+02,1.08,8.3,5003,0.759,15.256
FALSE POSITIVE,6.35216475,134.1982,3.251,1.86E+02,18.1,10.9,4820,13.654,11.673
FALSE POSITIVE,0.705174384,131.694866,1.11196,3.75E+05,366.76,222.8,3354,0.25,15.815
FALSE POSITIVE,38.05814006,142.4101791,8.82403,3.09E+05,94.1,3602,6894,1.419,12.178
CANDIDATE,26.1556767,154.35223,1.542,2.95E+02,1.28,7,5204,0.76,15.425
FALSE POSITIVE,4.800232532,135.7829072,3.57105,2.77E+05,48.67,893.6,5591,0.756,15.431
FALSE POSITIVE,1.74336627,132.8574,10.405,4.51E+02,140.49,20.8,6640,1.478,13.142
CANDIDATE,4.60687717,133.8738,2.295,2.59E+02,1.14,7.5,5110,0.711,15.93
FALSE POSITIVE,1.507100589,132.09322,5.8097,4.98E+05,131.16,711.8,6919,1.748,14.15
FALSE POSITIVE,0.758355704,131.863972,4.4135,9.57E+03,8.78,153.3,5629,0.783,15.617
FALSE POSITIVE,0.77258608,131.7134714,2.7,,,,,,15.214
FALSE POSITIVE,0.898837525,132.13405,3.5342,4.00E+05,57.14,445.6,5284,0.807,15.3
FALSE POSITIVE,11.9311316,142.8536843,5.56983,3.01E+05,93.46,5606.7,6089,0.959,14.378
FALSE POSITIVE,11.93137992,142.82366,3.639,1.22E+02,0.56,14.7,3787,0.505,14.003
FALSE POSITIVE,27.5338034,147.2410009,3.96227,4.82E+04,50.02,5446.9,5925,1.611,12.921
FALSE POSITIVE,12.4964346,132.0358,84.32,2.72E+02,55.34,141.5,6821,2.73,13.054
FALSE POSITIVE,1.352576807,132.0374311,5.49531,3.17E+05,161.02,1365.1,6881,2.406,13.106
CANDIDATE,502.20642,162.9131,9.39,4.48E+02,2.18,7.1,6018,0.733,14.948
CANDIDATE,8.3613732,139.2515,3.649,1.05E+02,0.79,9.5,5470,0.777,15.122
FALSE POSITIVE,13.25413407,136.3679147,4.34991,4.50E+04,58.51,2281,6175,1.436,13.876
CANDIDATE,10.5113779,140.9553,4.74,2.99E+01,0.72,8.8,6575,1.305,12.931
FALSE POSITIVE,1.922009494,132.161285,3.101,6.55E+03,48.61,284.4,5880,1.087,14.738
FALSE POSITIVE,10.18657875,132.5289587,10.6304,3.41E+05,67.45,5867.8,5557,0.916,14.846
FALSE POSITIVE,32.00381564,136.49482,4.31197,1.71E+04,180.25,711.4,5260,4.062,13.396
FALSE POSITIVE,1.250390814,131.7337519,3.7184,2.31E+05,101.37,2046.8,6297,1.663,12.64
CANDIDATE,1.58487898,132.69772,1.791,4.29E+01,0.37,9.3,4201,0.566,13.742
FALSE POSITIVE,9.2742685,133.599,13.39,,,,,,12.997
FALSE POSITIVE,5.748815953,132.28021,1.9216,1.17E+04,26.94,43.3,4961,0.753,15.311
FALSE POSITIVE,0.517573708,131.5161551,2.23102,8.72E+04,37.02,740.2,5427,0.7,15.777
CANDIDATE,20.9525604,146.3809,3.986,2.33E+02,1.19,9.8,4885,0.72,15.645
FALSE POSITIVE,24.70932686,138.996552,5.0698,2.93E+04,25.1,284.7,6065,1.023,13.737
FALSE POSITIVE,13.68369259,135.2108067,4.22504,1.86E+05,30.6,3641.6,5359,0.708,11.544
FALSE POSITIVE,9.726748645,139.4774644,19.4093,3.93E+05,277.38,4414.3,5618,1.406,13.04
CANDIDATE,3.72920972,131.9326,5.012,1.44E+01,0.8,9.6,6215,2.05,9.976
FALSE POSITIVE,0.691561191,131.6477,5.23,1.90E+03,5.91,3.4,4892,0.586,14.353
FALSE POSITIVE,1.35337091,131.936954,2.2396,1.05E+05,26.69,303,5426,0.784,14.956
FALSE POSITIVE,1.854491777,132.4915806,5.14771,3.83E+05,63.08,1070.6,5843,0.99,13.344
FALSE POSITIVE,4.737713268,132.325253,6.384,1.05E+05,29.25,476.7,5335,0.719,14.176
CANDIDATE,5.704593,134.40102,1.149,1.30E+02,0.95,8.5,5523,0.832,14.572
CANDIDATE,1.36752316,131.77163,1.208,6.10E+01,0.82,11.7,5836,1.048,13.861
FALSE POSITIVE,2.49777454,133.7602628,5.241,7.87E+01,2.14,51.1,7117,2.211,12.321
CANDIDATE,1.9997244,131.93045,1.976,8.51E+01,0.84,8.9,5838,0.897,15.512
FALSE POSITIVE,1.51264208,132.025984,1.871,2.38E+04,36.72,262.6,5258,0.811,15.724
FALSE POSITIVE,323.2575,191.3655,17.26,2.87E+02,2.01,20,5866,1.198,13.011
FALSE POSITIVE,0.984971822,132.402887,1.64247,6.68E+03,56.1,279.1,6437,1.369,13.548
FALSE POSITIVE,567.71329,436.4746,12.85,2.59E+02,3.28,6.6,6248,1.996,13.24
FALSE POSITIVE,9.31392071,135.7783,0.971,1.64E+02,1.25,6.6,6032,0.973,14.574
CANDIDATE,14.137062,136.69826,2.264,3.93E+02,1.37,7.5,4861,0.709,15.729
FALSE POSITIVE,2.32539968,132.12985,16.791,2.88E+02,9.76,79.9,7046,2.724,11.661
FALSE POSITIVE,0.764597756,131.69552,1.119,1.66E+01,0.72,12,6218,1.726,11.215
CANDIDATE,4.78113942,131.7043,2.733,1.06E+02,1.14,9.6,5683,1.115,14.595
CANDIDATE,7.18864064,133.14566,2.364,1.34E+02,1.3,9.3,5683,1.115,14.595
FALSE POSITIVE,4.101595158,132.6324315,6.10362,3.67E+05,51.08,3809.8,5610,0.808,14.162
FALSE POSITIVE,2.43574046,133.47404,22.25,6.22E+03,24.62,74.6,7239,1.781,14.141
FALSE POSITIVE,2.756536015,133.025652,1.5908,3.59E+03,57.46,100.1,5496,1.669,13.485
FALSE POSITIVE,13.99585365,131.65924,5.0308,1.97E+04,368.42,118.1,5638,2.703,12.12
FALSE POSITIVE,4.320850062,132.4183917,4.26661,7.59E+04,59.16,1691.5,6098,1.083,13.928
FALSE POSITIVE,8.6532378,134.3027,2.974,1.26E+02,0.96,9,5561,0.854,14.815
FALSE POSITIVE,5.197420145,132.5674705,6.78534,9.13E+04,81.49,4262.1,6248,1.528,13.961
FALSE POSITIVE,2.183517999,132.692938,4.2703,1.32E+03,4633.66,147.7,3198,162.725,11.296
FALSE POSITIVE,383.61248,254.3616,12.263,6.19E+02,2.3,10.2,6011,0.902,14.481
FALSE POSITIVE,1.945914237,133.042081,2.8712,9.88E+03,35.94,299.2,5967,0.83,15.439
CANDIDATE,27.122801,141.9673,5.255,2.35E+02,1.46,8.1,5878,0.945,15.747
FALSE POSITIVE,2.500560859,131.6761907,7.5902,2.04E+01,0.48,4.5,6305,1.052,15.039
CANDIDATE,5.62241111,132.74702,1.185,4.64E+02,1.17,8.5,3894,0.541,15.627
FALSE POSITIVE,1.25625738,131.7577,9.726,1.52E+01,1.32,50.1,7450,3.063,11.857
FALSE POSITIVE,21.14245855,138.3916328,5.17846,7.40E+04,41.68,3830.9,6079,0.945,14.083
CANDIDATE,11.2901559,135.3964,10.475,1.64E+02,0.88,8.6,5025,0.657,15.929
CANDIDATE,28.24753303,136.0869137,13.2,,,,,,15.929
FALSE POSITIVE,0.99519559,132.4712,2.293,1.37E+01,0.29,7.4,5506,0.782,10.291
FALSE POSITIVE,25.15078845,150.345557,7.72717,3.76E+04,39.12,1504.9,6015,1.101,15.048
FALSE POSITIVE,7.21636091,133.88924,2.218,3.85E+02,18.03,37.2,5029,9.476,10.916
CANDIDATE,7.1356633,135.09646,1.789,2.56E+02,1.38,9.8,4926,0.793,15.125
FALSE POSITIVE,12.59165638,134.7421233,5.53385,3.03E+05,49.21,3990.5,5293,0.756,14.832
FALSE POSITIVE,1.044408447,132.31116,3.633,4.62E+01,1.17,15.1,7274,1.698,11.865
FALSE POSITIVE,0.97705114,132.1871,2.33,2.01E+01,0.77,7.4,6527,1.631,13.566
FALSE POSITIVE,5.407157086,136.5956575,5.8919,7.47E+04,125.96,2882,7617,2.439,11.3
FALSE POSITIVE,30.97176647,151.5322506,8.31171,2.29E+05,51.72,3245.9,5633,0.829,15.596
FALSE POSITIVE,5.06318803,133.707285,13.8913,6.63E+05,302.18,1602.7,5375,0.752,15.001
FALSE POSITIVE,10.88242209,132.6767451,5.51934,2.07E+05,63.14,4284.2,6200,1.045,12.068
FALSE POSITIVE,1.926366998,131.7468446,3.98088,4.00E+05,53.63,1093.2,5176,0.76,15.138
FALSE POSITIVE,2.325185422,133.265218,7.2871,2.69E+02,81.88,256.3,11076,2.896,10.052
CANDIDATE,14.5909249,142.72,1.591,1.47E+02,0.93,6.3,5214,0.766,14.953
FALSE POSITIVE,40.87784199,158.3207395,9.88456,2.56E+05,164.06,5260.3,6807,2.59,11.663
CANDIDATE,11.8496351,140.3663,3.319,1.84E+02,1.31,9.6,6032,0.929,15.472
FALSE POSITIVE,36.75892725,156.0924573,15.5723,2.62E+05,51.31,4263.6,6085,0.979,13.676
FALSE POSITIVE,0.536869783,131.84557,4.164,2.22E+02,1.81,27.8,6495,1.168,14.801
CANDIDATE,455.62395,581.8806,13.07,1.11E+03,3,14,5883,0.892,15.975
FALSE POSITIVE,0.843400322,131.57039,1.7606,4.37E+01,0.65,23.8,5982,0.96,13.018
FALSE POSITIVE,17.04215521,142.4257555,7.80412,5.52E+04,24.93,2046.2,6197,1.035,15.252
FALSE POSITIVE,0.874236216,131.7986,2.352,5.84E+01,3.46,11.1,10894,4.378,13.752
CANDIDATE,1.75173647,132.2995,5.122,6.84E+01,3.86,10.2,10894,4.378,13.752
FALSE POSITIVE,0.60886299,132.0506751,1.27896,2.02E+03,158.5,457.8,5022,4.167,13.886
FALSE POSITIVE,4.43529675,134.7488,2.117,1.82E+02,1.15,9.6,5659,0.842,15.738
FALSE POSITIVE,0.88512187,131.8821,3.349,1.36E+02,1.05,9.9,5392,0.819,15.871
FALSE POSITIVE,1.734221252,132.833439,2.4577,2.90E+05,42.06,542.2,4765,0.702,15.726
FALSE POSITIVE,5.776764285,131.5421677,6.99715,1.54E+05,117.51,3033.4,6263,2.072,13.356
FALSE POSITIVE,1.26227317,132.0407385,3.30141,7.34E+03,369.2,1159.9,4927,9.356,11.516
FALSE POSITIVE,0.76757669,131.819082,2.04757,1.58E+05,34.23,431.3,5182,0.627,14.952
FALSE POSITIVE,5.860377067,134.8440004,10.4634,3.62E+05,78.14,3044.1,6267,1.158,13.955
FALSE POSITIVE,5.801881299,136.9821453,4.21133,3.45E+04,62.9,3642,7259,3.009,12.368
FALSE POSITIVE,4.00770453,134.8009815,5.50884,1.69E+05,92.08,1753.5,7162,1.631,13.251
FALSE POSITIVE,6.099032889,135.5223947,4.82208,5.54E+04,36.68,2884,6356,1.141,13.745
FALSE POSITIVE,0.652956712,131.52361,0.627,5.00E+01,0.76,12.7,5812,1.055,13.506
FALSE POSITIVE,13.69179001,133.7914664,5.64674,9.76E+04,49.2,8326.3,6295,1.554,13.275
FALSE POSITIVE,21.57050843,151.7931354,13.8604,1.34E+05,63.68,8616.1,6322,1.692,12.462
CANDIDATE,407.14656,509.257,23.26,8.23E+01,1.18,8.2,5845,1.198,13.31
CANDIDATE,487.83894,606.1226,32.77,4.53E+02,3.94,8.8,5421,1.877,13.728
FALSE POSITIVE,14.19984009,135.748091,5.98531,2.15E+05,85.76,1408.6,5864,1.414,13.135
CANDIDATE,6.853888,136.5231,2.561,6.54E+02,1.74,8.2,4199,0.684,16.538
FALSE POSITIVE,2.136834989,133.617975,4.34882,3.46E+05,66.59,644.7,5753,0.989,14.902
FALSE POSITIVE,2.51690133,133.49353,2.521,5.96E+01,0.97,10,5403,1.284,14.587
CANDIDATE,7.34672485,134.5155,2.136,1.43E+02,0.97,10.1,5271,0.821,14.773
FALSE POSITIVE,9.296746368,135.6856399,6.88069,2.14E+05,400.4,4407.8,6461,2.884,13.211
FALSE POSITIVE,18.0600782,138.611105,11.5759,5.90E+04,20.71,1797.6,5330,0.855,14.724
FALSE POSITIVE,18.74072534,135.2072208,5.19791,1.25E+05,35.61,2964.7,6122,0.996,15.861
FALSE POSITIVE,0.93371313,131.5534,2.971,6.60E+01,0.69,8.9,5436,0.869,15.788
FALSE POSITIVE,0.93373716,132.46828,5.015,1.45E+02,1.14,16,5390,0.852,15.926
FALSE POSITIVE,0.933735579,131.53509,3.892,3.51E+02,10.28,27.1,5016,5.344,13.505
FALSE POSITIVE,58.28819056,135.87642,21.6014,1.56E+05,42.57,2927.4,5463,1.044,14.231
FALSE POSITIVE,3.989144446,132.572437,20.7947,6.31E+05,60.26,2055.9,5538,0.719,14.404
FALSE POSITIVE,32.77897303,136.182037,19.1378,4.10E+05,69.08,2126.1,6122,0.964,14.52
FALSE POSITIVE,28.48710734,132.872485,3.77887,3.77E+04,116.84,658.2,6351,2.385,13.363
FALSE POSITIVE,8.61733907,139.0692516,4.05563,1.86E+05,51.79,1542.6,5387,0.87,15.257
FALSE POSITIVE,2.16146908,131.8342,3.643,8.48E+01,0.95,11.8,6047,1.013,15.535
FALSE POSITIVE,10.26782676,139.1769796,6.02685,2.47E+05,73.59,5758.7,6664,1.44,13.691
CANDIDATE,6.933574,134.558,2.43,2.77E+02,1.3,8,5510,0.793,15.804
FALSE POSITIVE,1.057335679,131.792007,1.5795,4.73E+04,14.59,476,4664,0.683,15.414
FALSE POSITIVE,1.149198426,131.817374,4.1603,3.77E+04,42.03,164.2,5858,0.867,14.554
FALSE POSITIVE,2.50012775,131.5829,28.2,4.99E+01,1.66,17.6,6923,1.664,11.27
CANDIDATE,0.673141323,131.68751,0.921,2.30E+02,1.29,10.5,5461,0.858,15.771
CANDIDATE,8.60965352,134.38829,2.218,6.32E+01,3.33,9.9,5418,4.233,12.765
FALSE POSITIVE,1.40469182,131.552084,6.26327,7.02E+05,217.25,2651.1,6230,1.863,13.821
FALSE POSITIVE,10.30698279,143.7331641,11.4277,3.42E+05,81.21,3691.9,5912,1.217,13.545
FALSE POSITIVE,1.109841858,132.1655985,8.11952,3.01E+05,177.78,2082.6,5788,3.211,14.52
CANDIDATE,13.8911152,137.3481,5.062,2.05E+02,1.12,10.3,5472,0.79,15.365
FALSE POSITIVE,7.234965722,134.582307,7.0245,1.65E+05,34.03,671.3,5653,0.798,16.981
FALSE POSITIVE,7.45301717,131.77618,3.685,5.52E+02,37.37,18.3,4475,16.755,14.158
FALSE POSITIVE,2.442941283,132.011468,4.1847,3.73E+04,48.18,229.7,5780,1,
FALSE POSITIVE,3.684337918,132.61121,2.1931,7.67E+01,12.52,31.4,9609,2.108,10.483
FALSE POSITIVE,11.2570616,140.81576,29.059,6.90E+05,162.84,655.2,6915,1.875,12.538
FALSE POSITIVE,21.85896329,151.2628164,6.32492,1.17E+05,114.63,2951.2,5923,2.06,13.916
FALSE POSITIVE,1.461270059,131.78154,16.467,3.35E+03,26.29,131,5226,0.674,15.722
FALSE POSITIVE,9.4022333,134.8876,2.79,3.16E+02,23.61,9.8,4597,13.874,10.59
CANDIDATE,6.76890076,133.07724,3.616,1.23E+02,1.24,10.8,5737,1.125,14.725
FALSE POSITIVE,9.543584955,137.7738831,3.72007,6.82E+04,77.97,3442.2,5537,1.785,12.256
CANDIDATE,1.96134311,132.30563,11.856,2.08E+02,41.53,59.5,6221,2.198,13.749
FALSE POSITIVE,18.61195725,133.8661994,4.24721,1.25E+05,65.5,2671.7,6492,1.17,13.528
FALSE POSITIVE,0.73240662,131.5735,4.33,3.29E+02,3.65,15.3,7392,1.772,11.396
FALSE POSITIVE,2.954598,134.3663,24.79,3.38E+02,89.95,18.1,6955,2.161,12.734
FALSE POSITIVE,0.562006231,132.0289,3.496,1.42E+01,0.58,12.8,6609,1.455,9.807
FALSE POSITIVE,3.21559054,133.5375,16.261,2.02E+02,18.8,87.1,6300,1.036,14.128
FALSE POSITIVE,1.547426532,132.8859128,16.1346,5.33E+02,3.62,210.1,6612,1.264,13.755
FALSE POSITIVE,12.8517221,132.8395131,5.71731,4.25E+04,47.26,1537.8,5838,0.967,15.205
FALSE POSITIVE,4.2055797,132.1233,19.4,1.01E+02,1.8,71.7,6190,1.259,13.394
CANDIDATE,486.77832,529.0865,15.29,3.71E+02,9.3,10.4,5039,4.95,13.892
CANDIDATE,28.2682167,135.5505,1.355,1.97E+02,1.22,6,5496,0.838,14.927
FALSE POSITIVE,0.957476003,131.91263,0.6624,4.51E+02,2.47,20.2,6312,1.122,13.483
FALSE POSITIVE,1.559360638,132.53955,5.4458,2.80E+05,94.2,419.9,7002,1.488,14.091
FALSE POSITIVE,0.57627248,132.0811,1.75,,,,,,13.865
CANDIDATE,1.6037058,131.9529,9.067,3.28E+01,1.54,22.4,6400,2.512,13.7
FALSE POSITIVE,2.313367981,133.1999763,2.42645,1.34E+04,33.55,733.6,5508,0.764,13.46
FALSE POSITIVE,76.01811375,139.943296,13.4849,8.07E+04,63.58,604.3,6703,1.892,13.755
FALSE POSITIVE,0.82883944,132.013443,1.83,,,,,,11.597
CANDIDATE,0.70965042,131.97695,1.318,2.23E+02,1.49,9.4,5618,1.002,15.444
FALSE POSITIVE,1.574063832,133.05514,5.6357,1.12E+03,28.63,145.3,5951,0.962,14.636
FALSE POSITIVE,2.51989935,133.7109,1.55,1.47E+02,1.04,7.7,5646,0.841,15.604
FALSE POSITIVE,3.867613816,135.3438766,5.36467,3.41E+05,69.23,1379.1,5780,1.046,15.244
FALSE POSITIVE,0.733726452,132.02005,2.309,1.15E+02,0.86,13.8,5855,0.797,15.77
FALSE POSITIVE,36.47311505,159.7666622,2.91005,1.62E+05,53.1,1899.1,5452,0.766,14.359
FALSE POSITIVE,4.238855579,135.201464,5.2235,6.80E+04,38.01,374.8,5655,0.804,14.858
CANDIDATE,3.62657392,133.57658,1.791,9.85E+01,0.79,10.7,5416,0.8,14.835
FALSE POSITIVE,1.17033848,132.4153,11.56,1.73E+01,0.98,13.4,8027,2.314,12.331
FALSE POSITIVE,7.841066931,136.5883392,5.47901,3.42E+05,56.33,3314.7,5973,0.829,15.144
CANDIDATE,0.902403563,131.827273,1.7129,4.76E+03,6.17,220.3,5776,0.755,14.596
CANDIDATE,8.7998722,136.37744,1.153,2.70E+02,1.09,7.4,4298,0.675,15.86
FALSE POSITIVE,4.292599454,131.7702811,4.73293,1.40E+05,64.04,1329.6,6467,1.174,15.573
CANDIDATE,6.87778029,133.04176,3.199,1.24E+02,1.19,10.1,6274,1.062,15.099
FALSE POSITIVE,2.113197701,132.3310213,3.46341,5.73E+04,50.13,1048.1,6215,1.463,13.774
FALSE POSITIVE,11.02822674,136.96732,8.275,2.78E+05,75.47,4680.2,6271,1.387,12.956
FALSE POSITIVE,70.37626987,151.228445,6.4205,1.16E+05,40.43,759.7,5458,0.755,15.108
CANDIDATE,12.9489256,142.445,2.162,3.31E+02,0.94,7.2,3867,0.525,15.663
FALSE POSITIVE,0.772803664,131.70354,1.368,2.90E+02,1.11,8.5,4535,0.668,15.856
FALSE POSITIVE,7.549299761,135.0113297,2.46338,4.46E+04,18.8,907.2,5085,0.634,14.608
FALSE POSITIVE,0.530972263,131.7212,3.653,4.86E+01,9.32,12.1,6185,0.991,15.016
FALSE POSITIVE,0.530967171,131.725385,3.8102,3.78E+05,92.29,671.9,5951,0.991,10.292
FALSE POSITIVE,1.606163631,131.6342249,4.92516,1.45E+05,130.46,1662,8027,2.314,12.691
FALSE POSITIVE,42.03209608,133.581119,11.6768,3.91E+05,79.17,2164.4,6618,1.117,12.694
FALSE POSITIVE,0.619303759,131.5539456,6.6038,7.45E+01,4.71,3.5,7138,1.684,13.154
FALSE POSITIVE,22.47049437,143.284831,7.39097,4.60E+04,19.12,2393.2,5315,0.697,12.723
CANDIDATE,130.235324,218.2719,5.678,7.50E+02,2.44,9.7,5616,0.903,15.991
FALSE POSITIVE,37.48222388,155.8400132,4.81451,2.90E+04,114.14,1262.3,6422,2.415,13.46
FALSE POSITIVE,3.71186243,132.6486,1.032,5.39E+01,0.95,7,6302,1.258,13.787
FALSE POSITIVE,1.077358008,131.600551,3.6713,3.11E+05,70.64,537.4,6100,1.064,14.146
FALSE POSITIVE,3.55643514,133.5696,8.529,4.58E+01,0.75,13.4,5831,1.109,13.874
FALSE POSITIVE,0.5366497,131.71771,2.887,1.05E+02,0.92,10.6,5822,0.898,15.449
FALSE POSITIVE,1.12284501,131.671908,0.95,,,,,,11.872
FALSE POSITIVE,1.480324075,131.7556963,3.20209,4.00E+05,47.81,1095.9,5260,0.717,13.983
FALSE POSITIVE,12.08353781,139.6155998,7.90317,4.31E+04,50.33,3799.5,6770,2.214,12.344
CONFIRMED,10.692115,141.116,4.657,4.08E+02,2.71,9.4,6474,1.242,14.294
FALSE POSITIVE,0.934926138,132.1779461,3.1925,1.32E+05,58.67,1149.3,5962,1.078,14.681
CANDIDATE,17.1677675,142.9943,2.975,3.35E+02,0.97,7.4,3761,0.526,15.929
CANDIDATE,8.50207749,132.36121,3.057,1.17E+02,0.75,10.5,4889,0.715,14.755
FALSE POSITIVE,0.93374699,131.52406,6.168,1.72E+02,103.98,25.5,4909,5.272,13.327
FALSE POSITIVE,0.933759404,131.50294,3.491,1.15E+02,0.99,18.9,5766,0.866,15.619
FALSE POSITIVE,0.93373711,131.5293,3.151,1.29E+01,0.37,11.2,6300,1.025,12.72
FALSE POSITIVE,3.0082548,132.68976,2.38,,,,,,13.907
FALSE POSITIVE,45.43324862,159.870473,14.242,4.14E+05,77.25,1337,5731,1.08,14.774
FALSE POSITIVE,1.398890216,132.16558,4.9641,6.60E+04,57.48,204,6134,1.051,14.855
CANDIDATE,1.322475635,132.66777,5.307,9.97E+02,14.03,53.9,4668,0.548,14.335
FALSE POSITIVE,12.31440232,134.2520931,5.8903,3.94E+05,75.21,2540.6,6247,1.066,14.76
FALSE POSITIVE,0.691823991,131.57,5.965,1.66E+02,1.23,18,5226,0.962,15.247
FALSE POSITIVE,25.4318614,135.619194,5.23771,4.66E+04,43.42,785,5754,0.9,14.164
FALSE POSITIVE,3.98855869,135.129,1.467,2.14E+02,2.4,10.5,5791,1.646,13.035
FALSE POSITIVE,20.41305242,140.0167643,4.4621,9.27E+04,35.03,1620.8,5941,0.963,14.874
CANDIDATE,3.773744,131.8309,15.2,8.52E+01,2.44,5.7,7302,2.069,11.419
FALSE POSITIVE,0.527679032,131.81119,1.395,8.41E+01,0.79,14.8,5799,0.86,15.356
FALSE POSITIVE,0.527673075,131.8234533,1.3693,2.61E+01,0.42,2.3,5367,0.828,9.694
FALSE POSITIVE,2.44295727,132.00292,4.0656,1.53E+04,44.35,85.5,5780,1,16.389
FALSE POSITIVE,3.31587688,131.50648,3.152,1.86E+02,1.27,11.4,5385,0.875,15.539
FALSE POSITIVE,49.78861301,175.192714,7.41807,2.19E+05,32.57,1566.8,3892,0.542,15.591
CANDIDATE,18.1772927,145.8085,4.703,2.13E+02,1.5,7.9,6158,1.026,15.324
FALSE POSITIVE,1.38607973,131.5931,8.7,6.46E+01,0.6,2.8,5261,0.768,14.132
CANDIDATE,3.09872834,134.39281,1.89,2.48E+02,0.64,10.1,3628,0.41,15.87
FALSE POSITIVE,0.648868342,131.842892,2.82428,3.48E+04,72.32,477,6531,1.524,11.471
FALSE POSITIVE,5.088582739,134.055128,7.6066,4.49E+02,46.02,40.3,7514,1.955,13.18
FALSE POSITIVE,1.1611022,132.2174,2.48,,,,,,15.742
FALSE POSITIVE,0.792023257,131.92896,3.2604,1.77E+02,0.81,49.6,4447,0.625,14.498
FALSE POSITIVE,10.64374377,134.9422857,6.29783,4.37E+05,47.87,3167.9,5282,0.694,14.343
FALSE POSITIVE,1.7317958,132.8964,2.924,6.06E+01,1.19,10.5,5691,1.508,15.019
FALSE POSITIVE,8.65298599,136.67132,1.549,3.14E+02,1.36,12.4,5210,0.749,15.415
FALSE POSITIVE,1.19563447,131.5506,5.3934,8.25E+03,14.94,105.8,5583,1.413,14.327
FALSE POSITIVE,0.550537628,131.6623478,1.216,7.20E+01,1.93,4.9,8098,2.199,11.456
CANDIDATE,19.9310602,145.7465,8.48,9.79E+01,2.42,14.2,5500,2.491,13.37
FALSE POSITIVE,2.53470797,132.88117,20.143,3.28E+02,50.25,99.5,6440,2.254,13.92
FALSE POSITIVE,0.530799654,131.68727,3.487,3.19E+02,2.92,12.5,6534,1.622,12.328
FALSE POSITIVE,0.56818769,132.06643,2,,,,,,11.941
FALSE POSITIVE,1.0094779,131.6463,3.72,,,,,,13.965
FALSE POSITIVE,0.91057795,131.5209695,2.73,,,,,,11.965
FALSE POSITIVE,1.0429419,131.966,7.22,4.12E+02,2.49,40.9,5780,1,11.51
CANDIDATE,0.813998812,132.1244,0.675,1.83E+02,1.36,13.7,5705,0.989,15.567
FALSE POSITIVE,6.12650913,133.2391,15.43,2.43E+03,9.08,3.1,6881,1.534,12.625
FALSE POSITIVE,0.720589427,131.9829699,4.329,7.00E+01,1.95,1.7,8497,2.211,12.051
FALSE POSITIVE,0.573036404,120.5159138,1.3176,4.17E+03,9.97,419.6,5745,1.196,13.302
FALSE POSITIVE,0.643171495,131.8893076,2.31285,4.12E+04,54.03,641.4,5899,0.989,15.147
FALSE POSITIVE,14.08677696,140.287018,10.1279,1.07E+05,65.6,1856.9,7138,1.89,12.271
CANDIDATE,14.7639145,133.532,3.14,1.63E+02,0.93,7.7,5541,0.733,15.559
FALSE POSITIVE,1.872620976,132.727701,1.7626,1.53E+03,31.43,181.9,6031,1.004,14.337
CANDIDATE,1.118510435,131.60882,1.111,7.27E+01,0.75,9.9,5918,0.865,14.796
FALSE POSITIVE,17.52782681,144.5700534,5.78491,3.48E+05,49.36,2450.1,5079,0.732,12.534
FALSE POSITIVE,27.46721731,143.6727101,4.17961,7.18E+04,38.87,1986.1,5503,0.742,13.182
FALSE POSITIVE,40.879068,163.4056,6.562,4.99E+02,3.35,12.2,6072,0.923,15.823
FALSE POSITIVE,0.566802325,131.79626,1.842,2.88E+02,1.4,70.3,5233,0.824,14.905
CANDIDATE,2.64185268,131.9331,1.76,1.50E+02,3.56,7.9,5195,2.935,13.533
FALSE POSITIVE,0.634946497,132.074576,2.40541,4.27E+05,52.75,541.4,4446,0.737,14.791
FALSE POSITIVE,5.077746556,134.63539,3.1718,1.88E+04,54.93,616.9,6174,1.271,12.847
FALSE POSITIVE,2.00383703,132.8086,3.473,4.23E+01,0.67,10.5,6045,1.028,14.467
FALSE POSITIVE,5.321224925,135.125071,7.48973,9.89E+04,40.62,1203.4,5787,0.758,15.013
FALSE POSITIVE,2.340534383,132.74718,4.43017,2.41E+05,69.55,881.5,6300,1.136,14.39
FALSE POSITIVE,0.580724809,131.72956,1.82,6.42E+01,0.75,16.9,5989,0.933,14.569
FALSE POSITIVE,501.0764745,143.2445125,3.21,,,,,,14.795
FALSE POSITIVE,1.72933255,132.5413,3.631,2.97E+01,0.69,17.1,5921,1.211,13.07
FALSE POSITIVE,1.729338354,132.536976,6.8524,1.40E+05,139.36,379.7,5587,2.553,11.679
FALSE POSITIVE,0.567493852,131.9916219,1.35349,7.98E+03,65.47,1219.8,6370,1.548,13.205
CANDIDATE,2.54031121,133.77849,1.83,1.73E+02,1.2,10.1,5778,0.911,15.921
FALSE POSITIVE,2.105238039,132.675463,5.23595,9.47E+04,75.1,1071.9,5947,1.885,13.796
FALSE POSITIVE,7.226944171,136.163008,23.0124,6.82E+05,237.79,3076.6,6270,1.36,13.27
FALSE POSITIVE,31.9733117,133.867225,13.2105,7.51E+04,272.44,1554.1,7854,3.462,8.5
FALSE POSITIVE,1.64125844,131.9294,4.51,,,,,,14.97
CANDIDATE,1.371587993,131.80506,12.901,4.56E+02,4.91,43.3,7045,1.604,13.104
FALSE POSITIVE,20.84991961,137.5588347,13.7687,3.13E+05,2912.48,1614.7,7355,1.984,13.04
FALSE POSITIVE,15.12021253,139.6966549,3.50007,2.46E+04,33.11,928.2,5232,0.725,15.166
FALSE POSITIVE,3.481657589,134.1835162,4.75315,3.47E+05,78.24,7428.7,6225,1.291,13.396
FALSE POSITIVE,0.739769962,131.9671179,1.95901,2.07E+04,82.29,726.2,6465,1.847,11.634
FALSE POSITIVE,6.570421193,134.01948,4.4698,6.01E+04,33.99,712.6,5812,0.908,15.299
FALSE POSITIVE,0.541405029,131.933523,2.7481,3.28E+05,125.64,541.2,5096,1.782,14.771
FALSE POSITIVE,2.17814186,132.02946,1.988,1.28E+02,0.92,11.2,5101,0.84,15.458
FALSE POSITIVE,10.54884842,140.3874343,1.17,,,,,,14.184
CANDIDATE,5.89773974,133.42423,2.243,7.79E+01,1,8.1,6300,1.126,14.742
FALSE POSITIVE,0.609662423,131.946514,4.24033,1.41E+05,110.14,3250.1,7498,2.274,12.216
CANDIDATE,1.74145041,132.0107,1.712,3.71E+02,1.46,10.9,5238,0.764,16.269
FALSE POSITIVE,0.953299962,131.699309,1.69478,2.24E+03,35.67,298,6183,1.02,14.538
CANDIDATE,20.2944118,148.08554,0.357,4.54E+02,774.73,5.6,5865,0.918,15.919
FALSE POSITIVE,2.745640575,131.707795,3.04508,4.53E+04,47.22,918,5780,1,15.945
CANDIDATE,17.9908273,141.92539,1.436,6.60E+02,1.88,10.9,4918,0.752,15.864
FALSE POSITIVE,12.18072127,139.3460044,4.15602,4.15E+05,63.25,1809.8,5750,0.882,15.386
FALSE POSITIVE,50.4670244,132.009484,8.96181,1.03E+05,52.88,1435.1,6137,1.012,14.884
CANDIDATE,198.11309,175.3243,15.59,5.33E+01,1.09,8.3,6163,1.486,11.909
FALSE POSITIVE,0.84986054,132.0547,1.3875,6.57E+03,67.45,100.1,5164,1.676,14.319
FALSE POSITIVE,0.933728196,131.5336,3.441,6.77E+01,0.85,13.3,6170,1.032,15.317
FALSE POSITIVE,2.03742712,131.5592,3.939,3.60E+01,0.9,11.4,6356,1.358,13.929
FALSE POSITIVE,5.274819905,136.708908,4.6688,1.09E+05,100.89,902.5,7247,1.834,12.465
FALSE POSITIVE,0.527678272,131.8133693,2.33166,2.48E+05,75.31,706.1,5321,1.475,10.834
FALSE POSITIVE,3.55027051,133.7711,1.879,2.13E+02,1.15,7.6,5497,0.8,15.81
CANDIDATE,5.70509519,136.20183,1.58,2.84E+02,1.58,9.2,5455,0.927,15.597
FALSE POSITIVE,65.4317194,144.171343,12.2384,1.53E+05,59.22,1146.6,6201,1.04,15.54
FALSE POSITIVE,1.718649321,132.21092,3.94095,1.91E+05,39.08,833.4,6071,0.865,13.51
FALSE POSITIVE,7.2949175,136.0798,41.04,1.83E+02,11.67,18.9,5289,0.731,15.848
FALSE POSITIVE,7.2935801,136.2546,40.02,1.25E+02,17.41,26.6,5900,0.951,14.973
FALSE POSITIVE,42.9261364,138.5107,2.578,3.78E+02,1.84,8.6,5628,0.953,15.395
FALSE POSITIVE,1.89129338,132.6698,5.677,3.38E+01,0.42,15.1,4986,0.733,13.558
FALSE POSITIVE,1.89124453,132.6958,5.08,3.10E+01,1.19,19.4,5850,1.977,12.76
FALSE POSITIVE,1.89134201,132.6744,4.674,1.29E+02,0.92,8.9,5658,0.815,15.799
FALSE POSITIVE,87.87826191,194.105106,12.8138,3.39E+05,110.85,1974.6,5784,1.642,12.744
FALSE POSITIVE,15.92663277,145.5519669,7.42888,2.72E+05,57.95,2278.9,5496,0.917,14.88
FALSE POSITIVE,0.958116585,132.052919,2.3496,2.37E+03,49.16,296,6032,1.365,12.735
FALSE POSITIVE,39.8415229,168.1412318,8.79024,1.44E+05,116.52,4421.6,6078,2.07,12.003
FALSE POSITIVE,1.891268461,132.6833032,8.24958,6.42E+05,399.93,4211.8,11287,4.662,10.672
FALSE POSITIVE,1.89114441,132.7545,8.724,4.99E+01,6.57,16.7,4267,0.627,13.814
FALSE POSITIVE,61.25964956,140.698649,12.1777,2.33E+05,54.72,880.3,5912,0.889,15.518
FALSE POSITIVE,0.872359598,132.0311474,3.74512,2.67E+05,67.08,1063.2,6240,1.048,14.742
FALSE POSITIVE,374.318792,431.5127,5.96,1.54E+06,243.21,10.3,5997,0.815,15.369
FALSE POSITIVE,5.627911313,133.1491782,7.08223,4.34E+05,81.61,2890.7,6280,1.115,13.858
FALSE POSITIVE,0.62927655,132.015321,0.9698,8.40E+02,4.64,30.9,5628,0.976,14.027
FALSE POSITIVE,1.22578134,131.6062,2.235,9.94E+04,53.32,86.8,5780,1,17.431
FALSE POSITIVE,0.751408792,131.948266,2.2974,1.75E+04,41.48,267.3,5697,0.903,15.596
FALSE POSITIVE,0.866344816,132.06358,1.9188,2.34E+02,6.85,46.5,4936,4.527,12.945
FALSE POSITIVE,2.24294107,133.47862,2.532,3.94E+01,0.75,12.1,6082,1.184,13.182
FALSE POSITIVE,0.950487062,131.73468,2.9283,1.15E+01,1.35,15.4,8107,3.385,11.633
FALSE POSITIVE,5.579631021,133.5534687,3.38646,1.18E+05,90.32,1268.7,6188,1.022,15.473
FALSE POSITIVE,21.37831102,157.804933,21.7174,8.06E+04,97.23,852.2,4905,3.484,13.998
CANDIDATE,129.847318,240.6812,13.057,1.98E+02,1.45,11.1,6133,1.032,14.52
FALSE POSITIVE,0.541396363,131.5974,2.384,1.81E+02,2.04,20.4,7118,1.489,12.509
FALSE POSITIVE,0.550509602,131.86731,1.1836,1.24E+02,5.02,24,4891,4.529,13.355
FALSE POSITIVE,2.404293523,132.755943,4.4649,8.15E+03,888.7,471.2,4697,17.032,13.094
CANDIDATE,0.8867443,131.899639,3.16,,,,,,11.27
FALSE POSITIVE,25.83683127,137.3641956,6.32201,1.45E+05,50.72,3016.9,5691,0.897,13.347
FALSE POSITIVE,0.94895231,131.85772,3.952,5.77E+01,2.51,18.1,6661,3.067,12.669
FALSE POSITIVE,11.70220393,139.4312652,2.75173,2.90E+04,57.95,2184.7,6148,2.133,13.393
CANDIDATE,2.28494301,132.92343,1.01,1.62E+02,1,10.6,5396,0.789,15.181
FALSE POSITIVE,3.722775537,136.515472,14.3309,1.08E+05,90.36,864.9,5425,2.592,12.746
FALSE POSITIVE,1.245342215,132.220019,4.40308,2.34E+05,90.34,1178.5,6967,1.476,12.142
FALSE POSITIVE,0.604755462,131.84831,1.3741,3.35E+02,1.29,40.3,4842,0.726,15.553
CANDIDATE,439.21978,523.3139,9.392,3.42E+02,1.81,10.3,6553,0.962,13.993
FALSE POSITIVE,8.144135648,136.5054788,8.88876,8.79E+04,56.52,6113.7,7605,1.862,13.96
FALSE POSITIVE,0.566795196,131.80925,2.18,1.48E+01,0.35,13.1,5680,0.908,12.818
FALSE POSITIVE,0.566798827,131.81946,3.662,3.49E+01,0.52,21.9,5548,0.889,13.656
FALSE POSITIVE,0.56678012,131.8499,3.257,2.76E+01,0.49,13.5,5674,0.911,14.311
FALSE POSITIVE,0.566800113,131.81731,3.315,1.04E+02,0.58,18.1,3844,0.526,15.765
FALSE POSITIVE,0.56679293,131.83103,3.814,1.01E+02,0.86,22.1,5812,0.853,15.787
FALSE POSITIVE,0.566809491,131.79695,3.156,6.95E+01,0.55,21,4987,0.654,14.873
FALSE POSITIVE,0.566799218,131.81553,4.227,1.82E+01,0.79,19.2,6108,1.753,11.983
FALSE POSITIVE,0.566797404,131.83652,4.109,6.94E+01,0.64,18.8,5313,0.784,15.354
CANDIDATE,22.2548897,142.2563,13.454,8.38E+01,2.16,11.8,5349,2.388,14.156
FALSE POSITIVE,4.719336335,133.514832,2.83787,1.24E+04,91.91,632.4,6792,2.058,12.672
FALSE POSITIVE,1.258274109,132.7042523,1.92467,1.42E+04,25.98,669.1,4937,0.587,15.179
FALSE POSITIVE,8.966610607,138.5745618,4.01883,5.96E+04,56.94,2049.1,6480,1.132,13.478
FALSE POSITIVE,15.32763411,134.92291,6.0662,1.77E+04,291.01,117,4830,6.784,12.672
FALSE POSITIVE,2.10413487,132.63638,4.2269,3.21E+05,67.03,86.4,5780,1,19.485
FALSE POSITIVE,6.767341062,135.2655184,4.49213,2.45E+05,52.84,3356.8,5926,0.843,14.143
FALSE POSITIVE,1.92730001,132.36067,18.812,6.18E+03,45.99,351.1,6057,1.11,13.943
FALSE POSITIVE,48.79936881,160.196299,8.80873,3.25E+05,67.36,1151.6,6170,0.992,15.05
CANDIDATE,1.01485981,131.6159,1.65,2.43E+02,1.61,8.4,6158,1.024,15.572
FALSE POSITIVE,5.882036054,131.7687637,5.16326,2.39E+05,119.09,2168.4,5837,1.187,13.781
FALSE POSITIVE,4.059428737,133.1885651,5.26926,2.45E+05,67.38,5461,6610,1.33,13.374
CANDIDATE,15.3902613,140.8602,3.431,7.68E+01,4.39,9.4,5649,4.994,13.808
CANDIDATE,279.036565,246.6289,31.92,3.95E+02,30.25,31.7,6072,1.273,13.054
CANDIDATE,26.8552365,146.688,2.185,1.94E+02,1.49,6.7,6045,0.955,14.958
FALSE POSITIVE,19.35954117,134.25201,12.8464,3.87E+05,101.44,3590.2,6198,1.567,14.257
CANDIDATE,16.2347636,139.9705,4.2,1.16E+02,1.28,10.7,6478,1.188,14.299
FALSE POSITIVE,1.287097944,132.37957,1.94,1.06E+02,0.89,12.3,5906,0.852,15.506
FALSE POSITIVE,3.5565617,133.522,6.691,6.80E+01,0.52,10,4964,0.633,15.191
FALSE POSITIVE,3.55646511,133.5549,4.72,4.61E+01,0.56,7.8,5475,0.818,14.609
FALSE POSITIVE,3.661895766,132.5316735,35.6374,3.55E+04,374.78,291.7,6793,1.589,13.658
CANDIDATE,2.3518268,134.352,5.797,5.77E+02,39.82,24.5,5445,1.426,14.106
FALSE POSITIVE,2.35195525,131.9168815,5.98883,2.13E+05,59.62,1819.1,6550,1.225,12.23
FALSE POSITIVE,1.882438182,132.7396834,3.50695,3.44E+05,74.77,2051.3,6322,1.213,13.68
CANDIDATE,3.57944367,133.46198,1.869,1.17E+02,0.87,8.5,5341,0.801,15.56
CANDIDATE,8.2553499,135.17,3.959,5.45E+01,3.28,10,5403,3.6,13.816
FALSE POSITIVE,5.682410334,133.6376552,5.33373,2.20E+05,72.9,2041.6,5897,1.196,14.3
FALSE POSITIVE,2.199069234,133.0633498,6.30646,2.25E+05,118.99,5915.4,6613,1.925,13.245
FALSE POSITIVE,1.481655821,132.699429,3.4913,5.91E+04,59.19,554.4,6478,1.174,13.873
FALSE POSITIVE,0.93370968,131.5714,3.356,6.22E+01,0.38,9.2,3615,0.42,15.431
CANDIDATE,10.6982275,140.6793,3.198,2.46E+02,1.73,9.1,6277,1.097,15.833
FALSE POSITIVE,1.388509353,131.786298,2.84811,3.76E+04,52.43,454.6,6075,1.13,12.309
FALSE POSITIVE,9.089355023,139.083714,6.4006,1.01E+05,68.91,756.4,7675,2.015,13.015
FALSE POSITIVE,0.94808587,131.93348,8.03,2.30E+02,37.72,145.3,6875,2.856,11.601
FALSE POSITIVE,10.36855269,132.718439,4.37878,1.53E+05,61.14,3170.1,5855,0.944,14.545
CANDIDATE,7.20558084,138.3055,2.997,5.80E+01,1.33,8.7,6002,1.693,13.553
FALSE POSITIVE,13.8602646,139.4033,74.26,4.81E+02,19.71,72.3,5667,0.796,14.756
FALSE POSITIVE,13.63948043,144.531439,3.12422,8.11E+04,44,664.1,5461,0.846,15.852
CANDIDATE,392.50115,498.8298,9.88,3.91E+02,1.9,8.9,5128,0.988,13.87
CANDIDATE,5.29655591,131.8704,3.93,1.35E+02,1.3,9.3,6268,1.1,15.591
FALSE POSITIVE,6.882686062,134.052302,5.47323,3.74E+05,60.49,2842.2,5704,0.948,15.749
FALSE POSITIVE,1.407937865,132.26921,1.585,5.08E+04,19.09,137.3,4627,0.741,14.614
FALSE POSITIVE,1.89117723,132.7285,6.986,1.76E+02,164.49,17.4,5086,6.86,15.003
FALSE POSITIVE,52.884577,147.01058,7.892,1.20E+04,48.13,72.6,6483,1.078,15.694
FALSE POSITIVE,1.429439352,132.74659,2.424,3.37E+03,54.36,292,6491,1.371,12.335
CANDIDATE,8.8324193,137.7004,2.252,7.41E+01,0.98,8.1,6060,1.133,13.303
FALSE POSITIVE,2.821328194,131.680097,5.02692,6.48E+04,40,1227.3,6701,1.506,13.116
CANDIDATE,5.88836941,136.02799,1.05,1.20E+02,1.21,8.3,6243,1.084,14.199
FALSE POSITIVE,11.9613085,131.9131819,4.6414,3.11E+05,51.58,1907.8,5564,0.785,15.308
FALSE POSITIVE,204.280255,164.7235,37.2,1.06E+04,8.99,35.1,4907,0.727,15.615
FALSE POSITIVE,0.572079631,132.0189884,2.27811,1.28E+05,29.45,578.2,5233,0.639,14.235
FALSE POSITIVE,0.822314545,131.7125281,3.3374,3.27E+01,0.54,3.8,5709,0.938,13.23
FALSE POSITIVE,31.00539285,150.8616525,3.073,5.60E+05,141.82,1236.1,5023,1.784,14.991
FALSE POSITIVE,2.189097,132.0841,5.768,3.00E+03,13.92,13.5,3624,0.406,15.999
FALSE POSITIVE,17.51191534,134.39065,5.678,7.29E+02,52.64,41,4029,20.888,9.242
CANDIDATE,521.10826,189.5977,18.36,2.45E+02,1.5,8.7,5942,0.947,14.163
FALSE POSITIVE,41.3701638,166.1673,29.254,6.91E+03,59.95,91.3,4764,6.883,12.799
FALSE POSITIVE,1.306220168,132.1122056,5.14519,4.81E+05,83.16,2019.4,6600,1.124,13.242
FALSE POSITIVE,631.632,239.8779,16.13,2.95E+02,1.56,8.6,5689,0.894,14.358
FALSE POSITIVE,0.756511623,131.9298652,2.81832,4.16E+04,77.4,845,6343,1.417,13.448
FALSE POSITIVE,10.84528655,138.334343,4.3876,7.47E+03,319.52,416.1,5096,7.023,12.923
FALSE POSITIVE,32.45541269,137.607894,7.3736,1.36E+05,23.48,180.9,4869,0.543,15.208
CANDIDATE,3.39401963,134.37164,2.984,9.84E+01,1.03,10,6181,1.029,15.42
FALSE POSITIVE,5.917085496,132.900327,23.7545,5.63E+05,75.86,1331.5,5661,0.987,14.352
FALSE POSITIVE,0.958871144,131.6864267,2.74361,2.32E+05,45.91,1191.2,5530,0.892,14.164
FALSE POSITIVE,0.5402463,131.5521,13.93,1.15E+03,6.2,1.6,7296,1.498,13.681
FALSE POSITIVE,1.288046428,132.00088,3.637,3.23E+01,2.18,20.3,5216,3.871,12.479
FALSE POSITIVE,4.200206781,134.6578,5.21948,8.24E+04,105.07,943.7,6873,1.923,12.843
FALSE POSITIVE,6.091954982,137.5877592,3.60482,3.67E+04,26.96,1508.7,6063,0.913,14.847
CANDIDATE,5.52507406,135.15435,2.565,6.15E+01,0.8,9.8,5600,1.037,13.692
FALSE POSITIVE,485.52409,307.5674,11.04,4.15E+03,6149.09,10.8,5227,0.8,14.425
FALSE POSITIVE,0.76647343,132.034804,2.46345,2.00E+05,42.33,545,5297,0.722,15.572
FALSE POSITIVE,5.2439783,132.6829,10.1,9.35E+01,1.03,13.1,6029,0.956,14.967
FALSE POSITIVE,5.2436639,132.6741,10.53,9.35E+01,0.88,10.4,6212,0.862,15.789
FALSE POSITIVE,5.2438269,132.6874,8.235,1.29E+02,0.76,11.3,4634,0.689,15.914
FALSE POSITIVE,0.56678702,131.849,3.074,7.50E+00,0.27,11.2,6045,0.999,11.786
FALSE POSITIVE,2.19642864,133.4945,4.933,9.95E+01,0.79,11.8,5376,0.806,15.811
FALSE POSITIVE,2.19635512,133.515028,9.65516,2.67E+05,82.04,2132,6438,1.273,13.685
FALSE POSITIVE,26.71841755,138.0518033,8.14155,7.30E+04,66.69,2173.1,5957,1.286,13.144
FALSE POSITIVE,0.615787196,131.71405,3.067,1.11E+02,3.5,23.9,6315,3.075,13.921
FALSE POSITIVE,548.08441,367.3828,17.66,5.60E+02,2.35,7.4,5780,1,9.233
FALSE POSITIVE,2.213964145,132.565776,6.7598,1.23E+05,57.06,951.4,6256,1.514,11.267
CANDIDATE,3.226232203,134.41924,0.4022,3.63E+01,1.01,9.9,6534,1.437,11.429
FALSE POSITIVE,1.025534511,132.4990072,3.52048,1.11E+05,43.68,3769,6267,0.919,14.541
FALSE POSITIVE,7.64941291,132.1070518,6.56935,2.36E+05,53.4,9054.7,6387,1.076,13.398
FALSE POSITIVE,13.17480793,136.4631739,3.37392,7.11E+04,51.06,1812.6,6067,0.997,14.098
FALSE POSITIVE,0.655094658,131.78278,6.159,3.72E+02,26.41,59.5,6063,1.012,15.543
FALSE POSITIVE,3.33287187,133.4408645,7.13,,,,,,12.614
FALSE POSITIVE,0.692239369,131.584611,2.91121,6.30E+04,67.05,469.2,6163,1.358,12.958
FALSE POSITIVE,17.03085756,145.542727,4.24308,7.78E+04,73.8,1947.8,5575,1.423,14.461
CANDIDATE,2.352446342,131.9380482,1.6802,3.25E+01,1.24,7.2,6749,2.003,12.047
FALSE POSITIVE,43.797829,172.60192,7.70289,4.15E+05,93.43,1375.1,6860,1.292,13.478
FALSE POSITIVE,4.254417651,133.8376474,6.55436,2.95E+05,133.79,2074.5,6292,1.235,13.438
FALSE POSITIVE,18.77816216,149.6776416,8.1018,4.88E+05,127.57,3788.7,6794,1.71,13.944
FALSE POSITIVE,1.25451792,131.7413568,2.64,,,,,,12.525
FALSE POSITIVE,1.575710265,131.692741,6.83787,1.74E+05,246.75,1975.1,5017,4.293,12.392
FALSE POSITIVE,2.534740757,133.477837,4.85013,3.64E+05,52.52,675.7,5810,0.781,13.798
FALSE POSITIVE,37.59406667,168.578815,8.9943,2.86E+04,43.08,485.8,5941,0.917,15.632
FALSE POSITIVE,3.6972959,131.753,21.335,1.97E+01,1.07,23.6,6313,1.594,11.956
FALSE POSITIVE,6.855624762,136.0224296,3.02199,7.09E+04,33.93,1397.7,6109,0.931,14.767
FALSE POSITIVE,80.7060641,139.436835,6.8899,1.19E+04,15.47,268.1,6053,0.949,15.395
FALSE POSITIVE,2.17814513,132.02979,2.321,1.36E+02,1.22,13.8,6053,0.949,15.395
FALSE POSITIVE,1.089077111,132.024245,3.8834,3.04E+05,77.59,476.6,6126,1.176,9.177
FALSE POSITIVE,1.089057762,132.03859,1.637,3.74E+01,0.44,9.2,5096,0.737,14.122
FALSE POSITIVE,0.379412331,131.61159,1.561,5.94E+02,1.59,20.2,4331,0.666,14.785
FALSE POSITIVE,0.585940879,131.705742,4.6979,1.94E+03,26.57,189.9,5459,0.797,15.912
CANDIDATE,3.90735046,133.7385,2.896,1.09E+02,0.83,10,5497,0.809,15.283
FALSE POSITIVE,0.646523404,131.6881,3.917,2.52E+01,0.85,14.2,7257,1.631,12.884
FALSE POSITIVE,0.626431697,131.899296,2.0171,3.72E+04,34.05,174,5134,0.721,15.594
FALSE POSITIVE,2.696354974,132.9926416,5.39585,2.46E+05,80.71,2717,6472,1.579,11.009
CANDIDATE,377.501257,278.8375,11.98,5.41E+02,2.16,13.9,5751,0.94,15.044
FALSE POSITIVE,14.76288917,133.7747853,6.52705,7.93E+04,53.72,1779.1,5691,1.031,15.095
FALSE POSITIVE,4.5638537,133.2096,13.05,7.19E+01,2.97,16.8,5446,2.39,13.984
FALSE POSITIVE,1.463775066,132.80636,0.953,4.51E+01,1.2,12.7,6781,1.651,13.169
FALSE POSITIVE,8.098754149,134.775324,5.62354,5.66E+04,123.02,5402,6328,1.45,11.587
FALSE POSITIVE,0.587938916,132.057929,1.40211,7.34E+03,29.98,563,5237,0.74,12.735
FALSE POSITIVE,246.87131,220.3739,10.69,4.34E+02,2.02,6.9,6168,0.96,15.884
FALSE POSITIVE,0.71957289,131.98038,1.79,,,,,,12.902
FALSE POSITIVE,1.559090282,131.7719964,4.95211,2.27E+05,129.87,1315.5,7279,2.624,13.575
FALSE POSITIVE,1.81993557,132.52714,2.43,1.09E+02,0.66,10.1,4205,0.578,15.435
FALSE POSITIVE,0.612888148,131.96372,2.822,4.31E+01,0.93,15.9,6720,1.368,13.725
FALSE POSITIVE,15.54135882,141.9557755,2.44433,1.03E+04,149.19,773.4,5092,3.54,12.658
CANDIDATE,7.1969168,133.4145,4.525,4.71E+01,1.1,10.4,5530,1.575,13.44
FALSE POSITIVE,12.8177012,143.6091,3.465,7.56E+01,1.21,8,6290,1.385,13.505
FALSE POSITIVE,2.274628199,132.0170362,4.52648,1.04E+05,104.26,2047.9,6389,1.947,11.152
FALSE POSITIVE,85.338393,215.564,8.5,6.33E+02,11.4,27.9,4850,4.696,12.881
FALSE POSITIVE,5.499941793,132.816764,11.3096,4.78E+04,59.94,814.1,7079,2.634,13.37
FALSE POSITIVE,2.629870555,132.067717,6.606,1.01E+05,34.05,1026,5566,0.967,14.043
FALSE POSITIVE,1.97362159,131.90168,3.29,,,,,,13.954
CANDIDATE,0.947554749,131.87955,1.097,6.54E+01,0.67,12.4,5508,0.84,13.853
FALSE POSITIVE,6.62761199,132.5466377,6.15281,2.27E+05,82.03,4355.5,6316,1.333,13.558
CANDIDATE,50.271927,160.466,6.073,5.75E+02,2.94,9.3,6520,1.215,15.923
FALSE POSITIVE,28.59788033,152.9842901,7.71925,8.60E+04,74.25,2526.2,6590,2.474,13.119
FALSE POSITIVE,30.47651885,136.972882,10.2264,3.27E+05,71.42,1347.9,5527,1.073,13.901
FALSE POSITIVE,252.1638623,191.470778,23.92,1.04E+05,50.74,864.5,5432,0.745,15.793
FALSE POSITIVE,2.23416013,131.7973,2.12,,,,,,13.411
FALSE POSITIVE,22.27119851,134.7601462,4.58598,1.79E+05,39.79,2141.3,5068,0.73,15.362
FALSE POSITIVE,73.89416352,159.9005068,9.48995,2.14E+05,39.18,3902.3,5442,0.841,15.329
FALSE POSITIVE,1.124033822,131.62878,5.5728,2.48E+05,98.04,792.9,7141,1.563,13.016
FALSE POSITIVE,2.796661168,134.032331,3.3781,2.36E+03,47.68,251.4,6331,1.326,13.742
FALSE POSITIVE,15.28870918,132.8060911,5.00366,5.12E+05,54.56,1758.7,4464,0.719,15.993
FALSE POSITIVE,1.83592242,132.077813,5.9942,3.07E+04,46.3,1378.9,5930,0.976,13.134
FALSE POSITIVE,1.15495063,132.34528,2.31,,,,,,14.785
CANDIDATE,128.208643,230.1943,2.745,2.12E+02,6.15,8.9,7128,3.811,11.036
FALSE POSITIVE,1.516372183,131.83387,1.239,9.38E+01,1.06,8.8,6142,1.046,15.16
FALSE POSITIVE,8.784575777,134.6752148,5.3022,2.63E+05,104.57,4761.5,8144,1.914,12.444
FALSE POSITIVE,1.949700508,132.4267375,4.35014,3.81E+04,56.11,2271,6469,1.193,11.419
FALSE POSITIVE,9.948701373,138.55412,3.2922,2.75E+03,29.19,103.1,5152,0.786,15.456
FALSE POSITIVE,3.457078812,131.8058069,5.24058,3.16E+05,86.12,6009,6526,1.482,13.585
FALSE POSITIVE,3.735993484,135.062493,17.4877,6.18E+05,571.07,1587.7,5467,4.055,13.93
CANDIDATE,6.63448023,137.0694,3.603,7.12E+01,1.04,10.3,6463,1.225,13.805
FALSE POSITIVE,12.4239677,141.676,16.01,1.62E+02,0.87,12.8,4995,0.698,15.706
FALSE POSITIVE,0.639721284,131.8546732,2.69771,4.66E+05,46.59,1012.9,4794,0.625,14.767
FALSE POSITIVE,1.25338826,132.6307,3.828,4.47E+01,0.64,14.8,5869,0.942,13.907
CANDIDATE,1.002591901,131.65849,1.247,1.43E+02,0.87,11.1,4893,0.739,15.79
FALSE POSITIVE,1.620813697,132.727367,5.9968,1.21E+05,43.95,680.4,5757,1.177,13.242
CANDIDATE,3.37116682,132.0176,4.708,7.14E+01,0.98,9.8,5653,1.163,15.03
FALSE POSITIVE,5.2434664,132.7707,18.47,1.19E+02,2.83,10.7,5047,0.766,14.901
FALSE POSITIVE,5.2439542,132.6525,9.82,1.44E+02,0.81,14.2,4920,0.691,15.924
FALSE POSITIVE,5.2441517,132.6668,9.69,9.01E+01,0.91,10.5,6060,0.925,15.862
FALSE POSITIVE,5.2443332,132.6164,11.268,2.99E+01,0.58,13.5,5952,0.971,13.636
FALSE POSITIVE,20.72606991,143.201391,6.47393,1.19E+05,51.9,1216.8,6011,0.902,14.069
FALSE POSITIVE,0.566801447,131.79977,2.352,1.62E+01,0.57,13.8,5966,1.349,12.766
FALSE POSITIVE,0.566794934,131.84569,4.399,6.89E+01,1.15,21.7,6395,1.049,14.944
FALSE POSITIVE,0.566800287,131.815992,3.487,7.39E+01,0.88,23.3,6075,0.969,15.124
FALSE POSITIVE,0.566791946,131.8145,2.77,1.26E+02,1.54,14.1,5836,0.97,15.915
FALSE POSITIVE,0.566790294,131.83481,3.641,6.40E+01,0.89,22.6,6100,1.093,14.897
FALSE POSITIVE,0.566799725,131.8211,4.097,4.67E+01,0.77,12.5,5576,1.132,14.53
FALSE POSITIVE,0.566801325,131.82499,4.176,9.21E+01,1.07,26.4,6273,1.021,15.42
FALSE POSITIVE,14.85441567,136.5597829,5.13753,7.74E+04,29.77,2822.1,6214,1.022,14.558
FALSE POSITIVE,38.47674409,150.5742128,5.10744,1.73E+05,33.8,3487.8,5294,0.79,14.579
FALSE POSITIVE,10.64311069,140.1691798,88.1118,3.16E+02,31.72,153.7,5930,1.473,13.615
FALSE POSITIVE,1.587485742,132.138538,7.7489,2.47E+05,41.52,996.8,5863,0.821,14.364
CANDIDATE,6.613671,136.4964,4.211,3.28E+01,0.91,10.2,6056,1.597,13.109
FALSE POSITIVE,1.79621807,131.54732,10.16,4.70E+01,1.54,42,7117,2.09,12.895
FALSE POSITIVE,20.2594232,141.4275,19.27,8.26E+01,1.23,23.7,6602,1.269,13.618
CANDIDATE,1.48062814,131.51535,2.898,6.25E+01,0.76,10.3,6187,0.937,15.189
FALSE POSITIVE,1.489442254,132.0042975,5.51392,4.18E+05,115.45,2309.2,6962,1.62,13.99
FALSE POSITIVE,1.12679793,132.2757,12.079,2.27E+02,21.07,21.1,5662,0.84,14.618
FALSE POSITIVE,0.998217563,131.8142317,3.90851,8.76E+04,88.64,3979.1,6980,1.755,12.457
CANDIDATE,2.68814059,132.66869,1.12,1.45E+02,0.92,9.1,5636,0.734,15.563
FALSE POSITIVE,0.58640848,131.55583,2.616,6.13E+01,0.48,23.6,4556,0.615,14.28
FALSE POSITIVE,33.46947449,154.008513,11.8874,1.65E+05,127.38,1255.2,5934,3.075,13.714
FALSE POSITIVE,1.827558898,132.26554,4.72808,3.15E+05,118.28,920.8,5977,2.077,13.661
FALSE POSITIVE,62.519211,146.4454,2.523,2.78E+02,1.9,6.7,6343,1.137,15.453
CANDIDATE,97.991569,134.675,4.665,1.27E+02,1.41,9,6499,1.169,13.65
FALSE POSITIVE,349.85525,285.6453,5.42,8.42E+02,2.63,7.9,5941,0.885,15.902
FALSE POSITIVE,2.488812012,132.1282609,5.94523,1.31E+05,83.26,3290.5,6499,1.497,11.576
FALSE POSITIVE,0.51811818,131.646,0.3969,9.90E+01,1.09,7.8,6240,0.929,14.89
FALSE POSITIVE,542.52829,278.392,11.06,7.52E+01,1.07,11.2,6099,1.212,11.253
CANDIDATE,1.057080807,131.69304,1.82,6.06E+01,0.97,11.3,6000,0.946,15.102
FALSE POSITIVE,11.56797473,137.3409726,5.96595,4.16E+05,45.65,2341.5,5290,0.648,15.217
FALSE POSITIVE,21.29473387,147.0967696,7.60143,1.23E+05,71.55,2674.6,6039,1.278,13.731
CANDIDATE,317.062416,297.8371,7.438,4.43E+02,1.59,9.8,5366,0.715,14.634
CANDIDATE,13.4959496,142.1992,2.085,2.54E+02,1.62,7.3,5962,1.019,15.669
FALSE POSITIVE,0.855763492,132.351325,3.64361,1.32E+05,72.82,598.4,6679,1.326,13.788
FALSE POSITIVE,2.045166206,132.3655682,6.84312,2.64E+05,131.41,1488.6,7128,2.135,11.704
FALSE POSITIVE,2.41349123,133.5687,11.29,5.70E+01,2.11,38.1,6628,2.595,13.253
FALSE POSITIVE,0.447820618,131.833123,0.4199,5.83E+01,1.42,28.4,5927,1.607,12.77
CANDIDATE,43.2675604,136.4574,8.331,6.91E+01,1.61,10,5747,1.729,13.468
FALSE POSITIVE,1.23133063,131.82495,3.7,7.89E+01,0.54,17.6,4237,0.631,14.875
FALSE POSITIVE,0.61566096,131.8348,2.669,1.39E+01,0.84,8.5,6619,2.23,13.74
FALSE POSITIVE,1.23140522,131.7715,3.338,5.13E+01,0.81,10.8,5600,1.118,15.149
CANDIDATE,11.3251153,137.2423,2.126,2.97E+02,1.26,7,5334,0.727,15.995
FALSE POSITIVE,31.9714488,133.8889,8.52,4.29E+01,0.87,9.2,5846,1.323,13.04
FALSE POSITIVE,9.762550001,131.671965,4.87531,4.16E+04,68.93,827,7199,1.95,12.25
CANDIDATE,16.9163386,132.8922,2.521,6.42E+01,0.68,6.3,5628,0.81,13.132
CANDIDATE,37.0200232,131.8379,1.421,5.81E+02,2.14,6.6,5685,0.886,15.424
FALSE POSITIVE,2.521265,132.848,2.69,3.65E+01,1.16,5.9,6306,1.874,12.227
FALSE POSITIVE,5.674353343,135.7548264,4.17722,3.65E+04,51.63,1098.3,5594,1.071,14.215
FALSE POSITIVE,0.734426335,131.931739,2.7415,9.91E+04,51.42,429.7,6108,0.997,13.47
FALSE POSITIVE,0.734426409,131.92972,1.569,9.41E+01,0.98,10.4,6406,1.005,15.588
CANDIDATE,0.565713361,131.66357,0.954,8.64E+01,0.81,11.6,5220,0.881,14.722
FALSE POSITIVE,13.78252221,139.480567,8.27762,2.49E+05,41.84,1524.1,5246,0.668,12.809
FALSE POSITIVE,1.89121656,132.7016,5.14,6.68E+01,0.73,10.7,5741,0.884,15.203
FALSE POSITIVE,3.693702974,135.194906,3.37146,2.52E+04,62.55,568.7,6309,1.396,14.469
FALSE POSITIVE,10.26561325,136.4886955,5.67553,1.50E+05,61.45,5640,5865,1.423,10.885
FALSE POSITIVE,2.163569702,132.936317,7.60963,5.45E+04,85.64,1513.2,6425,1.718,12.155
FALSE POSITIVE,0.730956716,132.21412,2.097,2.78E+01,0.57,11.2,6028,1.078,13.707
FALSE POSITIVE,7.04715073,132.7471,1.434,2.83E+02,1.54,9.8,5941,0.911,15.583
FALSE POSITIVE,7.047106212,132.75015,3.16223,6.96E+04,119.64,548.5,8162,2.321,9.002
FALSE POSITIVE,0.961292561,121.4629897,4.64294,3.26E+05,92.55,1703,6300,1.404,12.221
FALSE POSITIVE,63.68192888,167.547736,12.6047,3.42E+05,71.45,963.5,5979,1.054,14.995
FALSE POSITIVE,9.455586047,133.670388,8.42272,1.15E+05,178.47,1876.9,7221,4.24,11.554
FALSE POSITIVE,1.246585716,132.0206985,4.62051,4.07E+05,81.28,2165.3,6440,1.183,14.283
FALSE POSITIVE,0.898932836,131.81613,2.437,6.11E+01,1.51,22.3,5712,1.872,14.173
FALSE POSITIVE,3.45423296,131.71294,2.965,1.50E+02,0.95,10.2,4186,0.635,15.726
FALSE POSITIVE,7.304451735,135.0252768,4.09326,1.44E+05,59.02,2096.8,6024,0.9,14.989
FALSE POSITIVE,1.181046137,132.122922,2.6923,5.26E+04,37.78,324.4,5229,0.692,15.725
FALSE POSITIVE,0.68396452,131.7130275,1.3,,,,,,12.939
FALSE POSITIVE,2.025580416,131.864175,4.48448,4.50E+04,43.23,987.8,6348,1.99,12.777
FALSE POSITIVE,58.64379,156.9092,24.44,1.82E+02,1.05,12,5833,0.775,14.935
FALSE POSITIVE,20.28281916,137.05176,36.048,2.80E+03,22.46,306.7,5043,3.956,11.777
FALSE POSITIVE,4.931365987,133.153013,14.7088,2.56E+05,139.59,772.7,6562,2.263,13.254
FALSE POSITIVE,4.331392455,134.7274476,3.7278,2.00E+05,38.82,1234.3,5655,0.854,12.612
FALSE POSITIVE,345.1846728,228.840845,6.5468,3.00E+04,44.91,687.5,5712,0.971,14.023
FALSE POSITIVE,9.58405667,138.8710106,6.82752,1.20E+05,99.66,2595.9,5605,2.275,13.094
FALSE POSITIVE,5.2436612,132.7337,11.39,8.83E+01,1.1,14.5,6598,1.145,15.479
FALSE POSITIVE,3.7789374,132.1163,10.767,5.60E+01,0.48,15.1,5017,0.605,13.548
FALSE POSITIVE,1.88984957,131.910944,19.45,2.50E+05,73.04,401.5,5328,0.716,13.035
CANDIDATE,82.97062172,171.428214,8.22,,,,,,13.678
CANDIDATE,5.22422449,133.01192,4.56,,,,,,11.446
FALSE POSITIVE,2.49904083,133.3698,2.651,1.28E+02,1.04,8.1,5525,0.93,15.671
FALSE POSITIVE,1.99567242,132.87321,3.58,1.80E+01,0.75,14.2,6773,1.69,11.945
FALSE POSITIVE,0.89879279,131.6716,1.031,2.66E+01,0.57,5.7,6224,1.096,11.203
FALSE POSITIVE,16.43435283,136.2884989,5.15682,4.57E+04,25.25,2171.4,5963,1.134,13.814
FALSE POSITIVE,0.566793818,131.8298,4.929,1.00E+02,1.17,18.3,5707,0.828,15.67
FALSE POSITIVE,0.566797474,131.8117,2.708,9.88E+01,1.04,12.3,6046,1.007,15.916
FALSE POSITIVE,1.585673651,132.013007,3.20763,4.41E+04,50.53,717.5,6117,1.025,15.634
FALSE POSITIVE,14.79721916,144.6959608,7.61037,2.53E+05,47.71,7795.3,6343,0.931,14.185
FALSE POSITIVE,6.49066214,132.0676273,3.47128,1.95E+05,33.46,1680,4448,0.563,15.507
FALSE POSITIVE,7.11879848,137.1575204,4.11282,1.08E+05,41.17,1483.2,5578,0.754,15.758
FALSE POSITIVE,6.99510404,136.6223392,1.7556,7.18E+01,216.92,6.3,3681,229.908,12.843
CANDIDATE,22.50053441,150.2171942,7.44,,,,,,13.903
FALSE POSITIVE,2.897829967,132.6047388,3.17788,1.63E+05,54.35,1305.8,6318,1.077,13.648
CANDIDATE,4.88698386,132.8804,1.127,1.25E+02,1.2,10.1,6152,1.009,13.873
FALSE POSITIVE,0.706428634,132.1461749,1.75182,3.72E+05,47.64,1066.7,4429,0.736,15.159
FALSE POSITIVE,10.8632531,141.6569,37.68,1.88E+02,19.93,25.4,5896,0.914,15.429
FALSE POSITIVE,1.46842648,132.165432,6.6666,1.51E+05,40.3,622.8,5539,0.959,13.283
FALSE POSITIVE,4.305917719,132.3501939,5.61993,3.61E+05,71.49,6104.8,6502,1.037,12.817
FALSE POSITIVE,1.28659726,132.1114,3.53,,,,,,11.308
CANDIDATE,8.47484677,138.47733,2.067,2.18E+02,1.35,9.7,5564,0.785,15.381
FALSE POSITIVE,2.535389624,133.38659,2.902,4.18E+02,16.24,27.3,5488,0.706,15.561
CANDIDATE,13.56092626,142.642578,2.53,,,,,,15.561
FALSE POSITIVE,1.627538928,131.91531,5.583,3.90E+01,1.42,29.9,6854,2.088,12.76
FALSE POSITIVE,1.506503686,132.9914262,5.02151,4.77E+05,178.15,3289.1,8751,2.352,13.249
FALSE POSITIVE,1.679585725,131.5600829,7.34648,1.02E+05,28.99,1884.3,4462,0.554,12.833
FALSE POSITIVE,5.40346248,133.7451943,7.6494,2.61E+05,108.46,2851.3,6350,1.984,13.615
CANDIDATE,34.0357766,138.9291,3.849,3.87E+02,1.05,9.6,4367,0.501,15.534
FALSE POSITIVE,0.824851807,131.6271509,1.93637,3.01E+04,78,642.2,5658,1.654,12.372
FALSE POSITIVE,0.82484293,131.6424,1.383,6.19E+02,97.92,10,4148,41.424,12.721
FALSE POSITIVE,4.4473549,133.8362,18.99,2.04E+02,1.52,25.9,5531,0.764,15.989
CANDIDATE,42.48452259,165.1372596,4.16,,,,,,14.824
FALSE POSITIVE,7.51509713,138.09408,2.62,1.87E+02,1.23,10.1,4867,0.696,15.52
FALSE POSITIVE,7.51514595,138.0800379,3.54486,1.17E+05,35.8,1676.8,5624,0.777,13.711
FALSE POSITIVE,19.23003819,132.5814956,7.04412,2.66E+05,186.53,7232.1,7703,2.916,12.241
FALSE POSITIVE,21.12000574,150.128392,2.05573,1.31E+04,31.2,443.9,6195,1.598,11.51
FALSE POSITIVE,0.82206761,132.243022,3.8281,2.62E+04,91.21,486.3,6531,1.921,13.388
CANDIDATE,4.74701479,133.33305,2.464,3.62E+03,13333.5,10.1,6531,1.921,13.388
CANDIDATE,1.96682825,132.68632,1.645,2.14E+02,1.18,9.5,5595,0.796,15.612
FALSE POSITIVE,45.03558951,132.633531,9.8341,4.05E+05,82.4,1763.5,6484,1.153,14.529
CANDIDATE,4.237447181,135.17679,0.3792,3.50E+02,2.26,11.1,5993,0.993,15.504
CANDIDATE,4.0953585,135.7884,44.35,2.27E+02,7.76,60.2,6839,1.7,13.543
CANDIDATE,0.92623983,131.7203,1.267,4.11E+02,1.16,9.1,4494,0.591,16.28
FALSE POSITIVE,3.10197712,133.78902,7.083,1.25E+02,2.64,63.3,8709,1.797,12.075
FALSE POSITIVE,2.618414643,134.044367,4.99923,2.01E+05,109.33,3260,8143,2.361,11.727
FALSE POSITIVE,2.61844178,134.03782,3.203,4.51E+01,2.16,12.7,5088,3.293,12.388
FALSE POSITIVE,19.40795816,135.3915368,6.09676,1.42E+05,44.96,2506.6,5702,0.799,15.521
FALSE POSITIVE,0.933747375,131.5199,5.974,1.99E+02,8.93,35.9,6224,1.024,14.74
FALSE POSITIVE,37.9102139,162.458419,3.11152,1.03E+05,29.45,1065.9,4623,0.56,14.43
FALSE POSITIVE,3.74785307,134.17465,3.444,1.46E+02,9.04,17,4929,7.7,13.846
FALSE POSITIVE,3.747835042,134.1877331,5.28519,1.89E+05,141.7,6016.2,8529,3.065,9.532
FALSE POSITIVE,0.94754848,132.266431,1.7347,1.13E+04,224.79,44.7,3246,0.2,13.497
FALSE POSITIVE,1.75643185,132.0575,2.397,5.16E+01,0.58,9.6,5696,0.812,14.529
FALSE POSITIVE,1.756466865,132.030299,4.7781,1.88E+05,87.4,541.9,5726,1.465,10.46
FALSE POSITIVE,33.15947581,159.8126411,9.01353,2.22E+05,146.47,3733.6,7967,2.379,11.562
FALSE POSITIVE,46.14869106,173.238091,19.092,3.50E+05,114.2,1021.3,5383,1.935,12.387
FALSE POSITIVE,60.2976774,161.854691,14.2561,3.16E+05,63.57,1215.8,5995,0.977,15.68
CANDIDATE,0.875197345,131.8135915,0.052,0.00E+00,0.73,0,5855,1.796,13.109
CANDIDATE,13.2298203,134.3757,3.566,1.58E+02,1.5,10,6049,1.176,14.818
CANDIDATE,3.71840884,134.6575,3.611,7.72E+01,0.84,9.6,5982,0.96,14.794
FALSE POSITIVE,1.703347524,132.4680448,3.3039,5.04E+05,47.62,1288,5325,0.648,12.524
FALSE POSITIVE,1.70332915,132.47294,1.663,9.85E+01,0.86,8.9,5749,0.864,15.191
FALSE POSITIVE,20.413812,148.5092,5.806,4.96E+02,16.5,11.6,5514,0.826,15.38
CANDIDATE,5.32737192,133.27114,2.226,1.08E+02,0.7,6.8,4905,0.679,14.44
FALSE POSITIVE,67.41958542,133.431122,7.645,1.82E+05,49.46,836,6071,0.962,13.924
FALSE POSITIVE,7.363572395,138.70442,5.7545,1.30E+05,82.22,224.9,6793,1.508,13.102
CANDIDATE,5.90260586,136.35507,1.832,3.38E+02,1.26,8.2,4960,0.707,15.734
FALSE POSITIVE,33.69320154,158.866724,7.44219,5.09E+05,68.86,1618.4,5427,0.899,14.898
CANDIDATE,22.80265,132.9476,19.34,5.31E+01,2.36,11.8,5011,3.324,13.124
FALSE POSITIVE,1.120997701,131.48486,11.243,1.46E+02,66.58,58.1,6720,4.845,12.964
FALSE POSITIVE,1.874967748,132.701553,10.0159,3.15E+04,378.99,1566.6,4588,18.328,10.805
CANDIDATE,29.9315174,135.0082,2.53,3.53E+02,1.58,5.6,5551,0.809,15.671
CANDIDATE,0.602277579,131.5303,2.38,3.46E+01,0.78,26.7,6510,1.228,12.361
FALSE POSITIVE,2.40440112,133.1975,5.49,2.71E+01,0.42,16.7,5433,0.769,12.632
FALSE POSITIVE,21.926779,135.5453,10.05,1.99E+02,1.26,10.5,5853,0.868,15.407
FALSE POSITIVE,25.70600117,156.644215,10.969,4.65E+05,67.11,2008.1,5642,0.903,13.592
CANDIDATE,27.2173855,144.6728,3.268,1.56E+02,1.34,6.7,6263,1.019,15
FALSE POSITIVE,501.90703,205.619,12.43,3.07E+02,1.83,10.3,6316,1.036,14.131
CANDIDATE,6.27651592,136.18032,1.973,1.66E+02,0.65,8.9,3914,0.515,15.516
FALSE POSITIVE,3.115304946,133.1240488,4.88748,1.50E+05,61.66,1398.8,6367,1.087,14.154
CANDIDATE,16.214474,136.435,4.149,1.62E+02,3.53,9.4,6801,2.637,10.896
FALSE POSITIVE,12.422524,141.875,13.55,3.39E+01,0.86,6.7,7225,1.414,13.087
FALSE POSITIVE,12.4269264,141.4499,21.826,1.27E+02,1.66,28.3,5349,1.505,13.994
FALSE POSITIVE,12.4261809,141.5307,29.09,9.22E+01,1.88,39,5948,1.432,13.219
FALSE POSITIVE,0.61810542,131.74488,6.666,1.23E+04,39.52,118.7,5371,0.949,14.684
FALSE POSITIVE,1.06995136,132.30469,1.322,5.48E+01,0.9,10.8,5869,1.221,14.174
FALSE POSITIVE,2.158398259,131.894054,8.1633,9.30E+04,101.02,217,5210,1.946,13.024
FALSE POSITIVE,359.534371,218.68613,24.205,5.73E+03,64333.8,96,5087,5.899,13.925
CANDIDATE,0.9951412,131.5268,5.588,1.02E+02,0.22,17.6,3325,0.109,15.673
FALSE POSITIVE,534.86668,209.0227,8.19,5.65E+02,4.3,8.3,6668,1.791,13.845
CANDIDATE,43.535891,155.20055,4.712,5.77E+02,1.86,13.9,5481,0.778,15.857
FALSE POSITIVE,1.39797542,131.6767,9.06,4.32E+01,0.49,15.5,5074,0.761,12.763
FALSE POSITIVE,2.2127498,132.7452,3.054,2.27E+01,0.68,9.3,6195,1.405,13.386
FALSE POSITIVE,0.776976021,132.2745574,1.95401,2.12E+04,48.15,1582.9,5999,1.042,12.723
FALSE POSITIVE,2.25353739,132.486708,5.74622,1.83E+05,96.65,904.8,6951,1.662,13.451
FALSE POSITIVE,17.99646148,139.5431461,4.65638,6.28E+04,114.45,1951.8,5684,2.249,11.511
FALSE POSITIVE,1.386249249,132.742206,2.99104,4.72E+04,78.6,560,6226,1.594,11.766
FALSE POSITIVE,0.53482911,131.7369,0.996,7.04E+02,0.54,9.8,3229,0.201,16.67
FALSE POSITIVE,0.566799833,131.64094,5.543,1.98E+02,1.27,54,5488,0.789,15.524
FALSE POSITIVE,0.566795728,131.8148,2.79,1.89E+01,0.64,12.4,6130,1.393,13.379
FALSE POSITIVE,14.66575978,139.5741023,3.65814,3.37E+05,67.17,1143.6,5385,1.002,15.213
FALSE POSITIVE,0.566780836,131.8749,4.937,6.09E+01,0.75,18.7,5949,0.962,15.328
CANDIDATE,4.7368156,131.7876,2.84,3.53E+01,0.6,6.9,6088,1.011,13.922
FALSE POSITIVE,15.44605962,145.5341274,4.5963,3.31E+05,52.93,2025.2,5838,0.897,15.488
FALSE POSITIVE,1.790518325,132.9384734,3.34624,6.15E+04,32.19,2493.3,6586,1.219,12.45
CANDIDATE,40.7698541,158.86363,2.997,2.40E+02,1.87,8.8,5884,1.21,14.908
CANDIDATE,129.222771,255.1859,7.272,4.45E+02,2.01,12,4934,0.809,14.784
FALSE POSITIVE,1.03905082,132.5348,3.035,4.38E+01,0.87,9.9,6558,1.28,13.835
FALSE POSITIVE,0.503201954,131.78436,0.167,4.30E+01,2.99,8,6157,2.306,11.626
FALSE POSITIVE,7.140373046,138.008012,7.07032,2.05E+05,61.56,3250,5945,1.333,13.232
FALSE POSITIVE,53.64708486,152.97204,19.9499,2.19E+05,142.04,3272.4,5261,2.943,12.479
FALSE POSITIVE,2.496328637,132.2054088,2.73115,2.05E+04,112.28,1412.4,6757,2.615,11.211
FALSE POSITIVE,16.31328124,136.853981,4.45731,7.16E+04,30.85,982.3,6008,1.006,14.524
FALSE POSITIVE,1.721313779,132.5318957,3.54768,5.35E+05,83.69,742.8,5960,1.073,15.187
CANDIDATE,5.01880305,132.25191,1.823,9.87E+01,1.08,10.3,6220,1.083,14.541
FALSE POSITIVE,1.50650745,132.98683,2.622,2.78E+01,1.13,14.4,6839,2.02,12.491
FALSE POSITIVE,8.209514329,134.0632157,4.14104,1.41E+05,149.52,6579.3,6258,2.111,12.121
FALSE POSITIVE,3.431126546,133.593104,2.7986,4.02E+04,47.48,308.5,5815,0.969,13.681
FALSE POSITIVE,1.583334941,132.377894,4.4854,1.77E+05,52,368.8,5846,0.953,14.932
CANDIDATE,23.59919017,134.2797605,2.05,,,,,,15.365
FALSE POSITIVE,8.429438192,132.2922535,3.94306,4.56E+05,49.49,3072.5,4268,0.68,14.117
CANDIDATE,299.70688,360.3939,15.39,2.31E+02,1.15,8.6,5606,0.76,14.713
CANDIDATE,14.461834,137.2566,7.156,8.02E+01,1.05,9,5457,1.196,14.75
FALSE POSITIVE,7.9320191,136.4321,8.18,1.25E+02,1.04,8.8,5219,0.905,15.223
FALSE POSITIVE,1.374249107,131.662968,5.3181,1.37E+05,96.85,520.3,7053,2.121,13.549
FALSE POSITIVE,8.4804737,135.834,6.157,3.37E+02,1.85,14.5,6092,0.998,15.79
FALSE POSITIVE,0.94242156,132.1165604,1.89,,,,,,13.806
FALSE POSITIVE,4.994773558,136.1744922,4.48893,2.60E+05,62.69,5742,6253,1.181,13.038
FALSE POSITIVE,1.105094098,132.5461998,4.38191,7.31E+05,267.59,3732.8,8011,2.927,13.651
CONFIRMED,6.842939,137.0596,2.8,,,,,,12.92
FALSE POSITIVE,0.8170226,132.022858,2.974,1.68E+05,57.56,240.1,5780,1,17.206
CANDIDATE,4.48538145,135.29081,2.297,1.68E+02,0.96,8.2,5654,0.737,15.457
FALSE POSITIVE,19.40669392,149.807826,5.27765,4.65E+05,57.97,1496.8,5622,0.778,13.564
FALSE POSITIVE,7.143708297,137.8041949,5.83451,2.03E+05,44.78,2368.6,5655,0.992,14.17
FALSE POSITIVE,0.952377862,132.335117,4.0869,2.12E+03,28.44,390.8,5662,0.863,14.713
FALSE POSITIVE,3.521050679,134.218545,3.5323,4.88E+03,256.2,337.2,5149,6.619,13.942
CANDIDATE,4.84847245,131.90954,0.874,5.55E+02,1.51,11.4,4137,0.647,14.849
FALSE POSITIVE,1.941635737,133.1097354,2.46683,6.98E+04,59.71,1243.7,6525,1.161,13.898
FALSE POSITIVE,0.539445498,131.898299,2.2821,2.53E+04,68.65,511.4,6486,1.456,13.698
FALSE POSITIVE,20.7106853,134.03192,42.737,1.00E+03,89.55,154.4,6956,2.888,11.308
FALSE POSITIVE,2.521245368,132.8563627,4.24027,4.18E+05,56.59,1495.4,5605,0.854,13.231
FALSE POSITIVE,2.52122764,132.86973,2.249,1.27E+02,0.91,8.9,5546,0.81,15.301
FALSE POSITIVE,2.5212708,132.8596,2.706,1.63E+02,0.81,7.8,5110,0.637,15.894
FALSE POSITIVE,8.202869679,138.5109062,7.29811,3.46E+05,110.46,6499.9,6060,1.643,13.878
CANDIDATE,11.8436119,138.0037,6.044,1.99E+02,1.41,10.4,6077,0.999,15.193
FALSE POSITIVE,3.442714533,132.3912568,3.36034,6.00E+04,47.02,964.8,5819,0.861,15.715
FALSE POSITIVE,475.91706,588.8926,22.86,9.67E+02,28.22,15.3,5334,1.004,15.259
FALSE POSITIVE,0.858285844,131.87904,1.799,4.34E+01,0.9,10.8,5945,1.346,14.808
CANDIDATE,4.88446644,135.24744,2.057,2.21E+02,0.84,9.1,3883,0.517,15.84
CANDIDATE,8.9772888,133.44748,4.72,9.75E+01,1.79,10.3,5597,1.699,14.6
CANDIDATE,3.03359398,133.08355,4.026,9.56E+01,1.55,12.3,5557,1.616,14.943
CANDIDATE,21.9139549,148.52144,3.271,5.84E+02,10.39,11.8,3638,0.42,15.855
FALSE POSITIVE,6.238315363,134.3054225,2.501,8.29E+01,0.7,5.3,4914,0.724,13.26
CANDIDATE,9.3888216,134.42144,4.154,1.93E+02,20.91,9.6,5846,1.24,14.915
FALSE POSITIVE,2.115510941,131.99122,7.2877,4.15E+05,191.42,1351.5,7563,2.638,12.119
FALSE POSITIVE,1.015044104,131.56407,10.994,1.58E+02,1.98,33.6,5910,1.124,14.956
FALSE POSITIVE,3.711013336,132.4882537,3.31024,2.50E+04,55.69,757,6338,1.247,12.084
FALSE POSITIVE,2.97606298,132.9637,4.124,7.22E+01,5.65,17.8,5321,6.669,13.498
FALSE POSITIVE,2.97586085,133.0352,4.513,1.06E+02,0.85,9.1,5481,0.835,15.669
FALSE POSITIVE,14.65801395,140.4756141,3.03316,1.30E+05,121.59,3361.5,5146,1.626,13.391
FALSE POSITIVE,18.83948744,137.7695421,5.62797,1.83E+05,45.2,2003.1,6208,1.024,15.291
FALSE POSITIVE,0.555973803,131.96589,1.271,7.53E+01,1.9,23.3,5445,2.117,13.755
FALSE POSITIVE,4.426344495,134.231165,5.84235,2.76E+05,78.3,732.5,6228,1.226,13.501
FALSE POSITIVE,0.957823876,132.414882,3.7232,1.05E+05,110.91,454.1,5908,2.033,13.988
FALSE POSITIVE,5.024768971,133.120142,3.82433,5.30E+04,42.15,696.5,6322,0.989,14.355
FALSE POSITIVE,30.96021667,156.1595497,15.4308,3.40E+05,62.08,4578.3,5291,0.926,12.45
FALSE POSITIVE,2.470283788,133.251861,7.8391,1.94E+05,157.82,967.7,7823,2.675,11.108
FALSE POSITIVE,1.23516416,131.99301,4.713,6.46E+01,0.92,13,6249,1.076,15.005
FALSE POSITIVE,1.23513471,132.0046,5.44,4.28E+01,0.7,12,5930,0.997,14.712
FALSE POSITIVE,0.8903331,131.5337,2.643,1.34E+02,20.96,10.8,4981,18.374,13.915
FALSE POSITIVE,20.00024281,134.82021,5.0042,1.31E+04,21.57,796.5,6373,1.047,13.718
FALSE POSITIVE,10.21712165,137.2457336,4.35647,2.05E+05,81.1,3617.5,5931,1.349,13.752
FALSE POSITIVE,0.618060842,131.63533,1.892,2.51E+01,0.51,9.6,5339,0.793,13.426
FALSE POSITIVE,0.759764419,131.7927631,5.72501,3.93E+05,138.54,1728.1,5807,1.909,11.378
CANDIDATE,2.6528082,131.5439,2.297,1.53E+02,1.17,9.8,5778,0.935,15.668
FALSE POSITIVE,21.53926924,144.1542761,5.32432,1.44E+05,53,2642.2,6136,0.933,14.293
FALSE POSITIVE,5.270733213,136.180853,2.7822,2.94E+05,37.93,553,4348,0.678,15.953
CANDIDATE,2.43135542,133.92077,1.401,1.24E+02,1.07,9.3,6231,0.955,15.225
FALSE POSITIVE,12.4232158,141.7294,17.67,2.62E+02,1.3,23.6,5497,0.809,15.639
FALSE POSITIVE,4.3206933,131.8905,50.68,1.48E+02,1.66,35.7,6225,1.031,15.604
FALSE POSITIVE,16.48679636,131.6041706,7.06797,4.89E+04,46.92,3181.5,6020,2.097,13.645
FALSE POSITIVE,5.7768734,133.6218,5.762,7.10E+01,3.13,10.1,5473,2.162,13.712
FALSE POSITIVE,20.14880771,135.8116283,8.52557,5.27E+05,68.52,3487.5,5547,0.918,14.904
FALSE POSITIVE,0.687772143,131.8669185,2.56725,4.04E+04,46.27,679.8,5885,0.933,14.726
FALSE POSITIVE,0.843651274,131.9478111,2.80468,3.05E+05,39.98,1509.3,5220,0.695,13.826
FALSE POSITIVE,1.142946648,131.9010021,3.40234,4.13E+05,43.5,1054.4,5058,0.608,14.454
FALSE POSITIVE,7.217010987,135.4523674,4.4215,7.87E+04,89.71,1307,6047,1.211,13.272
FALSE POSITIVE,9.72869627,140.71571,5.628,2.52E+02,42.47,19.1,6881,1.351,13.542
FALSE POSITIVE,0.566791802,131.81736,2.2,4.93E+01,0.66,15.6,5691,0.887,14.702
FALSE POSITIVE,2.245738777,133.2650421,8.61629,4.83E+05,99.05,2121.8,6508,1.312,13.432
FALSE POSITIVE,2.24572117,133.26678,3.88,4.82E+01,0.74,13.6,6158,1.026,14.244
FALSE POSITIVE,0.566801906,131.79673,1.626,8.97E+01,0.55,27,4208,0.583,12.663
FALSE POSITIVE,2.316171991,132.311636,4.03025,2.51E+05,49.53,2338.3,5932,0.795,13.969
CANDIDATE,12.54474243,139.58304,1.24,2.63E+02,1.88,10.8,5767,1.159,15.082
FALSE POSITIVE,0.56680208,131.7056,1.22,,,,,,13.072
FALSE POSITIVE,0.566810701,131.80761,6.19,2.00E+02,1.49,45.9,5593,0.752,15.644
FALSE POSITIVE,0.566813319,131.78768,3.752,1.29E+02,23.19,17,6108,1.03,15.972
FALSE POSITIVE,28.78725751,137.094192,13.953,4.96E+04,91.26,1292,5154,3.981,12.85
FALSE POSITIVE,0.835315046,131.9570817,2.45449,1.69E+04,30.54,939.5,5009,0.69,15.314
CANDIDATE,3.07551068,134.46857,1.683,4.61E+01,0.84,10.1,5763,1.242,13.359
FALSE POSITIVE,26.0164225,157.37769,4.1768,4.11E+04,61.04,285.4,6287,1.28,15.032
CANDIDATE,6.29340543,133.8686,3.024,9.64E+01,1.08,8.7,6214,1.076,15.186
FALSE POSITIVE,593.19521,333.732,25.65,2.27E+02,1.63,7.1,6103,1.03,14.733
FALSE POSITIVE,0.706430188,132.14208,1.301,5.08E+01,0.41,11,5037,0.568,14.001
CANDIDATE,7.7021729,138.4181,3.987,7.46E+01,0.85,9.5,5618,0.969,14.32
FALSE POSITIVE,0.78430061,132.23164,2.952,2.55E+02,1.14,20.5,5176,0.681,15.156
FALSE POSITIVE,2.665875491,131.6187983,7.59461,1.61E+05,67.43,2274.7,6234,1.159,12.156
FALSE POSITIVE,2.6658312,131.627,5.771,4.08E+01,0.99,12.4,6276,1.353,13.562
FALSE POSITIVE,1.5765874,132.4469,15.18,2.92E+01,15.68,27.9,6742,3.138,12.232
CANDIDATE,2.52557582,133.06586,2.32,3.54E+01,0.62,10.7,5821,1.036,13.564
CANDIDATE,8.2927558,135.0352,4.784,1.03E+02,1.01,8.4,6146,0.943,15.382
CANDIDATE,22.786522,153.2108,2.197,2.28E+02,1.45,7.9,6146,0.943,15.382
FALSE POSITIVE,28.02789136,158.348172,17.3269,2.43E+05,31.3,2829,5231,0.544,14.594
FALSE POSITIVE,2.028512246,132.8392103,5.00309,1.22E+05,50.28,1545.8,6105,1.025,13.281
FALSE POSITIVE,1.33256167,132.0567,3.743,5.95E+01,0.63,13,4895,0.828,14.877
FALSE POSITIVE,1.332567821,132.0544581,3.4844,3.10E+01,0.96,5,6600,1.681,13.191
FALSE POSITIVE,1.332545609,132.05755,3.997,2.78E+02,28.37,31.4,5154,16.486,13.504
FALSE POSITIVE,1.33256256,132.04698,3.088,1.75E+02,16.03,11.9,4601,12.581,12.295
FALSE POSITIVE,1.33258981,132.0364,3.987,7.84E+01,0.67,16.1,5309,0.763,14.818
FALSE POSITIVE,1.33258375,132.0362,4.081,6.09E+01,0.84,16.4,6108,0.997,14.835
FALSE POSITIVE,8.9648813,137.5394,61.23,4.55E+02,28.97,109.9,6543,1.159,12.039
CANDIDATE,1.284241817,132.65223,1.965,1.67E+02,1.18,13.3,5849,0.919,15.674
FALSE POSITIVE,2.161583501,131.80273,4.0537,5.02E+04,29.61,239.2,5888,1.219,13.945
CONFIRMED,8.7396758,136.5829,3.866,1.43E+03,3.29,15.6,4406,0.628,16.324
FALSE POSITIVE,0.535493486,131.743209,2.57,5.40E+01,1.42,5.1,6328,1.864,13.39
CANDIDATE,15.9474242,137.49449,1.127,1.92E+02,1.21,6.5,5472,0.877,14.801
FALSE POSITIVE,24.26168383,147.2417593,7.1617,1.92E+05,58.48,5083.9,6151,0.983,12.325
FALSE POSITIVE,32.5325215,147.077355,13.3991,8.35E+04,24.35,1595.1,5845,0.838,15.354
CANDIDATE,50.0122,153.9789,3.426,2.10E+02,1.2,8.3,5357,0.814,15.174
FALSE POSITIVE,4.627775175,133.390355,3.4079,5.68E+03,32.62,197.5,5845,0.874,14.69
FALSE POSITIVE,28.7850347,145.7978,2.102,1.03E+02,2.5,6.2,6581,2.42,13.57
CANDIDATE,5.60682001,135.84466,2.714,1.51E+02,1.04,9.9,5699,0.853,15.289
FALSE POSITIVE,6.096030635,135.0308909,18.4531,9.02E+05,406.97,4885.3,7598,2.692,13.533
FALSE POSITIVE,31.95303877,142.708054,8.0461,1.77E+04,47.96,1364.9,5524,2.734,13.032
FALSE POSITIVE,5.9371708,135.957,4.954,1.57E+02,1.17,10.1,5475,0.923,15.379
FALSE POSITIVE,0.577844035,131.88058,4.291,3.20E+02,18.93,94,5693,0.816,13.766
FALSE POSITIVE,2.630090609,132.224741,13.6817,5.17E+05,83.5,1694.6,6315,1.108,14.187
FALSE POSITIVE,43.20459678,146.5978539,15.0402,2.02E+05,43.15,4750.2,6003,0.932,14.291
FALSE POSITIVE,1.75147897,132.47509,7.89,7.67E+01,1.8,68.2,6823,2.037,12.655
CANDIDATE,3.17796408,134.35285,0.542,4.77E+01,0.74,6,5061,0.841,12.218
CANDIDATE,3.66520844,131.50911,3.308,6.58E+01,0.82,10.3,5579,1.029,14.736
CANDIDATE,3.05293416,132.96692,2.155,2.28E+02,1.18,10.1,5311,0.788,15.901
CANDIDATE,12.834857,134.37229,2.092,2.94E+02,1.73,9.4,5492,1.016,15.331
CANDIDATE,36.2530992,142.0377,4.73,1.52E+02,1.43,8.3,6002,1.081,14.71
CANDIDATE,4.02321842,135.41629,2.162,8.12E+01,0.48,9.8,4671,0.528,14.363
CANDIDATE,7.5017934,138.8271,4.271,1.35E+02,1.32,9.8,6321,1.125,15.438
CANDIDATE,0.912351255,131.59612,1.072,1.12E+02,1.46,9.1,5481,1.036,15.114
CANDIDATE,12.4701111,143.7236,3.616,8.97E+01,2.06,9.3,5623,2.109,14.024
FALSE POSITIVE,3.495457889,132.083941,6.9796,1.15E+05,84.49,724,8529,1.558,13.444
CANDIDATE,5.8229815,133.999,2.8,2.82E+02,1.36,8.1,5704,0.804,15.902
FALSE POSITIVE,4.01668015,134.240703,2.2828,3.80E+04,22.11,87.9,5448,0.794,15.371
FALSE POSITIVE,1.89134156,132.6518,5.891,6.84E+01,0.99,10.3,6387,1.105,15.343
FALSE POSITIVE,2.881100027,134.238752,9.43866,6.63E+05,446.29,3316.5,8104,3.369,13.636
FALSE POSITIVE,0.806277023,131.78567,7.275,7.08E+01,0.89,37.9,6122,0.996,13.614
FALSE POSITIVE,0.513482156,131.75477,2.732,9.16E+01,0.83,12.6,5495,0.882,15.63
FALSE POSITIVE,225.66716,195.6621,16.6,3.43E+02,1.94,11.7,6363,1.035,13.718
FALSE POSITIVE,4.24748886,132.0562,3.053,1.21E+02,1.01,10,5807,0.922,15.146
FALSE POSITIVE,1.000012952,131.7614,1.221,3.60E+01,2.12,11.9,5176,3.605,11.942
FALSE POSITIVE,0.878803439,132.267269,2.74503,4.11E+05,51.97,524.8,4524,0.737,15.929
FALSE POSITIVE,1.560158562,132.368518,3.4248,2.40E+05,45.91,459.9,4926,0.749,13.871
FALSE POSITIVE,34.18830271,132.1423013,3.01179,1.18E+05,74.5,2594.9,5757,1.345,12.869
FALSE POSITIVE,8.65303996,136.66798,1.091,4.97E+02,1.88,14.7,5301,0.84,15.639
FALSE POSITIVE,8.65311903,134.30128,1.273,2.07E+02,0.85,8.9,3929,0.55,15.109
FALSE POSITIVE,12.4253812,141.5493,19.781,1.15E+02,1.14,26.8,5925,1.066,13.854
FALSE POSITIVE,12.42555999,133.96829,28.083,2.96E+03,4.72,122,4922,0.704,15.902
FALSE POSITIVE,12.4257442,141.52382,29.122,9.36E+02,8.43,49.6,8691,2.193,12.625
FALSE POSITIVE,12.4254241,141.5418,24.98,3.79E+02,2.17,36,5853,0.895,15.71
FALSE POSITIVE,2.991884392,134.175892,7.5583,1.24E+05,40.11,1280.3,6596,1.094,13.28
FALSE POSITIVE,1.795273026,131.870391,7.3232,1.25E+05,55.26,877.8,6363,1.012,14.889
FALSE POSITIVE,0.755109271,131.81838,2.619,2.32E+01,0.47,12.9,5606,0.962,13.292
FALSE POSITIVE,0.755101141,131.8211,3.371,7.67E+01,0.19,13.4,3256,0.207,15.237
FALSE POSITIVE,1.75251585,132.7544,3.489,1.26E+02,1.02,14.2,5952,0.844,13.978
FALSE POSITIVE,1.752450163,132.8015023,3.0255,5.55E+01,0.79,3.4,5779,0.99,13.294
FALSE POSITIVE,8.27923132,133.81711,2.355,1.65E+02,1.08,10.9,5631,0.847,15.197
FALSE POSITIVE,2.212877035,132.682428,4.66961,3.76E+05,69.18,2731,6153,1,14.28
FALSE POSITIVE,0.845097627,132.12136,1.873,8.65E+01,0.78,10.7,5252,0.783,15.685
FALSE POSITIVE,17.44564047,135.7462627,6.08966,3.34E+05,63.46,4093.9,5759,0.945,11.23
FALSE POSITIVE,14.31315739,138.2205171,8.90236,2.16E+04,34.98,4262.9,5750,2.379,13.254
FALSE POSITIVE,0.676990194,131.8017098,1.69459,2.05E+04,37.5,997,5813,0.816,15.553
FALSE POSITIVE,0.515875396,131.7013,1.21,1.77E+03,7.22,9.1,7229,1.38,13.591
FALSE POSITIVE,2.83401711,133.5005,5.938,8.42E+01,0.93,11.5,6247,1.002,15.036
FALSE POSITIVE,0.566803996,131.80782,3.399,1.42E+02,0.64,23.4,4373,0.544,15.989
FALSE POSITIVE,0.56681118,131.7883893,2.06,,,,,,11.58
FALSE POSITIVE,0.566799927,131.83464,4.71,1.45E+02,0.77,28.9,5092,0.645,15.888
FALSE POSITIVE,0.566786121,131.8363,3.404,8.18E+01,0.79,14,5603,0.846,15.768
FALSE POSITIVE,0.56679797,131.841,4.503,7.26E+01,0.65,14,5230,0.777,15.877
FALSE POSITIVE,0.566802891,131.79487,1.861,4.92E+01,1.29,14.4,6487,1.748,12.982
CANDIDATE,0.576732089,132.07378,1.856,3.54E+01,0.43,9.1,4524,0.717,13.291
FALSE POSITIVE,1.01884975,132.0857,3.233,3.09E+01,0.47,14.8,6068,0.829,13.948
CANDIDATE,10.9279755,139.9174,2.486,7.15E+01,0.81,7.3,6045,0.955,14.347
FALSE POSITIVE,32.4403392,142.2555263,4.50984,2.88E+05,44.56,2177,5081,0.696,15.854
FALSE POSITIVE,0.552141897,131.77199,4.985,1.06E+02,10.04,42.8,5952,0.904,13.866
FALSE POSITIVE,2.62387291,134.0049825,4.61248,2.32E+05,74.23,2607.6,6728,1.46,13.7
FALSE POSITIVE,0.75509861,131.962107,2.6423,6.03E+04,60.74,385.4,6038,1.213,13.441
FALSE POSITIVE,3.671661096,132.0909174,4.29947,1.29E+05,105.82,3152.6,7343,1.94,12.814
FALSE POSITIVE,22.67314568,138.145641,6.6324,6.54E+04,30.92,912,5619,1.153,14.274
FALSE POSITIVE,0.50948306,132.0386,3.14,7.46E+01,1.22,8,6344,1.39,13.545
FALSE POSITIVE,17.32996587,142.727156,8.43812,2.53E+05,42.58,1938.7,5079,0.683,15.2
FALSE POSITIVE,1.890227354,131.678589,3.855,1.12E+05,42.05,252,5356,0.78,15.569
FALSE POSITIVE,1.387206724,132.8469146,3.82527,1.51E+05,103.41,1752.6,7207,1.894,11.658
FALSE POSITIVE,1.38718209,132.8579,2.595,4.55E+01,0.68,7.2,6122,0.996,14.718
FALSE POSITIVE,35.02656485,160.6019871,2.90121,1.20E+05,34.88,1607.2,5546,0.81,15.496
CANDIDATE,7.918267,134.1991,3.478,8.37E+01,0.93,8.4,5966,1.016,14.758
FALSE POSITIVE,3.138580493,132.330622,4.16343,2.33E+05,59.24,2387.8,5593,1.083,13.63
FALSE POSITIVE,9.26147679,135.1085808,1.77,,,,,,14.874
FALSE POSITIVE,581.0723,371.0249,15.81,1.36E+03,161858,15.9,5026,16.891,12.282
CANDIDATE,10.2170589,139.1299,2.259,1.21E+02,1.17,7.9,6211,1.054,14.455
FALSE POSITIVE,3.50474265,133.319536,8.2852,8.86E+04,200.24,977.2,7624,3.682,10.862
FALSE POSITIVE,2.14344093,133.497247,3.9741,1.33E+05,28.69,645.9,4817,0.7,14.945
CANDIDATE,86.95432088,187.7282221,12.11,,,,,,14.248
FALSE POSITIVE,9.058487716,137.3378842,4.14334,1.28E+05,20.51,2098.9,4340,0.573,15.507
FALSE POSITIVE,2.856085147,133.39298,4.5776,1.74E+05,88.52,422.1,6604,1.526,14.045
FALSE POSITIVE,0.876941133,132.26899,1.296,7.35E+01,0.85,12.3,6018,0.975,14.978
FALSE POSITIVE,39.23814157,148.651652,6.07183,4.39E+05,90.93,969.3,6599,1.234,12.153
FALSE POSITIVE,53.7406575,209.294733,47.2475,1.17E+05,25.44,3568.1,5288,0.737,13.756
FALSE POSITIVE,7.436016459,136.518226,4.16284,1.07E+05,31.39,742.1,6214,0.933,14.546
FALSE POSITIVE,0.750737313,131.82143,1.712,3.88E+01,0.48,13.4,5151,0.761,12.306
CANDIDATE,27.5837778,142.9808,1.516,2.03E+02,11.03,8.5,5092,7.913,12.148
FALSE POSITIVE,14.36102158,138.842986,13.2895,4.60E+05,45.9,2599,5229,0.668,14.419
FALSE POSITIVE,2.570431263,133.189517,5.49699,7.68E+04,50.18,822.9,6244,0.971,13.43
FALSE POSITIVE,6.64024496,132.775862,6.03491,2.24E+05,74.4,2941,6085,1.215,13.881
FALSE POSITIVE,14.84424039,134.2337694,6.83577,8.34E+04,28.97,4542.8,6161,0.988,14.415
FALSE POSITIVE,4.42158021,134.395447,10.4532,6.10E+04,188.89,370.6,8026,3.461,11.425
FALSE POSITIVE,25.32169873,139.687525,4.45367,1.20E+05,56.62,673.3,6109,1.029,15.128
CANDIDATE,3.14735789,133.3871,3.643,5.18E+01,3.45,9.3,5189,4.93,14.386
FALSE POSITIVE,37.87848359,138.128618,10.5972,2.22E+05,46.42,1157.6,5985,0.758,13.265
FALSE POSITIVE,10.11614452,139.9824969,2.70314,5.81E+04,17.21,1144.8,4717,0.519,15.52
FALSE POSITIVE,0.684496369,131.92125,2.263,2.84E+01,1.12,16.3,5800,2.053,13.181
FALSE POSITIVE,1.953285321,133.1432,1.67598,1.52E+03,151.56,237.7,6450,3.928,13.077
FALSE POSITIVE,1.012174295,131.90835,4.6617,3.23E+05,114.4,596,6987,1.716,14.712
CANDIDATE,2.61090223,133.25501,1.976,2.23E+02,1.8,10.7,5514,1.071,15.829
CANDIDATE,17.6637979,144.239,6.194,6.79E+01,2.98,9.7,5734,3.405,14.074
CANDIDATE,4.02664625,134.3954,3.771,3.00E+01,0.68,8.9,6187,1.238,13.383
CANDIDATE,5.1777226,133.5044,8.275,4.17E+01,0.63,6.1,5854,0.979,12.32
CANDIDATE,9.48814747,139.17907,1.163,4.79E+01,0.73,11.1,5680,1.016,11.525
CANDIDATE,5.06993245,135.836,3.241,9.36E+01,0.92,11.6,5957,0.937,14.758
FALSE POSITIVE,346.36642,365.2864,14.94,1.48E+02,1.57,14.3,6327,1.259,11.899
FALSE POSITIVE,0.51554111,131.6708765,0.87,,,,,,15.786
FALSE POSITIVE,0.892061734,131.815603,2.24307,7.56E+04,46.75,398.1,5561,0.855,13.815
FALSE POSITIVE,3.471399214,133.7510303,5.07707,9.23E+04,89.62,3230.4,6026,1.689,12.161
FALSE POSITIVE,4.176929219,133.197382,5.2003,7.04E+04,31.35,187,5462,0.708,15.22
FALSE POSITIVE,6.3762199,134.9584,2.24,,,,,,15.822
CANDIDATE,9.78184193,132.3447759,2.3,,,,,,15.198
CANDIDATE,8.1770751,136.8217,4.608,4.43E+01,0.83,10.6,6501,1.209,12.419
CANDIDATE,569.45051,143.4648,9.63,4.25E+02,1.96,8.2,6117,0.947,14.542
FALSE POSITIVE,0.823014905,132.160787,3.5426,8.51E+02,22.17,130.5,4975,0.724,14.221
FALSE POSITIVE,0.796815149,131.9743416,1.0727,5.59E+01,10.23,4.8,4897,13.499,11.971
FALSE POSITIVE,26.95123768,150.923211,8.27486,8.67E+04,146.33,1451.7,6675,2.747,11.957
FALSE POSITIVE,18.11208877,134.713916,6.7828,1.17E+05,96.62,217.7,7323,1.722,13.627
CANDIDATE,4.84505985,134.94868,2.078,2.98E+02,1.54,10.7,4337,0.714,13.731
FALSE POSITIVE,4.408295716,134.280413,3.62479,3.80E+04,35.68,386.1,5496,0.743,14.984
FALSE POSITIVE,8.665259912,132.216249,3.1088,1.84E+03,82.42,181.4,6071,2.389,13.852
FALSE POSITIVE,4.726086185,132.9230889,4.39793,1.82E+05,41.38,1564.3,5873,0.863,15.181
FALSE POSITIVE,8.643550046,139.8333977,3.1273,6.73E+04,38.21,849.3,5679,0.747,15.414
CANDIDATE,623.70774,303.3588,6.688,2.51E+02,1.81,10.2,6626,1.132,13.379
FALSE POSITIVE,1.51945182,132.5975,2.95,1.37E+01,0.5,9.6,6168,1.307,12.585
FALSE POSITIVE,0.759755409,131.79602,2.734,7.00E+01,0.91,15.9,6090,1.071,15.259
FALSE POSITIVE,5.082523739,132.9614122,5.04732,2.76E+05,61.88,5286.2,6507,1.145,13.508
FALSE POSITIVE,1.02547271,131.6002,1.996,2.70E+01,0.94,10.9,6862,1.712,12.407
FALSE POSITIVE,1.025465924,131.6091403,3.71841,1.53E+05,106.84,1120.8,6700,1.883,13.821
FALSE POSITIVE,74.98529295,146.1390004,6.23451,1.05E+05,49.22,1754.8,5955,0.91,14.851
CANDIDATE,10.95210361,132.6922455,1.5,,,,,,11.969
FALSE POSITIVE,25.76205672,139.7346639,14.8694,4.48E+05,74.87,3469.5,5539,1.027,14.231
CANDIDATE,2.70581614,132.53726,6.56,4.69E+01,0.69,41.8,5992,0.961,10.715
FALSE POSITIVE,1.195516859,132.302869,6.17216,5.14E+05,75.54,1153.4,5780,1,13.908
FALSE POSITIVE,1.995728294,132.839699,6.43532,2.52E+05,45.2,1496.5,5807,0.861,13.748
FALSE POSITIVE,10.76839193,137.679347,12.5252,1.07E+05,52.8,2085.7,5226,1.643,12.88
CANDIDATE,3.84615171,133.3817,2.24,1.37E+02,1.14,9.3,6106,0.966,15.256
FALSE POSITIVE,0.733724504,132.02461,2.208,4.59E+01,0.96,21.4,6175,1.405,13.436
CANDIDATE,1.28940823,132.0764,3.652,3.21E+01,2.48,10.3,5826,4.189,13.897
CANDIDATE,498.27269,146.1528,8.92,5.34E+02,2.12,6.6,5618,0.932,15.477
FALSE POSITIVE,5.08840787,134.3553111,4.77204,3.87E+05,55.3,3095,5618,0.791,15.353
FALSE POSITIVE,18.52782408,139.2576071,5.88678,7.62E+04,64.66,5547.2,6154,2.321,12.893
FALSE POSITIVE,12.15524112,133.7671874,6.84353,8.55E+04,34.62,1767.8,5761,0.932,13.964
CANDIDATE,11.0495766,138.535,2.13,1.03E+02,0.83,5.7,5533,0.819,14.804
CONFIRMED,4.48559215,135.43172,0.8161,2.27E+03,0.95,15,3236,0.193,15.737
FALSE POSITIVE,0.566789763,131.81846,4.008,2.54E+01,0.4,15.4,5799,0.758,13.767
FALSE POSITIVE,0.566811926,131.79708,4.181,8.26E+01,0.91,22.5,6165,0.942,15.444
FALSE POSITIVE,2.525386934,133.913493,3.71613,1.25E+05,67.24,1003,6826,1.233,14.34
FALSE POSITIVE,0.566801506,131.7969,1.738,2.95E+01,0.62,19.2,6398,1.111,11.656
FALSE POSITIVE,0.566803738,131.79343,1.8481,1.01E+02,1.13,33.1,6300,1.057,14.313
FALSE POSITIVE,1.69421771,132.006,4.161,9.11E+01,0.74,15,5402,0.717,15.041
CANDIDATE,13.8086331,141.604,3.613,2.07E+02,1.09,9,5515,0.761,15.567
CANDIDATE,4.25907841,135.5815,4.513,2.81E+01,0.7,11.5,5560,1.316,12.832
FALSE POSITIVE,2.739477089,131.930634,3.18229,3.21E+04,50.48,593.6,6469,1.056,13.636
FALSE POSITIVE,1.307761491,131.777769,2.22271,1.39E+04,29.17,531.5,5112,0.673,14.932
FALSE POSITIVE,4.028671454,133.9542149,8.12253,1.14E+05,52.42,2152.8,6327,1.528,13.775
FALSE POSITIVE,2.30118753,132.193218,7.8216,8.75E+04,140.23,404.8,7970,2.652,13.489
FALSE POSITIVE,0.449249224,1472.522306,4.7565,4.19E+05,95.83,1194.9,6338,1.299,15.282
FALSE POSITIVE,0.687004402,131.86316,3.829,9.37E+01,2.89,45,6240,2.803,13.316
FALSE POSITIVE,0.91839938,131.6132,4.479,1.52E+02,1,16.8,5222,0.795,15.908
CANDIDATE,64.1983721,147.98378,0.934,2.48E+02,1.74,6.8,6088,1.077,13.839
FALSE POSITIVE,0.94356284,132.3272,5.721,1.34E+01,0.76,16,7693,1.984,12.749
FALSE POSITIVE,2.243569483,133.7306188,4.14769,6.63E+04,21.11,1107.7,6081,0.801,14.965
FALSE POSITIVE,8.258181993,131.5010463,3.9122,3.12E+05,58.19,2981.6,5306,0.888,13.448
CANDIDATE,82.78482,141.3871,7.52,1.90E+02,2.16,8.4,5749,1.48,14.909
FALSE POSITIVE,1.81139053,132.9689,8.64,7.75E+01,14.47,12.5,5941,0.911,15.372
CANDIDATE,2.4376438,132.1228,1.587,2.71E+01,0.79,8.8,5927,1.53,12.66
CANDIDATE,0.721522907,131.7091421,1.4521,2.25E+04,11.04,815.3,4893,0.625,15.069
FALSE POSITIVE,7.09520543,135.3715105,3.69044,2.33E+05,50.23,1959.2,5481,0.778,15.137
FALSE POSITIVE,0.651731691,131.751463,2.4602,2.05E+04,71.9,347.5,5791,1.472,13.879
FALSE POSITIVE,0.50818743,131.63064,3.433,5.49E+01,1.26,29.1,7141,1.56,13.313
FALSE POSITIVE,2.73398963,133.755464,1.52,,,,,,11.727
CANDIDATE,19.1644498,141.3045,3.553,6.38E+01,1.83,8.9,5877,2.234,13.314
FALSE POSITIVE,40.06967462,153.018227,9.3564,4.19E+04,27.38,1304.8,5911,1.207,14.458
FALSE POSITIVE,55.884827,140.6478,2.283,4.98E+02,2.11,7.7,5668,0.868,15.873
FALSE POSITIVE,3.75938475,134.13833,1.188,1.33E+02,3.1,11.3,4976,2.638,12.917
FALSE POSITIVE,10.6840477,134.084445,3.515,8.19E+04,26.43,395.3,3887,0.523,15.774
FALSE POSITIVE,2.00280845,132.06909,1.22,,,,,,11.696
FALSE POSITIVE,10.67459836,138.8847317,3.82706,1.67E+04,68.58,1845.6,6496,1.485,10.81
FALSE POSITIVE,2.305097141,133.705069,1.9378,5.88E+03,89.22,133.4,8851,2.178,13.866
FALSE POSITIVE,0.974477904,132.370903,2.69834,8.85E+03,618.37,801.7,5210,15.004,10.282
FALSE POSITIVE,18.52591745,144.1948764,5.9056,4.56E+05,64.42,2246.9,5492,0.887,15.124
CANDIDATE,4.15736472,132.85855,2.217,2.01E+02,1.09,11.2,5183,0.782,15.517
FALSE POSITIVE,0.502454299,131.9221686,2.31547,3.75E+04,43.95,873.6,6134,0.901,13.532
FALSE POSITIVE,27.30815016,143.504361,4.43906,3.88E+05,47.06,820.9,5541,0.739,15.529
FALSE POSITIVE,1.262742487,132.19792,1.7433,1.59E+04,134.45,60.8,5273,3.15,13.573
FALSE POSITIVE,0.59586463,131.9392,1.5,,,,,,14.343
FALSE POSITIVE,1.222127938,131.81559,2.2613,2.49E+03,30.32,200.9,5157,0.87,14.73
FALSE POSITIVE,8.627475562,139.9908385,4.65505,3.68E+04,188.55,1157.5,5146,4.063,13.835
FALSE POSITIVE,0.589753355,131.83147,0.606,2.16E+02,1.03,12.4,5414,0.678,15.832
FALSE POSITIVE,2.751566365,131.562267,5.2403,7.26E+04,42.98,180,5461,0.861,15.311
FALSE POSITIVE,0.760935268,131.6357605,2.77023,3.71E+05,35.68,1289,4675,0.511,12.402
CANDIDATE,2.012094,131.5688,2.157,7.48E+01,0.99,9.1,5633,1.162,14.927
FALSE POSITIVE,1.33258772,132.0314,5.187,7.08E+01,1.13,16,5576,1.289,15.276
CANDIDATE,9.4767057,134.7294,3.893,2.31E+02,1.38,8.6,5911,0.914,15.761
CANDIDATE,6.65171459,137.6781,2.325,1.52E+02,0.84,10,4889,0.686,14.976
CANDIDATE,208.54335,230.9934,9.851,6.15E+02,2.84,10.4,5533,1.166,15.254
CANDIDATE,17.7189786,138.8021,4.102,1.77E+02,1.44,9.7,5566,1.099,15.246
CANDIDATE,5.0395851,133.828,4.556,7.01E+01,0.78,9.6,5912,0.924,14.634
CANDIDATE,7.64370363,137.87526,2.738,7.09E+01,1.85,13.2,6120,2,13.266
FALSE POSITIVE,1.353414369,131.67312,13.416,6.10E+02,216.31,100.8,4850,8.586,12.318
FALSE POSITIVE,2.9590637,133.9227,28.81,2.36E+01,0.65,6.4,6192,1.322,12.913
FALSE POSITIVE,1.806631432,132.23663,1.102,2.18E+02,1.05,10.4,4606,0.699,15.278
FALSE POSITIVE,15.06649153,140.655427,6.2852,1.06E+05,88.56,893,5751,1.626,14.213
FALSE POSITIVE,1.831829703,132.53923,7.289,4.05E+04,49.38,140.4,5269,2.183,13.061
FALSE POSITIVE,0.738527259,132.024142,1.2174,4.23E+02,49.08,104.1,5869,2.313,12.997
FALSE POSITIVE,0.89627093,131.668052,2.2033,6.70E+04,43.47,152.9,5551,0.861,15.261
CANDIDATE,5.11683678,133.9134,3.119,1.61E+02,1.16,9.2,5955,0.91,15.221
FALSE POSITIVE,1.06100327,132.5257,1.675,9.59E+01,0.94,9.7,5966,0.961,15.14
FALSE POSITIVE,0.922030594,132.076361,4.367,1.39E+04,49.63,331.7,6484,1.153,14.351
FALSE POSITIVE,611.09299,134.3101,15.22,2.70E+02,1.53,12.2,6032,0.929,13.604
FALSE POSITIVE,24.71479071,149.4927345,5.06776,2.09E+05,112.24,5148.8,6300,1.862,12.526
CANDIDATE,16.1191449,146.7978,3.039,2.62E+02,1.34,8.2,5319,0.783,15.696
FALSE POSITIVE,3.6329347,131.88496,2.3,,,,,,13.758
FALSE POSITIVE,1.161947482,132.2121368,4.46886,1.30E+05,68.69,2435.4,6225,1.457,13.14
FALSE POSITIVE,0.607191908,132.0195301,1.30166,1.74E+04,12.44,961.9,5370,0.671,15.428
FALSE POSITIVE,2.2502073,133.6127,2.203,2.60E+02,19.94,7.8,4507,12.787,11.946
CANDIDATE,17.9925973,135.4545,2.762,1.99E+02,1.62,8.7,5931,1.087,14.604
FALSE POSITIVE,0.648775795,131.7459799,4.34648,1.09E+05,41.58,6873.9,5143,0.776,10.201
FALSE POSITIVE,4.132521615,132.892463,12.4949,1.56E+05,93.1,440,6567,1.636,13.894
FALSE POSITIVE,410.88527,202.8127,24.1,2.06E+03,200346,21.5,5015,18.489,12.962
CANDIDATE,74.371666,187.379,12.59,1.03E+02,2.39,12.1,6865,2.211,11.319
FALSE POSITIVE,0.938905082,131.8411582,5.00453,3.59E+05,205.64,2584.7,8615,3.003,13.613
FALSE POSITIVE,0.93891532,131.83424,2.134,3.91E+01,1.13,8.2,6534,1.797,13.91
FALSE POSITIVE,16.29421371,143.1937219,6.01687,1.74E+05,68.05,7486.2,6237,1.508,14.203
FALSE POSITIVE,11.02520205,131.715631,12.8097,4.30E+05,164.02,2585.5,6047,2.3,12.113
FALSE POSITIVE,10.81916946,132.9864665,5.50262,4.37E+05,67.76,5258.2,5955,0.991,14.342
FALSE POSITIVE,2.680514453,132.598382,3.21178,1.96E+05,48.86,665.5,6038,1.076,14.746
CANDIDATE,19.164111,139.8244,2.773,2.16E+02,1.11,8.1,5103,0.674,15.455
FALSE POSITIVE,1.053573674,132.428012,1.70116,3.06E+03,299.87,445.3,5838,7.385,12.97
FALSE POSITIVE,0.970085646,132.4088,1.129,1.53E+02,18.65,9.8,4555,15.63,12.026
FALSE POSITIVE,63.52017525,162.163605,17.1759,3.25E+04,77.1,1708.1,4938,4.33,14.985
FALSE POSITIVE,11.30098763,801.4552005,10.5199,3.26E+05,97.12,5027.8,6143,1.448,13.203
FALSE POSITIVE,0.92098747,131.87056,2.04,,,,,,10.206
FALSE POSITIVE,2.182515126,132.354186,6.8413,1.15E+05,128.15,861.6,8051,2.347,13.419
FALSE POSITIVE,2.659418888,133.3208183,6.98414,3.05E+05,61.52,5776.1,6156,0.932,14.905
FALSE POSITIVE,2.31610674,132.3383,3.347,3.36E+01,0.7,13,6025,1.193,13.608
CANDIDATE,13.5164708,144.0259,2.628,1.40E+02,0.88,7.1,5442,0.747,15.087
FALSE POSITIVE,0.948683571,131.88901,1.676,1.51E+02,1.12,13.8,5576,0.852,15.8
FALSE POSITIVE,1.65546056,133.13661,3.52,1.25E+02,0.9,12.4,5438,0.82,15.876
FALSE POSITIVE,1.655472351,133.126106,5.09197,1.74E+05,125.25,823.8,6725,2.171,11.471
FALSE POSITIVE,4.50279037,134.1343,6.72,,,,,,11.606
FALSE POSITIVE,1.759276227,132.0750778,3.19585,3.21E+04,40.79,2857.7,6656,1.232,12.984
FALSE POSITIVE,1.09206792,132.1066,1.646,1.06E+02,0.74,7.7,4856,0.728,15.924
CANDIDATE,4.83014159,134.64407,0.957,1.92E+02,1.3,11.7,5693,0.939,14.991
CANDIDATE,2.41194057,133.01849,1.787,6.73E+01,1.35,10.6,5598,1.594,14.106
FALSE POSITIVE,1.613014741,131.7482916,4.39594,1.52E+05,157.33,1096.1,7832,2.779,12.146
FALSE POSITIVE,6.2089181,136.6828,2.292,1.66E+03,9.2,8.4,5548,2.113,16.984
FALSE POSITIVE,0.77996263,132.1472,3.369,2.57E+01,0.83,9.7,6002,1.629,13.417
CANDIDATE,0.800263219,132.06684,0.729,1.71E+02,0.77,13.2,4336,0.59,15.695
FALSE POSITIVE,18.64632309,139.0920079,8.853,2.31E+05,213.31,2895.8,5786,3.478,13.729
CANDIDATE,441.17369,374.0092,14.82,7.02E+02,2.27,11.5,5610,0.858,15.632
FALSE POSITIVE,3.6673005,133.1255,3.373,1.45E+02,0.62,9.1,3823,0.519,15.826
FALSE POSITIVE,3.044771557,132.436907,11.0593,4.88E+05,231.93,3684.9,8199,3.163,12.146
FALSE POSITIVE,0.773144492,131.6393074,4.05643,2.16E+05,107.13,2947.8,6413,1.91,13.833
FALSE POSITIVE,2.66811113,133.5071,22.49,4.83E+01,1.53,32.5,6593,1.561,13.688
FALSE POSITIVE,50.44028536,149.90838,12.2001,8.53E+04,51.5,2499.7,6225,1.646,12.009
FALSE POSITIVE,3.255385289,132.498277,5.9498,1.59E+05,40.58,840.7,5806,0.975,15.091
FALSE POSITIVE,7.4185369,131.5282,1.451,1.47E+01,0.81,5.2,9763,2.045,11.364
FALSE POSITIVE,15.68434493,133.03069,44.463,7.92E+02,56.23,256.3,6407,2.191,13.102
FALSE POSITIVE,5.357409918,131.637601,4.28582,1.99E+05,124.05,936.1,5768,2.057,13.166
FALSE POSITIVE,1.400991827,132.453975,4.8798,6.41E+04,98.13,669.6,6706,1.924,11.244
CANDIDATE,19.2532128,144.8407,1.674,2.19E+02,1.42,7.4,6060,0.953,15.362
FALSE POSITIVE,1.34062901,132.0803,3.076,6.95E+01,0.82,13.1,6045,0.955,15.13
CANDIDATE,14.1011023,133.4744,4.513,1.08E+02,1.26,8.1,6534,1.199,15.105
FALSE POSITIVE,7.448375935,137.694513,4.23892,1.53E+05,34.37,1837.9,5636,0.867,15.178
FALSE POSITIVE,0.533628226,132.00331,5.772,8.18E+01,2.41,35.3,7163,2.177,11.299
FALSE POSITIVE,0.678137665,132.138369,1.00718,8.85E+02,30.37,172.7,6429,0.942,14.291
FALSE POSITIVE,2.069415479,132.645356,5.71941,1.62E+04,55.45,1148.3,6640,1.25,13.681
CANDIDATE,1.817079849,131.90509,0.889,2.05E+02,1.39,10.8,5808,0.963,15.591
FALSE POSITIVE,8.04963472,138.6541935,6.00488,2.80E+05,95.98,5246.5,6698,1.485,13.831
FALSE POSITIVE,11.57894687,131.7977742,4.6373,3.00E+05,58.32,2456.3,6028,1.014,15.003
FALSE POSITIVE,1.47258471,132.92769,4.76885,2.24E+05,123.25,741.5,7360,2.024,14.206
CANDIDATE,5.15998178,132.69545,3.356,4.12E+02,19.07,9.9,3900,0.534,15.949
FALSE POSITIVE,4.446459958,135.730111,2.558,5.66E+03,36.15,178.3,5615,0.893,14.735
CANDIDATE,23.3787733,143.2743,6.76,7.60E+01,0.92,8.1,6210,1.054,13.853
CANDIDATE,15.09984259,140.82,0.222,4.85E+02,4.11,6.7,5191,0.65,15.37
FALSE POSITIVE,8.207257515,135.8249178,4.23835,3.91E+05,46.82,1748.3,4859,0.621,15.3
FALSE POSITIVE,498.68845,556.5161,17.88,5.48E+02,2.44,9.4,6184,1.038,15.166
FALSE POSITIVE,1.22775105,132.56346,1.602,3.28E+02,1,20.3,4551,0.56,15.715
CANDIDATE,15.3416245,134.98686,2.126,2.70E+02,1.3,9.2,5061,0.814,14.813
CANDIDATE,21.980467,150.728,4.78,9.60E+01,0.92,10.1,5573,0.936,13.852
FALSE POSITIVE,7.214721393,132.498654,2.36464,4.68E+04,16.79,582,4705,0.552,14.853
CONFIRMED,8.15275885,134.19046,1.746,1.65E+04,2.44,9.2,3327,0.189,17.475
FALSE POSITIVE,3.18740907,132.8032,6.19,1.38E+02,0.81,9.2,4808,0.715,16.153
FALSE POSITIVE,10.23273611,139.5844258,1.55,,,,,,11.614
FALSE POSITIVE,0.962815183,132.21629,2.581,2.07E+01,1.12,12.1,6638,2.445,12.876
CANDIDATE,7.23524221,135.23173,2.685,6.00E+01,0.82,15.2,5574,1.065,12.639
CANDIDATE,10.72900793,134.68026,0.696,4.04E+02,1.78,10.1,5375,0.876,15.188
CANDIDATE,8.19619768,135.10435,2.109,1.97E+02,1.55,9.3,5323,0.995,15.188
CANDIDATE,5.215752,133.404,1.13,4.68E+01,0.83,5.1,6202,1.122,12.692
FALSE POSITIVE,0.696290095,131.52676,3.839,1.21E+02,12.63,19.4,5904,0.867,15.034
CANDIDATE,10.0714369,140.0456,6.891,4.95E+01,1.98,10.8,5768,2.81,13.472
FALSE POSITIVE,0.62240698,131.68393,1.186,1.56E+02,1.63,10.2,6661,1.29,12.92
CANDIDATE,4.37198905,131.90923,2.177,1.04E+02,0.93,9.9,5823,0.919,14.701
CANDIDATE,6.72876606,134.0424,2.277,1.17E+02,1.03,7.8,5823,0.919,14.701
FALSE POSITIVE,24.09002065,154.285323,11.0494,6.78E+03,9.39,252.3,5354,0.804,14.94
FALSE POSITIVE,4.4158933,132.9738,1.155,1.91E+02,1.42,5.8,5977,1.022,15.417
CANDIDATE,3.09383248,132.75691,1.576,3.74E+02,1.32,9.7,5327,0.681,15.896
FALSE POSITIVE,2.666961614,133.719065,2.4774,7.58E+03,40.68,249.5,6609,0.974,13.968
FALSE POSITIVE,1.17430183,131.7601,9.587,6.45E+01,2.22,13.5,7537,2.145,12.08
CANDIDATE,14.05652256,136.7555724,2.56,,,,,,13.697
FALSE POSITIVE,15.03946452,144.137252,5.39796,6.69E+04,51.71,1133.5,6410,1.178,13.623
FALSE POSITIVE,3.693951168,133.61052,2.2534,2.83E+04,20.88,173.2,5968,0.881,15.286
FALSE POSITIVE,1.05680287,131.682,5.748,8.23E+01,0.83,10.9,5584,0.885,15.87
FALSE POSITIVE,0.787122102,131.73687,3.0999,5.97E+02,20.76,57.4,5210,0.799,15.626
FALSE POSITIVE,2.15045295,132.32499,4.453,1.69E+02,24.27,25.8,4899,18.92,11.359
FALSE POSITIVE,0.561524348,131.79593,3.336,3.41E+01,0.43,15.7,5919,0.715,14.564
CANDIDATE,315.0771719,286.7429498,10.31,,,,,,15.341
FALSE POSITIVE,1.21607873,132.4476,4.686,2.94E+01,1.92,11.2,6234,2.5,13.333
FALSE POSITIVE,38.49536985,152.84943,12.8716,9.33E+04,124.34,201.9,6050,2.345,13.173
FALSE POSITIVE,4.18224416,134.0885,6.209,5.72E+01,1.07,13.8,6057,0.999,13.732
FALSE POSITIVE,0.643002821,131.689685,1.02608,2.67E+03,36.82,295.6,5681,1.036,14.984
FALSE POSITIVE,1.95119541,133.3951,1.907,5.97E+01,0.47,7.7,4936,0.628,15.105
FALSE POSITIVE,53.220417,138.5798799,17.7344,7.29E+04,55.22,4563.5,5653,2.057,13.613
CANDIDATE,8.0018897,135.4193,3.425,1.03E+02,0.9,9.8,5830,0.876,15.032
CANDIDATE,383.85362,426.5941,9.76,4.23E+02,2.78,7.5,6675,1.293,15.232
CANDIDATE,2.564012541,134.2733914,0.9433,2.55E+03,7.27,5.3,6274,1.428,14.121
FALSE POSITIVE,0.71538172,131.5505,5,,,,,,14.67
FALSE POSITIVE,2.264471713,131.518805,7.1803,1.87E+05,102.12,873.7,6782,1.752,13.983
FALSE POSITIVE,18.3602239,143.4753,2.352,5.75E+02,2.04,12.4,5713,0.856,15.703
CANDIDATE,5.21395046,135.7252,3.188,7.85E+01,1.24,8.6,5529,1.412,14.43
CANDIDATE,24.996068,144.9693,5.623,6.22E+02,2.4,9.4,5761,0.956,15.183
CANDIDATE,8.9429645,137.26373,1.803,2.34E+02,0.89,7.2,4183,0.594,15.537
FALSE POSITIVE,281.509095,171.52715,40.963,5.95E+03,85.77,182.5,4797,10.709,10.974
CANDIDATE,2.405625303,133.14221,0.6283,1.64E+02,1.11,12,5450,0.83,14.709
FALSE POSITIVE,3.258249472,134.59656,2.6358,1.64E+03,79.23,202,6712,2.361,13.059
FALSE POSITIVE,552.8295063,484.260879,16.0851,2.66E+05,56.89,942.6,5956,0.929,14.973
FALSE POSITIVE,0.773595312,132.08776,0.781,9.30E+01,0.96,13.2,5973,0.935,14.882
CANDIDATE,0.7735301,132.1961,1.335,1.85E+02,1.87,14.2,6296,1.35,14.752
FALSE POSITIVE,533.6593,375.228,12.81,5.34E+02,1.92,7.8,5695,0.839,14.931
CANDIDATE,2.42186898,132.7886605,6.22,,,,,,13.583
FALSE POSITIVE,44.82732381,173.4103489,6.86103,2.37E+05,429,4484.5,5160,3.279,11.56
FALSE POSITIVE,7.535894184,137.781231,8.3059,1.72E+05,24.64,1446.7,4969,0.537,15.398
FALSE POSITIVE,0.562498925,131.750623,0.6743,4.20E+02,2.88,44.1,5638,0.933,14.792
FALSE POSITIVE,0.755049082,132.1942347,2.09643,2.61E+04,30.47,683.7,5242,0.622,13.276
FALSE POSITIVE,1.012694226,132.44896,3.6017,1.09E+05,42.51,185.1,6487,1.233,14.713
FALSE POSITIVE,10.303356,137.1682892,5.98633,5.20E+05,69.66,2039.1,5497,0.9,15.177
FALSE POSITIVE,2.214029545,133.1692046,5.64264,3.49E+05,94.23,2680.5,6604,1.526,13.3
FALSE POSITIVE,2.441988077,132.1323834,3.94526,9.53E+04,90.39,1174.5,6078,2.059,11.535
FALSE POSITIVE,2.44200193,132.1295,3.146,1.29E+02,0.95,9.6,5587,0.851,15.617
CONFIRMED,384.847556,314.97,9.969,1.90E+02,1.09,12.3,5579,0.798,13.426
FALSE POSITIVE,2.131225773,133.29978,5.4932,2.34E+03,35.68,215.6,6181,1.028,14.818
CANDIDATE,0.839907158,131.69426,1.019,1.20E+02,0.92,10.7,5120,0.853,15.695
FALSE POSITIVE,1.219736039,132.12417,4.89465,6.12E+05,135.43,1037.2,7358,1.637,14.871
FALSE POSITIVE,2.015152464,132.1127635,8.17997,5.62E+05,132.05,4129.6,6988,1.649,13.705
FALSE POSITIVE,0.82820657,131.581313,2.70353,1.19E+05,35.67,548.3,5033,0.655,13.221
CANDIDATE,1.7613778,132.989,1.355,3.59E+02,2.32,10.5,6544,1.207,15.02
FALSE POSITIVE,2.537081943,134.005172,4.80903,2.45E+05,67.96,2434.8,6735,1.309,13.04
FALSE POSITIVE,14.44312745,139.3903174,8.33598,4.17E+04,92.28,2186,5757,2.736,12.732
FALSE POSITIVE,5.61386908,132.572901,5.07753,5.74E+04,34.24,1253.6,4504,0.709,14.072
FALSE POSITIVE,9.080194398,136.8170208,8.18777,3.25E+05,76.4,3481.8,6461,1.131,15.163
FALSE POSITIVE,9.93442075,132.874989,7.8219,5.60E+04,34.03,529,5382,0.669,15.39
FALSE POSITIVE,2.071939672,132.8368962,4.45367,1.99E+05,75.64,2409.8,6140,1.254,13.553
FALSE POSITIVE,8.5893644,132.0467,6.975,1.79E+02,1.21,9.8,5602,0.817,15.687
FALSE POSITIVE,8.589644815,132.0206787,9.49469,2.70E+05,140.07,5324.6,6331,2.194,9.557
CANDIDATE,11.7728146,138.78586,4.132,7.71E+01,0.93,9.9,5410,1.056,13.717
FALSE POSITIVE,1.009671584,131.5869372,4.37759,1.55E+05,125.31,1440.7,7652,2.242,13.918
CANDIDATE,2.46506501,132.8845,6.218,3.98E+01,1.14,10.3,6881,1.714,12.446
CANDIDATE,1.758599866,131.7968,0.2729,2.38E+02,1.6,11.9,4744,0.725,15.59
FALSE POSITIVE,1.260575815,132.0569049,2.36064,1.54E+05,29.91,781.2,5388,0.715,14.864
FALSE POSITIVE,1.88912273,132.953,4.219,6.02E+01,0.59,15.5,5413,0.754,14.606
FALSE POSITIVE,0.609125246,132.08281,0.655,1.39E+02,0.96,10.9,5595,0.796,15.64
CANDIDATE,14.1573717,135.5991,3.786,1.30E+02,1.1,9.3,6122,0.964,14.718
FALSE POSITIVE,1.566528935,132.537255,3.2593,9.25E+04,49.66,485,5883,0.905,13.984
FALSE POSITIVE,4.52977632,136.1237,26.752,1.58E+03,12.22,55.2,8912,2.299,11.991
CANDIDATE,1.291964282,132.63733,1.8378,2.86E+04,10.97,45.8,4995,0.638,13.238
CANDIDATE,37.4646974,138.6533,4.954,5.16E+01,0.97,10.3,6266,1.342,12.052
FALSE POSITIVE,4.32744048,132.7835,4.539,2.20E+01,0.58,8,5888,1.227,12.4
FALSE POSITIVE,11.57958162,135.5195336,2.47,,,,,,13.458
CANDIDATE,6.31915999,134.14866,3.465,3.44E+01,1.04,9.8,6254,1.706,13.096
CANDIDATE,2.58393841,131.80729,2.169,4.94E+01,0.77,8.5,6164,1.09,13.874
FALSE POSITIVE,0.87630504,131.95622,1.11,1.71E+02,22.24,25.2,6032,0.929,14.84
CANDIDATE,6.5595368,132.0079,4.324,2.63E+01,0.62,10.1,5950,1.196,12.788
CANDIDATE,31.5322987,160.3251,3.49,1.06E+02,0.74,7.8,5183,0.739,14.29
CANDIDATE,14.7510068,141.1622,2.25,3.81E+02,1.7,9.5,5295,0.8,15.85
FALSE POSITIVE,15.58279473,135.112903,3.76683,5.28E+04,14,439.3,3849,0.546,15.368
FALSE POSITIVE,1.529283907,131.4176092,14.0075,5.48E+01,2.26,41.5,6438,2.266,11.268
FALSE POSITIVE,2.908454772,132.315694,2.6005,6.43E+04,40.85,252.8,5631,0.764,14.661
FALSE POSITIVE,1.540396094,131.996172,2.8044,5.51E+04,48.81,340.4,5780,1,13.76
FALSE POSITIVE,1.540395674,131.9963513,2.80168,7.06E+04,117.33,997.9,7394,2.283,7.57
FALSE POSITIVE,2.344138713,131.57589,0.4495,1.11E+02,2.43,8.6,5313,2.095,13.419
FALSE POSITIVE,0.91849333,131.8481,2.399,5.87E+01,0.93,13,6469,1.193,13.476
FALSE POSITIVE,1.341078755,131.8392432,3.86492,1.12E+05,41.8,1829.3,6368,1.225,13.682
FALSE POSITIVE,316.950146,280.9211479,5.33,,,,,,16.923
FALSE POSITIVE,589.74851,241.6495,12.74,4.62E+02,2.03,11.5,6003,0.932,14.839
FALSE POSITIVE,235.2976173,219.44696,87.013,2.31E+04,82.92,210.7,4894,5.568,11.447
CANDIDATE,54.54312996,169.8591463,7.03,,,,,,11.642
FALSE POSITIVE,7.4539297,137.33196,14.21,,,,,,13.272
FALSE POSITIVE,36.136968,137.0578,15.42,1.52E+02,1.3,10.4,6258,1.046,15.44
FALSE POSITIVE,0.933746709,132.4539,3.435,1.86E+01,0.36,14.3,6302,0.815,13.087
FALSE POSITIVE,0.93376738,132.4404,4.036,5.54E+01,0.63,16.5,5611,0.787,14.985
FALSE POSITIVE,0.93374073,131.5337,4.296,1.48E+02,0.84,13.4,4753,0.717,13.007
FALSE POSITIVE,0.93369659,131.5867,4.444,8.14E+01,0.78,10.8,5619,0.838,15.983
FALSE POSITIVE,0.9337473,132.4461,3.446,6.46E+01,0.6,9.5,5649,0.741,15.759
FALSE POSITIVE,677.35794,234.634,9.698,3.22E+02,7.12,11.2,6335,3.523,10.808
FALSE POSITIVE,4.0551242,134.6871,12,1.49E+02,3.13,9.3,7064,2.531,13.397
CANDIDATE,12.9284553,137.18564,2.49,2.98E+02,0.64,8.2,3578,0.375,15.72
FALSE POSITIVE,21.6817115,137.009,7.18,7.35E+01,0.89,6.9,6297,1.031,14.491
FALSE POSITIVE,466.08101,166.4321,23.69,1.80E+02,2.13,14.1,6098,1.59,12.159
FALSE POSITIVE,0.66573903,131.6585795,1.27,,,,,,13.362
CANDIDATE,4.02018903,134.84387,3.616,1.85E+01,0.6,14.4,5788,1.376,11.158
FALSE POSITIVE,3.796383639,135.2015074,8.6711,3.11E+01,0.71,24.5,6017,1.21,12.239
FALSE POSITIVE,0.71059239,132.08465,4.92,2.81E+02,3.92,22.8,7454,1.853,13.362
CANDIDATE,3.33930957,134.15098,2.597,9.13E+01,1.2,10.7,5700,1.006,14.955
FALSE POSITIVE,3.36379289,132.9065,23.7,1.36E+02,44.77,36.9,5947,2.407,13.931
CANDIDATE,4.29251656,134.4818,4.254,2.50E+02,3.66,11,6032,0.973,15.85
CANDIDATE,4.98792404,133.6552,1.618,3.46E+02,0.73,9.7,3606,0.395,15.555
FALSE POSITIVE,0.907818056,131.91608,1.679,2.95E+01,0.55,13.2,6210,1.014,13.532
FALSE POSITIVE,297.71402,315.5437,13.413,1.37E+03,45.69,16.3,4916,10.801,12.218
CONFIRMED,3.87594316,134.84758,2.314,5.86E+01,0.68,14.2,5713,0.893,12.75
CANDIDATE,5.68325648,134.87698,1.778,4.46E+01,0.97,10,6072,1.286,13.093
FALSE POSITIVE,0.93373761,131.53,3.303,5.87E+01,1,9.7,5534,1.326,15.609
FALSE POSITIVE,0.687739345,131.73999,0.1866,3.76E+01,1.53,11,6823,1.493,13.127
FALSE POSITIVE,9.524076544,134.803805,10.4891,1.98E+05,151,1942.5,5180,3.371,15.145
FALSE POSITIVE,11.63785889,136.885517,11.8851,4.28E+05,77.01,2637,6360,1.058,15.385
FALSE POSITIVE,50.900813,150.314465,3.3,,,,,,9.666
CANDIDATE,91.649983,175.7156,10.294,1.94E+02,2.27,8.7,6705,1.608,12.964
CANDIDATE,541.742985,374.45854,10.47,1.04E+03,3.39,25.9,6373,1.047,13.718
FALSE POSITIVE,14.5862195,135.2746,2.733,2.02E+02,1.17,9.3,5904,0.819,14.598
FALSE POSITIVE,0.938074536,132.26984,1.9618,5.76E+02,417.01,36.1,4697,17.032,13.094
FALSE POSITIVE,0.698359996,131.7023,1.4959,7.74E+02,28.97,26.1,5761,0.956,15.183
FALSE POSITIVE,563.94854,145.5541,15.631,8.73E+02,2.55,16.3,5853,0.868,14.574
FALSE POSITIVE,0.98376204,132.28418,10.052,5.50E+01,12.44,25.2,6431,5.294,12.745
FALSE POSITIVE,2.403704619,131.5641527,0.8927,1.11E+02,27.04,1.4,6244,10.105,13.151
FALSE POSITIVE,33.65766894,178.48518,40.787,1.54E+04,78.44,519.2,4774,6.447,13.547
CANDIDATE,44.113873,164.8337,3.956,1.96E+02,4.9,6.6,7854,3.462,12.667
FALSE POSITIVE,0.892988877,131.56303,2.4428,8.50E+01,2.94,43.8,6228,2.975,13.013
FALSE POSITIVE,0.705816203,131.94499,5.55,1.49E+02,15.33,19.6,6106,0.966,15.062
FALSE POSITIVE,374.51648,430.92524,6.088,9.07E+05,73.1,105.8,5714,0.711,13.967
FALSE POSITIVE,10.3482112,136.63763,2.089,2.55E+02,1.29,8.4,5383,0.822,15.911
FALSE POSITIVE,1.7609276,132.30263,5.189,5.73E+01,1.53,26.1,8784,1.967,13.505
FALSE POSITIVE,321.2419428,451.2907139,10.16,,,,,,13.964
FALSE POSITIVE,1.463148937,132.34802,11.04,1.68E+02,15.82,66.6,6525,1.805,11.614
FALSE POSITIVE,374.514471,430.92258,6.629,4.41E+05,139.55,130.3,6446,1.155,14.505
CANDIDATE,482.62011,314.0653,12.86,3.24E+02,1.98,8.1,6315,1.095,14.519
FALSE POSITIVE,1.525924746,132.69258,1.955,7.41E+01,8.86,11.9,5000,10.533,12.705
FALSE POSITIVE,1.25383162,132.6237,7.68,1.29E+01,0.47,9.7,6472,1.299,12.005
FALSE POSITIVE,12.82252496,137.3868282,18.8,1.93E+04,20.12,13.7,5845,1.352,11.863
CANDIDATE,10.1551587,139.292,1.802,1.42E+02,0.94,6.8,5275,0.796,15.413
CANDIDATE,0.708965461,132.20988,3.946,8.72E+01,1.13,13.1,6528,1.155,12.798
FALSE POSITIVE,0.648772102,131.74503,2.614,3.11E+01,2.6,15,4973,4.708,11.693
FALSE POSITIVE,0.96391996,132.3687769,3.01,,,,,,14.002
CANDIDATE,11.76872507,137.1077498,1.11,,,,,,15.327
FALSE POSITIVE,0.93705132,132.0238,4.808,5.15E+01,6.09,17.3,6691,7.781,11.674
FALSE POSITIVE,451.86579,254.8061,13.47,8.00E+01,1.85,12,9024,2.005,11.02
FALSE POSITIVE,491.52571,248.9249,12.43,4.57E+02,1.43,8.8,4541,0.669,15.043
FALSE POSITIVE,411.5403964,185.353922,17.33,,,,,,15.352
CANDIDATE,608.20572,160.7147,13.63,5.54E+02,1.46,11.3,4486,0.646,15.059
FALSE POSITIVE,480.03759,318.4745,16.25,7.17E+02,1.14,9,3622,0.43,15.644
FALSE POSITIVE,0.87985197,131.7662713,1.3,,,,,,15.867
CANDIDATE,7.2274321,134.4726,4.967,1.73E+02,1.28,9.2,6075,0.969,15.832
FALSE POSITIVE,0.592618966,132.09892,0.811,9.14E+01,0.86,14.9,5926,0.887,14.973
FALSE POSITIVE,0.532854237,131.93754,3.231,5.09E+01,1.21,27.9,6266,1.613,13.644
CANDIDATE,91.069934,196.391,17.33,1.27E+01,1.59,8.7,9051,4.232,9.748
FALSE POSITIVE,0.566802672,131.81511,3.545,3.17E+01,1.08,14.3,5102,1.961,13.945
FALSE POSITIVE,0.566796331,131.8335,5.194,1.15E+02,1.5,33.3,6319,1.032,15.322
FALSE POSITIVE,0.566785459,131.82998,2.893,6.38E+01,0.84,16.5,6063,1.012,15.329
FALSE POSITIVE,0.566792936,131.8166,2.846,2.30E+01,0.79,14.3,6432,1.603,13.831
FALSE POSITIVE,0.5668004,131.81997,3.813,9.32E+01,0.88,18.3,6215,0.872,15.77
FALSE POSITIVE,0.566793614,131.65376,5.723,3.14E+01,21.63,79.8,3789,27.384,10.628
FALSE POSITIVE,0.566798676,131.81422,2.777,5.99E+01,0.68,12.8,5490,0.887,15.591
FALSE POSITIVE,0.5667638,131.8674,1.73,6.45E+01,0.75,2.4,5766,0.94,15.163
FALSE POSITIVE,38.51077573,155.594831,38.8558,8.46E+04,18.68,3567.5,4374,0.635,13.035
FALSE POSITIVE,4.23965309,132.9703967,3.29,,,,,,14.125
FALSE POSITIVE,0.577910513,131.79797,1.362,1.44E+02,1.1,18.1,5730,0.908,15.733
FALSE POSITIVE,0.566807725,131.7888,2.16,3.15E+01,0.94,12.3,5018,1.734,13.903
FALSE POSITIVE,0.566807422,131.81547,5.148,2.61E+01,1.13,28.8,5616,1.547,12.9
FALSE POSITIVE,1.345078434,132.04218,10.19,3.03E+03,12.16,27.7,6664,1.675,12.583
CANDIDATE,366.088938,165.426,11.887,5.38E+02,2.57,29,5941,0.945,11.616
FALSE POSITIVE,439.1076969,222.7449,26.2259,6.98E+04,24.7,884.9,5810,0.811,15.862
CANDIDATE,414.45008,318.0665,19.15,7.30E+02,7.01,19,7037,1.683,13.913
CANDIDATE,5.43103616,134.41711,2.469,6.68E+01,0.66,10.8,5374,0.721,13.851
FALSE POSITIVE,0.594003994,132.07059,5.557,2.54E+01,1.55,51.1,8596,2.968,11.548
CANDIDATE,328.32211,144.0773,13.53,3.99E+02,1.3,8.2,4906,0.668,14.937
CANDIDATE,381.97977,163.1805,15.7,9.00E+02,1.55,10.4,3761,0.526,15.494
CANDIDATE,67.412998,196.1263,9.1,1.26E+02,1.57,6.2,6525,1.359,13.667
FALSE POSITIVE,2.08802799,132.08475,24.017,7.08E+01,1.93,60.5,6593,1.67,12.579
FALSE POSITIVE,10.4212788,140.6517,28.4832,1.48E+02,36.9,31,6183,2.073,12.556
CANDIDATE,359.8249913,284.5268595,5.22,,,,,,15.733
FALSE POSITIVE,0.778705577,131.64448,6.445,5.45E+01,59.33,104.9,7846,3.066,10.152
FALSE POSITIVE,4.44709107,133.9044,16.79,4.05E+01,0.96,22.6,6137,1.076,13.51
FALSE POSITIVE,293.70696,350.5928,11.03,1.58E+03,6140.44,11.2,6054,0.893,15.51
FALSE POSITIVE,27.79576243,136.179877,15.5056,4.20E+05,81.48,1969.5,5915,1.13,14.875
FALSE POSITIVE,20.73374857,132.8465918,6.28773,4.17E+05,69.8,2236.7,5620,0.974,15.726
FALSE POSITIVE,24.2382418,136.6165689,4.16665,4.62E+05,102.31,1126.4,6457,1.365,10.816
FALSE POSITIVE,11.25882503,134.7384085,8.9592,1.96E+05,87.18,6395.7,6217,1.464,13.545
FALSE POSITIVE,28.16261258,143.7174718,3.19576,3.78E+04,23.52,912.7,4936,0.761,14.216
FALSE POSITIVE,75.3789569,167.1066034,7.70352,5.39E+05,58.76,1886.6,5420,0.771,14.863
FALSE POSITIVE,9.0584662,133.2317,6.376,6.18E+01,2.46,17.9,5198,3.207,12.193
FALSE POSITIVE,3.9169155,132.2130377,2.11,,,,,,12.94
FALSE POSITIVE,342.5531572,337.516722,73.8068,1.93E+05,830.99,8248.4,4857,14.219,9.266
FALSE POSITIVE,362.747593,368.2357,16.45,1.32E+02,2.51,13,6176,2.16,10.662
FALSE POSITIVE,0.536650344,131.7073,2.878,2.58E+01,1.57,7,5490,2.825,13.921
CANDIDATE,0.694611128,131.93244,1.115,9.88E+01,0.64,9.3,4612,0.662,15.7
CANDIDATE,7.4751841,137.1908,5.166,2.81E+01,0.85,9.2,5616,1.602,13.075
FALSE POSITIVE,328.0485,301.5126,13.75,3.98E+02,2.22,6.9,6268,1.1,15.619
FALSE POSITIVE,1.72128752,132.5489,2.366,5.85E+01,0.65,7.7,5813,0.833,15.178
FALSE POSITIVE,0.784294574,132.2265109,4.18831,2.13E+05,87.26,1751.1,6576,1.455,13.901
FALSE POSITIVE,361.51099,249.7333,4.868,2.36E+02,6.85,9.3,9492,4.298,12.973
FALSE POSITIVE,1.41435861,132.69838,2.285,5.68E+01,0.74,9.5,5470,0.994,14.842
FALSE POSITIVE,0.616343903,132.086508,0.7656,1.61E+02,1.72,77.8,6045,1.34,12.19
CANDIDATE,1.04347858,131.8424,2.012,2.25E+01,1.09,8.6,6014,2.246,13.292
FALSE POSITIVE,364.33929,183.3173,13.486,1.94E+03,4.4,15.9,5606,0.8,15.616
FALSE POSITIVE,352.710091,251.1931,2.901,1.66E+03,3.75,9.6,6112,0.908,15.672
FALSE POSITIVE,33.8938177,135.3496,2.012,2.05E+02,1.22,6.8,5818,0.848,14.517
FALSE POSITIVE,224.591055,208.7904,3.232,1.25E+02,2.17,8.2,5786,1.771,12.238
FALSE POSITIVE,374.939991,137.9851608,17.0849,2.35E+02,4.67,8.4,5382,2.909,13.917
CONFIRMED,24.2783801,154.51325,4.564,7.14E+02,2.03,13.6,4450,0.707,14.164
CANDIDATE,382.5891,372.8314,11.7,2.98E+02,2.15,10.5,6337,1.239,13.678
FALSE POSITIVE,11.9283194,142.127,6.69,1.83E+02,0.98,10.6,5010,0.75,15.577
FALSE POSITIVE,0.603351522,131.98902,0.8358,1.64E+02,3.91,20.6,6240,2.948,12.959
FALSE POSITIVE,31.97280045,261.76713,4.9,2.24E+03,5.88,44.8,6340,1.01,15.248
FALSE POSITIVE,8.39140024,139.02864,1.193,1.34E+02,1.1,9.2,5892,0.935,14.13
FALSE POSITIVE,0.532493086,131.90244,2.145,1.99E+01,1.87,8.9,6894,4.032,11.238
FALSE POSITIVE,0.812678859,132.20817,0.841,3.93E+01,0.83,7.4,6636,1.236,13.513
FALSE POSITIVE,183.836254,149.3728,13.088,1.05E+03,51.64,15.7,4959,11.963,13.993
FALSE POSITIVE,5.959695593,135.2739557,1.8383,1.51E+02,1.13,4.7,5717,0.884,14.331
CANDIDATE,392.601892,496.9922,3.21,7.79E+02,2.25,7.8,5307,0.753,14.382
FALSE POSITIVE,452.65206,495.317,19.87,1.75E+02,2.41,17,6664,1.73,12.568
FALSE POSITIVE,234.6631919,166.0293811,7.627,2.44E+02,1.68,5,6306,1.076,14.79
FALSE POSITIVE,351.204993,184.9276,22.414,1.26E+03,3.57,21.3,5845,0.918,15.506
CANDIDATE,260.446151,235.469,9.314,7.14E+02,25.39,16.8,4845,7.796,12.766
CANDIDATE,87.487573,154.5163,5.881,5.29E+02,1.87,8.4,5774,0.818,15.626
CANDIDATE,11.9451376,142.3107,6.893,6.33E+01,3.32,12.4,5094,4.163,12.609
CANDIDATE,277.13367,400.4719,9.67,3.21E+02,1.84,8.7,6461,0.971,14.635
FALSE POSITIVE,3.381607,132.92656,7.627,4.41E+02,117.25,16.6,3974,59.437,12.798
FALSE POSITIVE,0.660655454,131.6909,7.111,5.67E+02,16.81,77.7,6520,1.215,15.666
FALSE POSITIVE,145.750554,199.6247,13.999,3.86E+02,15.34,17,5096,8.038,13.192
FALSE POSITIVE,2.17813954,132.02972,2.063,2.86E+01,1,9.7,6511,1.851,13.422
FALSE POSITIVE,384.09781,418.6723,12.55,1.00E+02,1.63,8.7,5884,1.628,12.578
FALSE POSITIVE,0.505322676,131.542732,5.2727,7.73E+04,46.59,384.6,5941,0.924,14.457
FALSE POSITIVE,333.7163405,336.7917544,4.8236,4.20E+02,3.53,3.1,6045,1.719,13.435
FALSE POSITIVE,322.50741,350.3646,20.688,3.50E+02,2.11,13.7,5708,0.933,14.013
FALSE POSITIVE,373.8716,186.6688,16.78,3.83E+02,2.19,10.3,5846,1.116,13.683
FALSE POSITIVE,171.046664,293.02637,2.438,7.31E+02,32.31,9.8,4932,12.048,12.769
FALSE POSITIVE,0.799868354,131.997209,6.613,4.93E+03,34.7,251.4,5568,0.882,14.335
FALSE POSITIVE,345.7671,320.3812,15.38,2.13E+02,2.5,12.3,5845,1.702,11.153
FALSE POSITIVE,350.34114,184.81,16.97,1.36E+03,2.5,16.4,5188,0.69,15.901
FALSE POSITIVE,363.97165,198.9835,5.702,1.97E+03,40.48,8.5,5648,0.841,14.977
FALSE POSITIVE,395.23753,186.536,18.494,1.30E+03,3.17,13.4,5648,0.841,14.977
FALSE POSITIVE,385.97241,315.6247,12.167,1.62E+02,1.72,10.8,6732,1.316,13.161
FALSE POSITIVE,89.667675,183.036,3.726,1.42E+03,78.77,7,4742,21.291,12.393
CANDIDATE,5.0487451,134.6825,4.007,6.76E+01,0.67,7.7,5450,0.83,14.811
FALSE POSITIVE,321.02094,179.7137,7.51,5.93E+02,1.96,8.5,5334,0.81,15.238
CANDIDATE,122.11555,228.38,16.07,1.10E+03,2.96,12.2,5592,0.894,15.546
FALSE POSITIVE,1.213742728,131.74123,3.596,3.17E+01,1.18,20.3,6532,1.987,13.203
CANDIDATE,225.48805,224.2023,19.46,3.80E+02,1.7,11.6,5663,0.782,15.306
FALSE POSITIVE,366.74866,308.3136,12.446,4.19E+02,2.35,9.1,6136,1.087,15.216
FALSE POSITIVE,0.93374894,131.526,4.637,2.26E+02,0.18,9.3,2661,0.116,13.81
FALSE POSITIVE,0.734548624,132.16826,2.207,5.86E+01,0.84,25.1,6046,1.007,13.594
FALSE POSITIVE,317.99484,393.0306,7.28,7.19E+02,2.22,8.4,5665,0.82,15.181
FALSE POSITIVE,432.96732,173.2686,10.85,8.66E+02,1.64,10,4403,0.576,15.848
FALSE POSITIVE,614.39054,332.5045,9.312,2.89E+02,2.43,10.2,6228,1.427,13.541
CANDIDATE,578.88761,219.2878,18.521,7.68E+01,1.69,15.1,6180,1.917,11.402
FALSE POSITIVE,238.561202,273.2378,11.9,2.60E+02,5.75,16.4,6565,3.308,12.995
CANDIDATE,218.771117,250.92469,3.201,1.40E+02,250.2,8.4,3297,151.184,12.429
FALSE POSITIVE,375.17737,260.4516,20.52,1.23E+03,3.64,13.7,6089,1.024,15.92
FALSE POSITIVE,334.87402,426.2844,35.42,3.88E+02,47.48,19.1,6122,2.348,13.381
FALSE POSITIVE,370.2402,307.3322,31.46,1.27E+03,29.24,20.5,6296,0.966,15.59
FALSE POSITIVE,1.6749812,131.79288,2.707,9.40E+01,79.51,8.9,3940,84.461,11.709
FALSE POSITIVE,288.678554,143.8403,9.197,2.43E+02,0.96,10.8,4326,0.575,13.145
FALSE POSITIVE,307.9473572,316.0192261,15,1.13E+04,76.66,16.5,4878,4.461,14.092
CANDIDATE,277.25118,400.0395,8.742,1.52E+03,5.02,15.3,6046,1.048,12.349
FALSE POSITIVE,264.63654,190.9169,42.77,4.32E+02,42.55,28.2,6564,1.461,13.328
FALSE POSITIVE,375.408923,364.4869,11.438,8.73E+01,4.48,15.3,11357,4.528,10.25
FALSE POSITIVE,2.17812769,132.02922,1.645,6.17E+01,0.78,10.4,6014,0.958,14.358
CANDIDATE,67.17662686,144.1192641,3.1147,1.69E+03,9.66,5.9,3391,0.311,16.064
FALSE POSITIVE,0.93378068,132.4123,3.706,7.27E+01,0.63,9.2,4938,0.753,15.89
FALSE POSITIVE,0.93373895,132.4707,4.156,3.96E+01,0.64,10.5,6223,1.006,15.194
FALSE POSITIVE,0.93373718,132.4634,2.582,1.89E+01,0.48,8.4,6367,1.087,13.685
CANDIDATE,0.93420696,131.742569,3.5,,,,,,17.305
CANDIDATE,359.33831,152.5082,18.566,9.78E+02,2.33,15.8,5316,0.753,15.825
FALSE POSITIVE,213.201978,309.9395,15.396,6.97E+02,1.91,12.9,4594,0.752,15.599
FALSE POSITIVE,77.773042,168.8387,2.285,4.33E+02,15.03,7.7,4763,7.068,12.393
FALSE POSITIVE,381.782641,241.1226,4.52,3.68E+02,55.75,8.6,6056,2.29,12.428
FALSE POSITIVE,354.7897,434.394,12.62,8.10E+01,0.47,9.2,3778,0.515,10.067
FALSE POSITIVE,235.544698,191.2774,8.93,2.99E+02,2.13,9.2,5533,1.255,14.489
CANDIDATE,0.933745798,131.52118,6.447,6.14E+02,3.45,75.3,6367,1.087,15.485
FALSE POSITIVE,115.28415,219.612,11.39,4.15E+02,2.05,9.5,5780,1,13.652
FALSE POSITIVE,423.73074,548.9392,19.4,8.35E+02,2.48,12.1,5743,0.853,15.969
CANDIDATE,293.38641,308.6624,15.23,9.49E+01,1.35,13.4,6392,1.34,11.097
FALSE POSITIVE,677.56282,214.2391,10.53,6.31E+02,2.24,8.5,5511,0.872,15.721
CANDIDATE,66.716453,150.0569,3.855,6.26E+02,2.2,8.1,5447,0.859,15.968
FALSE POSITIVE,371.21205,307.6693,19.95,7.20E+02,2.55,12.9,6106,0.94,15.402
FALSE POSITIVE,190.783023,213.6601,4.069,1.39E+03,71.66,9.5,5013,19.813,13.716
CANDIDATE,34.57371851,136.2275493,2.1742,3.99E+02,0.42,5.7,3374,0.218,15.708
FALSE POSITIVE,0.85581563,132.1452541,10.27,,,,,,16.951
FALSE POSITIVE,0.9337491,132.449,3.842,9.81E+01,0.79,12.6,5628,0.808,15.958
FALSE POSITIVE,0.93374417,132.44559,3.385,3.13E+01,0.64,9.9,6363,1.131,14.616
FALSE POSITIVE,0.93374635,131.5163,3.074,3.43E+01,0.63,7.3,5593,1.094,14.901
FALSE POSITIVE,0.9337465,131.5267,3.629,4.99E+01,0.63,11.6,6102,0.887,15.024
FALSE POSITIVE,0.93371631,131.5435,4.344,6.13E+01,0.7,10.3,5734,0.883,15.824
FALSE POSITIVE,260.02265,329.8262,12.009,2.06E+03,3.13,25.7,5250,0.608,14.288
FALSE POSITIVE,443.66,523.348,7.99,3.61E+02,33.2,6.3,6743,1.433,11.765
FALSE POSITIVE,366.28999,460.2423,10.869,2.57E+03,68.39,11.9,5083,12.868,10.664
FALSE POSITIVE,72.6549842,170.59195,5.503,3.89E+02,34.52,22.1,6793,1.96,13.492
CANDIDATE,54.75388384,156.2192927,2.0865,4.42E+02,2.21,0.9,6242,1.047,14.84
FALSE POSITIVE,379.42818,358.9906,11.24,4.04E+02,1.89,11.1,5947,0.945,13.782
FALSE POSITIVE,103.039788,164.9409,14.197,1.37E+03,2.05,15.9,3749,0.581,15.084
FALSE POSITIVE,371.90464,308.9957,25.36,5.19E+02,2.88,14.4,6164,1.045,15.155
FALSE POSITIVE,362.85801,152.6104,17.03,1.52E+02,1.9,10.1,6740,1.471,13.503
FALSE POSITIVE,384.558321,160.73276,4.76,1.33E+03,14.33,10.1,5078,3,13.822
FALSE POSITIVE,397.72733,264.7499,11.683,2.33E+02,1.48,9,6032,0.973,14.209
FALSE POSITIVE,504.88419,357.6471,20.18,5.06E+03,25.19,15.9,4559,0.655,15.588
FALSE POSITIVE,384.92275,238.6778,9.98,1.85E+02,1.64,7.2,6070,1.191,13.889
CANDIDATE,189.183958,132.3331,6.829,1.01E+03,3.31,11.2,5573,0.981,15.053
FALSE POSITIVE,0.93376131,132.4342,3.747,5.56E+01,0.61,10.5,5665,0.82,15.529
FALSE POSITIVE,0.93377253,132.429,2.544,3.00E+01,0.43,8.4,5595,0.796,14.644
FALSE POSITIVE,0.93376021,132.4413,3.182,5.65E+01,0.4,9.5,3885,0.54,15.446
FALSE POSITIVE,0.93372008,131.544,2.591,1.70E+01,0.41,7.9,6221,0.983,13.793
FALSE POSITIVE,0.93373591,132.46,4.517,3.51E+01,0.57,10.8,6028,0.95,14.92
FALSE POSITIVE,0.93374911,132.4534,3.504,5.78E+01,0.66,8.4,5978,0.846,15.767
FALSE POSITIVE,0.93372261,131.5423,3.052,3.12E+01,0.59,8.2,5984,1.017,14.862
FALSE POSITIVE,312.61007,325.3776,14.85,4.39E+02,2.01,11.9,5818,0.925,14.728
FALSE POSITIVE,429.60143,269.5261,18.11,1.00E+03,2.74,12.2,5587,0.877,15.596
FALSE POSITIVE,499.88159,319.3109,13.39,1.84E+02,2.61,12.4,6486,1.812,12.968
FALSE POSITIVE,197.37704,306.7686,18.71,2.26E+02,84.37,15.1,10974,2.677,10.734
FALSE POSITIVE,1.65746034,131.6967,4.572,2.29E+01,0.54,9.1,5860,1.13,13.869
FALSE POSITIVE,0.566799395,131.79717,1.5368,2.31E+02,1.65,33.7,6322,1.075,15.557
FALSE POSITIVE,203.8406,250.6264,9.33,2.27E+02,2.41,8.6,5548,1.616,13.499
FALSE POSITIVE,14.395425,140.977,5.12,1.15E+02,0.85,9.4,5715,0.782,13.686
FALSE POSITIVE,231.157554,346.94896,8.489,8.46E+02,37.37,17.4,5386,11.839,13.451
FALSE POSITIVE,495.06538,245.567,21.09,4.17E+02,2,13.2,6075,0.969,14.116
FALSE POSITIVE,595.78152,363.7685,15.97,8.49E+01,1.18,10.6,5618,1.288,11.446
FALSE POSITIVE,365.709623,183.4903,13.553,1.03E+03,26.93,15.1,4787,8.522,13.888
CANDIDATE,495.662346,561.4127,4.428,6.76E+02,2.73,10.2,5515,0.82,14.322
FALSE POSITIVE,655.25732,185.9927,20.05,2.68E+02,1.56,11.5,6420,0.941,13.892
CANDIDATE,7.7529342,137.4877,5.072,7.21E+01,0.93,9.2,5975,1.072,14.751
FALSE POSITIVE,0.573762943,131.80193,2.196,4.83E+01,0.39,8.5,4891,0.571,14.028
FALSE POSITIVE,1.072934147,132.293066,4.50475,9.69E+04,81.42,949,7031,1.523,13.96
FALSE POSITIVE,2.61854596,133.9991,4.866,1.97E+01,1.18,8.1,5657,2.682,13.133
FALSE POSITIVE,13.66780903,134.6559996,2.7993,1.28E+02,0.91,2.6,5796,0.807,14.812
CANDIDATE,254.336707,200.5875,8.585,3.98E+02,13.97,11.3,5193,6.502,13.625
FALSE POSITIVE,1.105123883,132.51976,3.001,6.67E+01,0.83,20.7,5883,0.959,14.512
FALSE POSITIVE,381.85852,458.813,16.121,3.63E+02,8.3,16,4959,4.486,12.883
FALSE POSITIVE,455.7707644,338.7923743,5.1149,3.41E+02,5.34,11.6,6785,2.623,12.389
FALSE POSITIVE,212.760495,254.4527,3.703,1.96E+02,2.8,9.2,7021,1.976,12.946
FALSE POSITIVE,73.836858,174.0088,19.722,2.31E+02,25.09,13.1,4769,14.706,10.996
FALSE POSITIVE,160.243128,162.4736,5.393,5.56E+02,15.72,10.2,5128,6.775,14.859
FALSE POSITIVE,402.41511,512.3896,5.156,7.81E+02,2.52,9.5,6251,0.889,12.987
FALSE POSITIVE,369.28177,233.4368,26.96,1.02E+03,34.25,13,5900,0.951,15.478
FALSE POSITIVE,462.463589,583.10723,5.007,1.02E+03,8.92,13.2,5059,2.799,13.993
CANDIDATE,490.63941,561.5837,16.5,2.69E+02,7.67,9.6,5037,4.817,13.227
CANDIDATE,331.55459,237.2754,5.35,2.89E+02,1.36,6.7,5762,0.801,14.066
FALSE POSITIVE,0.939375593,132.016859,2.8424,1.01E+05,52.18,317.3,5826,0.978,14.904
FALSE POSITIVE,31.1911468,142.5078,7.003,2.28E+02,9.36,11.4,4785,6.443,13.729
FALSE POSITIVE,30.9587224,263.3166,4.411,3.42E+02,2.34,13.1,6525,1.161,14.75
CANDIDATE,425.64971,284.3479,11.07,1.71E+02,1.58,7.6,6067,1.195,13.855
CANDIDATE,395.13138,162.7395,21.291,1.26E+02,0.97,14.4,5060,0.869,12.642
CANDIDATE,0.770658979,131.83206,1.401,8.35E+01,0.68,11.7,5058,0.739,15.132
CANDIDATE,4.6318914,133.7073,3.88,5.09E+01,0.64,9.2,5926,0.887,14.272
CANDIDATE,362.13187,369.541,5.59,8.49E+02,2.23,8.2,5176,0.766,15.313
FALSE POSITIVE,9.1447861,139.2816,5.422,2.69E+02,1.63,14.9,5849,0.919,15.884
CANDIDATE,29.4856392,151.8669,4.27,1.05E+02,1.46,9.3,6870,1.407,13.783
FALSE POSITIVE,0.786483923,131.84261,7.035,2.33E+02,21.66,104.2,6315,1.282,13.504
CANDIDATE,3.65034525,133.63577,1.527,2.53E+02,0.72,6,3704,0.45,15.519
FALSE POSITIVE,0.9438885,132.2865,2.592,3.58E+01,1.45,8.3,6947,2.297,12.521
CANDIDATE,43.9438891,144.143,5.26,1.55E+02,1.12,9.7,6008,0.875,14.685
FALSE POSITIVE,40.244826,161.3679,4.303,1.93E+02,115.94,16.8,3674,89.878,12.314
FALSE POSITIVE,135.428746,168.5064,7.394,3.81E+02,1.83,7.9,5849,0.919,15.445
FALSE POSITIVE,380.03903,387.6494,18.5,7.89E+02,2.36,13.2,5477,0.818,15.198
FALSE POSITIVE,380.294204,355.6712,12.351,7.31E+02,2.27,15,5518,0.822,14.945
FALSE POSITIVE,373.74691,259.9281,28.37,6.22E+02,2.65,16.2,6131,0.945,15.193
FALSE POSITIVE,315.81065,172.543,23.66,5.42E+02,1.82,11.6,4875,0.81,15.374
FALSE POSITIVE,16.9341628,145.9902,3.94,2.08E+02,1.71,7.2,6321,1.125,15.934
FALSE POSITIVE,527.68601,176.6176,4.817,6.02E+02,2,6.8,5657,0.824,15.031
FALSE POSITIVE,267.911652,160.2278,4.124,6.95E+02,2.38,7.7,5291,0.926,15.204
CANDIDATE,309.191789,326.2209,11.392,1.23E+02,1.96,10.5,6299,1.754,12.746
FALSE POSITIVE,99.299502,138.7153,3.631,4.09E+02,5.4,6.6,6832,2.578,13.293
FALSE POSITIVE,371.47786,341.9634,12.3,2.65E+02,1.2,8.6,5162,0.754,14.603
FALSE POSITIVE,1.99638423,131.5598,2.4,2.94E+01,0.59,6.2,6249,1.076,14.099
CANDIDATE,400.11482,316.2642,12.37,1.13E+02,0.95,6.7,5547,0.911,13.521
FALSE POSITIVE,29.3657204,135.07289,8.7303,7.49E+04,51.33,808.9,6167,1.195,14.053
FALSE POSITIVE,1.035329922,132.3319,3.8022,9.93E+02,105.66,178,7030,3.512,13.632
CANDIDATE,1.12625975,132.296346,3.62,,,,,,15.375
FALSE POSITIVE,3.04463691,132.4477,6.656,4.70E+01,0.68,10.4,6181,0.98,14.886
CANDIDATE,377.67241,221.098,15.82,5.15E+02,1.37,10.2,5031,0.615,15.18
CANDIDATE,242.0367,181.746,11.01,3.33E+02,2.11,8.9,6086,1.116,15.055
CANDIDATE,502.25648,162.5842,14.84,1.53E+02,1.03,8.1,5637,0.833,13.339
FALSE POSITIVE,7.508818,138.655,6.5,7.01E+01,1.02,7.4,6293,1.213,11.878
FALSE POSITIVE,383.937324,299.28884,2.884,6.28E+02,7.9,10.8,5216,3.207,13.588
CANDIDATE,10.7781558,134.7939,3.005,1.21E+02,1.24,7.9,6386,1.123,15.267
FALSE POSITIVE,0.619618218,131.7585541,1.2517,5.03E+01,3.34,4.4,5180,4.717,13.705
FALSE POSITIVE,4.17363793,134.20036,2.738,4.97E+01,2.52,10.5,6619,3.41,12.754
CANDIDATE,384.37706,309.208,15.139,1.20E+03,50.93,22.6,4859,12.023,12.656
CANDIDATE,302.34971,418.9534,4.978,6.22E+02,1.98,8,4829,0.794,15.222
FALSE POSITIVE,244.58323,159.3552,12.822,4.08E+02,2.33,7.1,6321,1.125,15.934
FALSE POSITIVE,185.83013,295.002,10.14,7.26E+01,1.01,8.1,6137,1.187,12.218
FALSE POSITIVE,363.346158,175.9438,4.911,8.96E+02,22.36,10.7,4994,7.619,13.971
FALSE POSITIVE,303.91225,277.1238,15.37,4.80E+02,1.97,12.4,5412,0.887,15.264
FALSE POSITIVE,536.52197,379.6146,4.458,2.94E+02,3,9.7,5335,1.794,12.101
FALSE POSITIVE,350.514,210.8168,19.53,2.14E+02,2.22,12,6382,1.5,13.954
FALSE POSITIVE,431.51734,391.69732,16.42,5.33E+03,10.28,206.2,6221,1.312,13.922
FALSE POSITIVE,0.638697833,131.7556646,5.1609,1.41E+05,162.15,206.3,6424,1.18,14.068
FALSE POSITIVE,539.214259,439.5039,3.464,3.01E+02,2.04,7.8,6469,1.171,13.803
FALSE POSITIVE,343.56446,203.9865,18.94,1.80E+02,1.8,8.4,5770,1.326,14.217
CANDIDATE,9.4609418,138.7888,4.888,4.75E+01,0.54,7.9,5485,0.788,13.413
FALSE POSITIVE,54.432903,154.9178,3.554,3.08E+02,1.41,7.7,5119,0.827,15.393
CANDIDATE,402.27493,369.6734,15.67,2.95E+02,1.73,11.1,6299,0.95,14.619
FALSE POSITIVE,235.20613,291.0893,6.989,6.42E+02,1.71,6.8,5205,0.679,15.917
FALSE POSITIVE,20.004714,139.0639,2.952,1.16E+02,0.89,6.7,5299,0.848,14.437
CANDIDATE,22.6432436,153.44607,0.806,5.50E+02,2.12,8.2,5880,0.891,15.581
FALSE POSITIVE,350.65158,208.7904,7.976,2.48E+02,1.31,8.2,5882,0.833,14.375
FALSE POSITIVE,4.18587282,132.41733,1.998,9.94E+01,0.89,9.3,5455,0.909,14.525
CANDIDATE,275.5603,237.0977,15.09,8.94E+01,2.33,11.5,5989,2.467,11.663
FALSE POSITIVE,2.178142613,132.03328,0.906,1.73E+02,1.22,16.1,6290,0.898,14.652
CANDIDATE,188.881049,280.06822,1.49,3.26E+02,1.86,12.9,6077,0.999,12.85
CANDIDATE,379.67276,445.9701,9.662,2.54E+02,1.33,7.9,6156,0.824,14.44
FALSE POSITIVE,391.420272,470.44301,3.84,2.37E+02,1.61,10.3,6032,0.949,12.879
CANDIDATE,278.38935,299.537,10.43,2.63E+02,6.81,11.2,4951,4.342,12.795
FALSE POSITIVE,185.243906,177.2769,3.276,3.84E+02,2.38,7.9,6218,1.131,14.652
CANDIDATE,7.8687123,133.2612,3.739,8.91E+01,1.73,9.1,6738,1.692,13.41
CANDIDATE,9.9105786,135.9226,5.945,9.95E+01,1.19,9.2,6214,1.076,14.863
CANDIDATE,43.9088053,169.335,6.265,2.98E+02,7.33,13.7,5216,4.303,13.589
FALSE POSITIVE,261.684363,247.3986,3.892,8.17E+02,1.46,8.3,4393,0.526,14.864
FALSE POSITIVE,0.808106001,131.69026,3.9174,7.68E+03,39.59,73.3,6014,0.958,15.94
FALSE POSITIVE,391.33068,186.7266,12.37,2.77E+02,1.68,10.3,6428,0.977,14.056
FALSE POSITIVE,320.5679455,279.6247569,15.3614,8.99E+02,2.43,7.5,5546,0.81,15.916
CANDIDATE,364.98242,188.6133,12.346,5.33E+02,3.12,13.1,6429,1.116,14.324
CANDIDATE,0.58730021,132.3502325,0.82,,,,,,14.01
FALSE POSITIVE,116.025744,206.39348,3.539,1.36E+03,37.99,18.5,4575,10.788,12.184
FALSE POSITIVE,85.9770426,159.3127,1.919,1.06E+03,1.46,8,3710,0.452,15.901
FALSE POSITIVE,370.94353,261.1772,16.64,1.07E+03,27.77,14.6,5755,0.776,15.048
CANDIDATE,280.55544,308.0323,12.757,4.01E+02,2.17,9.3,6292,1.078,15.16
FALSE POSITIVE,30.6261927,157.94613,1.107,1.63E+02,1.55,6.6,5860,1.197,13.891
FALSE POSITIVE,364.42189,303.9267,38.14,2.50E+03,36.37,28.5,6047,1.002,15.975
FALSE POSITIVE,440.584562,564.12806,10.534,6.59E+01,1.67,16.1,9935,1.996,9.397
FALSE POSITIVE,269.331027,232.6164,4.891,5.16E+02,2.54,7.9,6129,1.055,15.394
FALSE POSITIVE,25.3428696,132.6844,1.51,2.31E+02,1.85,7.5,6311,1.172,15
FALSE POSITIVE,0.66234265,131.714,1.049,2.36E+03,5.13,12.4,5780,1,17.332
FALSE POSITIVE,0.536654028,131.70663,2.783,4.10E+01,0.67,21.8,5887,1.001,13.805
FALSE POSITIVE,1.08908149,132.0192,2.262,1.31E+02,0.69,9.9,4327,0.614,15.597
FALSE POSITIVE,77.97621155,175.35495,2,,,,,,14.703
FALSE POSITIVE,0.609668222,131.934,2.836,2.88E+02,1.35,15.7,5296,0.815,16.678
FALSE POSITIVE,3.55650403,133.5416,6.862,1.32E+02,0.56,11.8,3745,0.427,15.802
CANDIDATE,4.40660737,133.35561,2.107,7.07E+01,0.86,8.1,6063,1.001,14.689
FALSE POSITIVE,0.527673051,131.82042,1.631,2.83E+01,1.43,13.5,6762,2.637,13.699
FALSE POSITIVE,117.140785,245.0828,3.401,3.37E+02,15.87,8.5,5282,8.243,13.015
FALSE POSITIVE,0.590281548,131.69127,2.72,2.16E+01,0.68,20.6,6124,1.315,12.174
FALSE POSITIVE,4.5647147,133.0763,13.395,9.93E+01,1.04,18,5953,0.99,14.095
FALSE POSITIVE,372.086704,404.89901,3.686,2.49E+03,38.4,18,6289,1.093,15.279
FALSE POSITIVE,363.448167,411.19336,6.013,2.12E+03,37.03,19.4,6289,1.093,15.279
FALSE POSITIVE,348.68162,343.821,10.959,3.09E+02,2.09,11.9,6450,1.155,13.971
CANDIDATE,353.01861,350.0863,15.583,3.75E+02,2.25,14.9,6450,1.155,13.971
FALSE POSITIVE,345.128277,218.662,15.925,3.24E+02,1.94,11.4,6214,1.076,14.495
FALSE POSITIVE,370.38642,263.3823,23.94,1.86E+02,2.12,13.9,6179,1.555,13.732
FALSE POSITIVE,267.970682,267.9789,11.48,3.58E+02,1.7,10.4,6008,0.897,14.077
CANDIDATE,370.98253,308.2287,17.84,5.52E+02,119.96,15.7,6028,1.63,13.936
FALSE POSITIVE,417.829033,138.8786,15.05,5.01E+02,2.19,8.9,6018,0.975,15.499
FALSE POSITIVE,368.5224,177.454,36.29,1.33E+03,26.7,22.7,6063,0.941,15.564
FALSE POSITIVE,371.4589776,309.8187992,10.0734,4.57E+02,2.22,10.8,6388,1.033,14.28
CANDIDATE,338.00692,262.4,16.745,5.44E+02,2.09,15.3,5741,0.898,15.023
FALSE POSITIVE,34.9989085,160.32308,1.764,4.27E+02,1.65,7.5,4559,0.648,15.326
CANDIDATE,432.42787,361.4078,19.63,1.10E+02,1.14,6,6263,1.009,13.814
FALSE POSITIVE,386.78734,354.9326,15.51,7.44E+02,2.34,10.3,5425,0.847,15.876
FALSE POSITIVE,449.557346,142.8226,17.227,1.19E+03,55.33,28.4,5323,15.075,13.81
CANDIDATE,1.001916708,132.47033,1.256,7.09E+01,0.62,8.3,5521,0.734,14.985
FALSE POSITIVE,2.21568076,132.26619,1.515,4.36E+01,0.57,6.9,5349,0.836,13.805
CANDIDATE,0.862329309,132.16214,1.044,1.41E+02,1.09,10.8,5806,0.899,15.769
FALSE POSITIVE,3.850304552,132.1063696,1.5337,1.58E+02,0.28,5.3,3274,0.224,15.61
CANDIDATE,432.96905,186.7367,20.76,2.58E+02,1.43,8.1,5580,0.886,14.942
CANDIDATE,372.15035,453.6928,21.23,4.57E+02,1.74,12.3,5769,0.812,15.138
FALSE POSITIVE,1.07383154,132.0326,4.846,3.14E+04,137.54,137.3,8059,2.859,14.902
FALSE POSITIVE,0.719741,131.898,2.628,3.22E+01,0.57,6.5,6014,0.993,8.777
CANDIDATE,405.35457,311.8,10.778,5.46E+02,2.11,10.2,5650,0.906,15.328
FALSE POSITIVE,1.47623061,131.603,2.032,3.91E+01,0.71,9.7,6325,1.112,14.063
FALSE POSITIVE,0.520227316,131.83796,1.7939,6.86E+04,50.41,122.3,5780,1,19.174
FALSE POSITIVE,36.3192885,155.94476,2.601,4.00E+02,25.43,8.6,5008,12.39,13.56
FALSE POSITIVE,1.901655058,132.83364,4.6545,8.73E+04,89.89,190.6,6929,1.704,15.064
CANDIDATE,9.4640413,138.45,6.999,2.10E+02,1.28,9.4,5968,0.881,15.807
FALSE POSITIVE,331.92622,289.5792,10.84,8.09E+02,2.25,8.7,5652,0.798,15.986
FALSE POSITIVE,346.31688,247.1069,21.92,1.44E+03,5.21,17,6060,1.068,15.386
FALSE POSITIVE,365.61087,185.4567,16.102,1.12E+03,4.42,12.3,6060,1.068,15.386
FALSE POSITIVE,259.85736,291.1798,24.04,3.08E+02,1.33,14.2,5374,0.744,14.458
FALSE POSITIVE,5.29731736,135.5479,3.341,1.68E+02,1.13,8.7,5815,0.877,15.654
FALSE POSITIVE,447.97028,559.6455,10.857,5.13E+02,2,9.2,5911,0.887,15.152
FALSE POSITIVE,374.80095,457.3021,10.691,1.44E+02,1.53,11.4,5804,1.234,12.283
CANDIDATE,389.875816,273.6498,3.336,2.13E+03,3.76,8.9,5289,0.79,15.953
CANDIDATE,385.858683,343.64827,12.071,5.48E+02,3.23,21.2,6551,1.195,13.993
CANDIDATE,0.757261281,131.62154,0.905,3.65E+01,0.58,10.2,5651,0.953,14.024
FALSE POSITIVE,172.280975,216.0303,12.24,3.14E+02,1.6,10.2,5659,0.869,15.112
CANDIDATE,367.0896,178.6744,28.02,2.09E+03,35.3,27.7,6268,1.1,15.267
CANDIDATE,66.67305,161.59,6.381,4.72E+02,2.64,9.6,6592,1.19,14.634
FALSE POSITIVE,244.547128,133.3618,3.59,5.87E+02,1.74,6.4,5094,0.736,15.492
FALSE POSITIVE,1.27228771,132.49945,2.099,8.29E+01,0.63,9.5,5044,0.686,15.457
FALSE POSITIVE,1.886002102,131.74153,1.021,4.74E+01,0.65,7.6,5793,0.925,14.007
FALSE POSITIVE,386.35444,359.0914,9.594,1.30E+02,1.43,10.9,6165,1.177,12.458
FALSE POSITIVE,371.21454,497.5266,19.4,1.78E+03,28.21,14.4,5189,0.85,15.713
FALSE POSITIVE,365.5435,132.6904,14.78,7.53E+02,3.04,13.4,6306,1.076,15.397
FALSE POSITIVE,7.02932339,134.66434,2.853,8.16E+01,0.92,8.7,5977,1.022,14.27
FALSE POSITIVE,19.229478,132.5889,4.68,1.16E+02,1.97,8.1,6654,1.712,14.429
FALSE POSITIVE,38.35312,167.6337,2.9,3.09E+03,5.57,8.6,5979,1.004,15.457
FALSE POSITIVE,114.661733,237.2307,2.784,2.82E+02,1.38,7.3,5412,0.712,14.077
FALSE POSITIVE,313.19875,340.9372,8.603,7.21E+02,1.95,9.6,5254,0.73,15.693
FALSE POSITIVE,134.370692,249.3136,8.73,4.33E+02,1.95,8.1,5910,0.94,15.541
FALSE POSITIVE,2.52123022,132.8709,4.739,1.46E+02,9.68,8.9,3932,0.52,15.521
FALSE POSITIVE,47.4314857,174.6547,4.511,1.73E+02,8.83,10.3,5166,6.891,11.765
FALSE POSITIVE,6.0962602,134.9875,10.4,3.04E+01,0.62,10,6108,1.03,13.723
FALSE POSITIVE,472.6038,515.577,12.15,6.72E+02,2.28,7.7,5764,0.863,15.975
FALSE POSITIVE,371.51852,317.6836,30.94,2.63E+02,2.28,17,6227,1.089,13.731
FALSE POSITIVE,323.66542,204.2147,20.37,1.18E+03,1.58,9.1,3737,0.466,15.466
CANDIDATE,295.06066,314.2081,16.18,7.22E+01,0.64,10.4,5332,0.762,11.922
FALSE POSITIVE,367.01607,181.8404,15.48,7.39E+02,2.46,11.2,5931,0.863,15.168
FALSE POSITIVE,568.08251,254.65449,13.608,5.08E+02,2.14,18.1,5359,0.95,12.933
FALSE POSITIVE,3.0447752,132.3975,7.35,7.49E+01,0.68,8.6,5390,0.78,15.964
FALSE POSITIVE,456.55308,527.3529,4.435,1.16E+02,1.48,7.3,5678,1.298,11.858
FALSE POSITIVE,209.941369,268.5679,2.97,4.77E+02,14.36,10.2,5125,6.69,13.066
FALSE POSITIVE,49.763624,135.0312,2.749,4.12E+02,2.43,6.8,6477,1.187,14.867
FALSE POSITIVE,320.347208,406.2309,7.159,2.63E+02,1.58,8.8,6146,0.943,13.996
CANDIDATE,191.03728,153.9107,3.595,1.61E+03,3.54,7,5440,0.901,16.652
FALSE POSITIVE,358.74318,150.554,19.76,7.61E+02,2.25,15.9,5482,0.826,14.806
FALSE POSITIVE,0.660663034,131.68417,2.81,1.34E+02,1.32,23.3,6353,1.134,14.784
FALSE POSITIVE,14.3400358,140.9329,5.7,1.71E+03,0.68,8,3358,0.174,18.013
FALSE POSITIVE,0.505079006,131.930776,1.36737,2.81E+04,86.41,665.5,5398,1.843,15.992
FALSE POSITIVE,7.19680984,136.63955,1.683,5.05E+01,1.2,10,6325,1.676,13.118
FALSE POSITIVE,1.33257715,132.0367,5.158,2.71E+01,0.44,15.5,5852,0.837,13.454
FALSE POSITIVE,1.33254428,132.06788,3.122,1.62E+02,0.93,18.1,5460,0.734,15.84
FALSE POSITIVE,424.623345,218.25955,9.666,5.13E+03,8.13,60.2,6339,1.017,15.513
FALSE POSITIVE,1.456383399,132.71661,11.838,2.12E+02,52.87,94,6184,2.646,13.401
CANDIDATE,71.10684,176.7154,6.933,1.28E+02,1.42,10.5,6339,1.224,13.74
CANDIDATE,77.177672,146.9243,2.312,3.19E+02,1.29,8,4840,0.749,14.427
CANDIDATE,0.805941833,132.127874,1.4432,3.18E+03,29.85,55.4,5022,0.672,14.169
FALSE POSITIVE,0.608074963,131.66689,0.879,1.18E+02,1.15,10.8,6309,1.044,15.326
FALSE POSITIVE,0.559643825,131.517134,0.677,1.81E+03,27.21,130.7,5240,0.774,15.36
FALSE POSITIVE,0.502446098,131.9359,1.803,1.14E+01,0.43,10.1,6306,1.197,12.54
CANDIDATE,8.2766028,131.7601,4.834,7.31E+01,2.48,10,6787,2.753,12.43
FALSE POSITIVE,256.45616,141.7586,35.35,1.73E+04,9.44,14.4,4070,0.646,15.745
FALSE POSITIVE,138.629025,235.3730333,4.93,,,,,,10.555
CANDIDATE,185.97534,299.6938,8.744,5.45E+01,2.76,2.6,7365,3.638,10.554
FALSE POSITIVE,388.519605,352.2898,10.613,1.51E+02,2.3,15.1,6164,1.825,11.543
FALSE POSITIVE,60.049737,158.5226,20.17,1.67E+04,28.92,17.5,4538,0.663,16.675
CANDIDATE,5.8877038,135.03738,4.009,3.97E+01,0.6,9.3,6065,0.947,13.811
FALSE POSITIVE,237.26601,315.9446,8.74,1.50E+02,1.23,8.6,5786,1.007,11.594
FALSE POSITIVE,0.93371211,131.5372,4.76,1.26E+02,0.75,14.3,4604,0.696,15.393
FALSE POSITIVE,461.13781,187.0978,12.91,4.08E+02,1.26,7.4,4988,0.636,15.69
FALSE POSITIVE,0.93376089,132.4263,3.027,2.73E+01,0.57,9.7,6292,1.078,14.388
FALSE POSITIVE,367.761848,194.7697,4.891,4.28E+02,20.06,9.8,5348,9.888,10.736
FALSE POSITIVE,378.65484,288.2584,11.3,2.48E+02,1.53,6.8,6000,0.97,14.872
FALSE POSITIVE,384.356448,298.90354,3.872,7.16E+02,3.03,13.2,5903,0.994,14.391
FALSE POSITIVE,1.75647084,132.02757,2.538,6.95E+01,0.69,10.9,5813,0.833,14.723
CANDIDATE,1.98514635,132.02682,1.625,2.33E+02,1.28,11,5581,0.845,15.988
FALSE POSITIVE,1.33259003,132.0133,3.962,1.19E+01,0.69,7.4,8133,1.935,10.886
FALSE POSITIVE,1.33254024,132.0784,3.16,3.58E+01,0.59,12.1,6071,0.887,14.282
CANDIDATE,1.33199285,132.6475215,4.33,,,,,,15.024
FALSE POSITIVE,1.33255492,132.048,3.63,6.66E+01,0.92,10.1,6310,1.095,15.27
FALSE POSITIVE,1.33259095,132.0329,4.947,1.06E+02,1.14,13.6,6184,1.038,15.98
CANDIDATE,5.82561701,136.0369,3.246,1.43E+02,1.21,9.2,5999,0.967,15.449
FALSE POSITIVE,234.524445,346.4227,3.9,8.76E+02,2.33,6.8,4987,0.727,15.8
FALSE POSITIVE,317.74527,205.9582,17.54,2.07E+02,2.1,13.6,6050,1.333,13.385
CANDIDATE,419.2615,187.5475,21.53,2.88E+02,1.7,10.1,5979,0.975,14.547
FALSE POSITIVE,18.384953,133.39,5.92,9.29E+01,1.36,6,6335,1.401,11.871
FALSE POSITIVE,1.085965104,132.006611,10.716,1.06E+04,29.66,675.9,15896,2.404,15.799
FALSE POSITIVE,308.185801,306.2132,3.689,7.09E+02,2.12,9.5,5380,0.813,14.664
CANDIDATE,141.400279,208.22014,3.031,7.90E+02,41.55,12.9,4936,14.907,12.783
FALSE POSITIVE,398.71694,481.1929,21.6,8.94E+02,21.25,13.7,5303,0.771,14.966
FALSE POSITIVE,241.8591,248.7902,12.77,6.59E+02,2.81,9.7,5790,1.088,13.243
FALSE POSITIVE,353.04037,258.7443,14.102,2.40E+02,1.04,11.2,5061,0.668,13.859
FALSE POSITIVE,522.33888,344.6934,13.53,4.24E+02,5.65,12,5103,2.816,13.902
FALSE POSITIVE,473.56314,222.9281,5.087,3.27E+02,5.39,8.7,7056,2.937,13.065
FALSE POSITIVE,1.332565736,132.049815,6.0828,2.32E+03,33.69,301.7,6014,0.958,15.625
FALSE POSITIVE,385.39743,340.6913,21.69,1.32E+02,1.59,10.9,5676,1.336,13.114
FALSE POSITIVE,272.5428809,349.7527344,3.0246,8.07E+02,2.35,5.7,5677,0.828,15.111
CANDIDATE,229.957537,326.0184,7.59,4.00E+02,43.78,10.2,6419,2.057,10.505
FALSE POSITIVE,0.9439372,131.8207372,7.27446,2.79E+05,88.91,6351.7,5959,1.365,13.726
CANDIDATE,7.2681817,135.9348,4.985,4.67E+01,1.66,9.7,6297,2.219,13.729
FALSE POSITIVE,1.075158342,131.7092,1.295,3.02E+01,20.09,8,4067,38.446,12.032
FALSE POSITIVE,1.33255801,132.0631,4.74,4.87E+01,0.62,8.7,5161,0.892,15.305
FALSE POSITIVE,1.33250451,132.1018,4.143,2.74E+01,0.62,11.6,6600,1.157,13.793
CANDIDATE,376.37989,486.6022,13.99,1.14E+03,3.26,13.3,6231,0.955,15.632
FALSE POSITIVE,453.64875,296.6153,18.34,5.23E+02,2.18,9,6060,0.925,15.677
FALSE POSITIVE,0.594274521,131.839508,2.162,4.69E+03,8.7,83.9,6321,1.125,15.676
FALSE POSITIVE,239.179477,188.47092,2.93,7.51E+02,18.27,12.1,4915,6.877,13.265
FALSE POSITIVE,405.65377,266.3288,11.02,5.21E+02,2.03,7.7,6102,0.887,15.24
FALSE POSITIVE,73.992267,143.4283,5.692,2.26E+02,2.86,7.9,5271,1.895,13.791
FALSE POSITIVE,361.901618,405.3021,4.984,1.84E+02,0.95,8.5,5053,0.717,12.673
FALSE POSITIVE,508.04103,361.7222,5.398,3.72E+02,1.89,9.9,5672,0.965,13.942
FALSE POSITIVE,309.933134,141.9846,7.165,1.76E+02,1.8,8.3,6299,1.262,13.147
FALSE POSITIVE,266.977677,240.84342,8.59,3.90E+02,7.86,16,6619,3.41,13.357
CANDIDATE,367.947848,416.20998,4.249,1.30E+03,3.72,10.7,5570,0.855,15.719
FALSE POSITIVE,236.2577689,153.9570927,3.3549,1.68E+02,2.69,5.3,6645,2.054,12.885
FALSE POSITIVE,330.80879,281.1568,21.669,2.75E+02,2.13,24.4,6158,1.066,11.976
FALSE POSITIVE,522.64613,190.3389,17.77,6.48E+02,0.8,10.5,3439,0.318,15.279
FALSE POSITIVE,392.94247,383.673,11.055,1.20E+02,1.6,10,6596,1.44,12.152
FALSE POSITIVE,373.89398,261.4968,27.66,7.30E+02,2.51,18.5,5263,0.699,14.911
FALSE POSITIVE,8.5898708,132.0161,4.806,8.77E+01,1.11,8.4,5638,1.088,14.478
FALSE POSITIVE,0.527698548,131.705093,3.2221,1.58E+03,29.35,453.3,5638,0.903,14.082
CANDIDATE,1.73984941,133.00127,3.114,4.85E+01,0.72,10.6,6119,1.031,14.757
FALSE POSITIVE,0.681401611,132.18175,0.865,1.04E+02,1.07,12.3,6173,1.041,15.385
CANDIDATE,333.486169,153.61501,3.199,6.39E+02,19.3,14,4989,7.824,10.998
FALSE POSITIVE,4.85603482,135.9933,3.078,7.67E+01,1.05,8.2,6469,1.193,14.826
